debug Using @react-naive-community/cli-tools' logger
info A dev server is already running for this project on port 8081.
info Found Xcode workspace "UnderOneRoof.xcworkspace"
info Found booted iPhone 16 Pro
info Building (using "xcodebuild -workspace UnderOneRoof.xcworkspace -configuration Debug -scheme UnderOneRoof -destination id=F2E985D8-D147-4467-820F-8CB451FE785D")
debug Command line invocation:
    /Applications/Xcode.app/Contents/Developer/usr/bin/xcodebuild -workspace UnderOneRoof.xcworkspace -configuration Debug -scheme UnderOneRoof -destination id=F2E985D8-D147-4467-820F-8CB451FE785D


debug ComputePackagePrebuildTargetDependencyGraph

debug 

debug Prepare packages

debug 

debug CreateBuildRequest

debug 
SendProjectDescription

debug 
CreateBuildOperation

debug 

debug ComputeTargetDependencyGraph

debug note: Building targets in dependency order

debug note: Target dependency graph (120 targets)
    Target 'UnderOneRoof' in project 'UnderOneRoof'
        ➜ Implicit dependency on target 'Pods-UnderOneRoof' in project 'Pods' via file 'libPods-UnderOneRoof.a' in build phase 'Link Binary'
        ➜ Implicit dependency on target 'BEMCheckBox' in project 'Pods' via options '-lBEMCheckBox' in build setting 'OTHER_LDFLAGS'
        ➜ Implicit dependency on target 'BVLinearGradient' in project 'Pods' via options '-lBVLinearGradient' in build setting 'OTHER_LDFLAGS'
        ➜ Implicit dependency on target 'DoubleConversion' in project 'Pods' via options '-lDoubleConversion' in build setting 'OTHER_LDFLAGS'
        ➜ Implicit dependency on target 'EASClient' in project 'Pods' via options '-lEASClient' in build setting 'OTHER_LDFLAGS'
        ➜ Implicit dependency on target 'EXApplication' in project 'Pods' via options '-lEXApplication' in build setting 'OTHER_LDFLAGS'
        ➜ Implicit dependency on target 'EXConstants' in project 'Pods' via options '-lEXConstants' in build setting 'OTHER_LDFLAGS'
        ➜ Implicit dependency on target 'EXImageLoader' in project 'Pods' via options '-lEXImageLoader' in build setting 'OTHER_LDFLAGS'
        ➜ Implicit dependency on target 'EXJSONUtils' in project 'Pods' via options '-lEXJSONUtils' in build setting 'OTHER_LDFLAGS'
        ➜ Implicit dependency on target 'EXManifests' in project 'Pods' via options '-lEXManifests' in build setting 'OTHER_LDFLAGS'
        ➜ Implicit dependency on target 'EXNotifications' in project 'Pods' via options '-lEXNotifications' in build setting 'OTHER_LDFLAGS'
        ➜ Implicit dependency on target 'EXStructuredHeaders' in project 'Pods' via options '-lEXStructuredHeaders' in build setting 'OTHER_LDFLAGS'
        ➜ Implicit dependency on target 'EXUpdates' in project 'Pods' via options '-lEXUpdates' in build setting 'OTHER_LDFLAGS'
        ➜ Implicit dependency on target 'EXUpdatesInterface' in project 'Pods' via options '-lEXUpdatesInterface' in build setting 'OTHER_LDFLAGS'
        ➜ Implicit dependency on target 'Expo' in project 'Pods' via options '-lExpo' in build setting 'OTHER_LDFLAGS'
        ➜ Implicit dependency on target 'ExpoAsset' in project 'Pods' via options '-lExpoAsset' in build setting 'OTHER_LDFLAGS'
        ➜ Implicit dependency on target 'ExpoClipboard' in project 'Pods' via options '-lExpoClipboard' in build setting 'OTHER_LDFLAGS'
        ➜ Implicit dependency on target 'ExpoDevice' in project 'Pods' via options '-lExpoDevice' in build setting 'OTHER_LDFLAGS'
        ➜ Implicit dependency on target 'ExpoDocumentPicker' in project 'Pods' via options '-lExpoDocumentPicker' in build setting 'OTHER_LDFLAGS'
        ➜ Implicit dependency on target 'ExpoFileSystem' in project 'Pods' via options '-lExpoFileSystem' in build setting 'OTHER_LDFLAGS'
        ➜ Implicit dependency on target 'ExpoFont' in project 'Pods' via options '-lExpoFont' in build setting 'OTHER_LDFLAGS'
        ➜ Implicit dependency on target 'ExpoImagePicker' in project 'Pods' via options '-lExpoImagePicker' in build setting 'OTHER_LDFLAGS'
        ➜ Implicit dependency on target 'ExpoKeepAwake' in project 'Pods' via options '-lExpoKeepAwake' in build setting 'OTHER_LDFLAGS'
        ➜ Implicit dependency on target 'ExpoLinearGradient' in project 'Pods' via options '-lExpoLinearGradient' in build setting 'OTHER_LDFLAGS'
        ➜ Implicit dependency on target 'ExpoModulesCore' in project 'Pods' via options '-lExpoModulesCore' in build setting 'OTHER_LDFLAGS'
        ➜ Implicit dependency on target 'ExpoPrint' in project 'Pods' via options '-lExpoPrint' in build setting 'OTHER_LDFLAGS'
        ➜ Implicit dependency on target 'ExpoSharing' in project 'Pods' via options '-lExpoSharing' in build setting 'OTHER_LDFLAGS'
        ➜ Implicit dependency on target 'RCT-Folly' in project 'Pods' via options '-lRCT-Folly' in build setting 'OTHER_LDFLAGS'
        ➜ Implicit dependency on target 'RCTDeprecation' in project 'Pods' via options '-lRCTDeprecation' in build setting 'OTHER_LDFLAGS'
        ➜ Implicit dependency on target 'RCTTypeSafety' in project 'Pods' via options '-lRCTTypeSafety' in build setting 'OTHER_LDFLAGS'
        ➜ Implicit dependency on target 'RNCAsyncStorage' in project 'Pods' via options '-lRNCAsyncStorage' in build setting 'OTHER_LDFLAGS'
        ➜ Implicit dependency on target 'RNCCheckbox' in project 'Pods' via options '-lRNCCheckbox' in build setting 'OTHER_LDFLAGS'
        ➜ Implicit dependency on target 'RNCPicker' in project 'Pods' via options '-lRNCPicker' in build setting 'OTHER_LDFLAGS'
        ➜ Implicit dependency on target 'RNDateTimePicker' in project 'Pods' via options '-lRNDateTimePicker' in build setting 'OTHER_LDFLAGS'
        ➜ Implicit dependency on target 'RNGestureHandler' in project 'Pods' via options '-lRNGestureHandler' in build setting 'OTHER_LDFLAGS'
        ➜ Implicit dependency on target 'RNReanimated' in project 'Pods' via options '-lRNReanimated' in build setting 'OTHER_LDFLAGS'
        ➜ Implicit dependency on target 'RNScreens' in project 'Pods' via options '-lRNScreens' in build setting 'OTHER_LDFLAGS'
        ➜ Implicit dependency on target 'RNVectorIcons' in project 'Pods' via options '-lRNVectorIcons' in build setting 'OTHER_LDFLAGS'
        ➜ Implicit dependency on target 'ReachabilitySwift' in project 'Pods' via options '-lReachabilitySwift' in build setting 'OTHER_LDFLAGS'
        ➜ Implicit dependency on target 'React-Core' in project 'Pods' via options '-lReact-Core' in build setting 'OTHER_LDFLAGS'
        ➜ Implicit dependency on target 'React-CoreModules' in project 'Pods' via options '-lReact-CoreModules' in build setting 'OTHER_LDFLAGS'
        ➜ Implicit dependency on target 'React-Fabric' in project 'Pods' via options '-lReact-Fabric' in build setting 'OTHER_LDFLAGS'
        ➜ Implicit dependency on target 'React-FabricComponents' in project 'Pods' via options '-lReact-FabricComponents' in build setting 'OTHER_LDFLAGS'
        ➜ Implicit dependency on target 'React-FabricImage' in project 'Pods' via options '-lReact-FabricImage' in build setting 'OTHER_LDFLAGS'
        ➜ Implicit dependency on target 'React-ImageManager' in project 'Pods' via options '-lReact-ImageManager' in build setting 'OTHER_LDFLAGS'
        ➜ Implicit dependency on target 'React-Mapbuffer' in project 'Pods' via options '-lReact-Mapbuffer' in build setting 'OTHER_LDFLAGS'
        ➜ Implicit dependency on target 'React-NativeModulesApple' in project 'Pods' via options '-lReact-NativeModulesApple' in build setting 'OTHER_LDFLAGS'
        ➜ Implicit dependency on target 'React-RCTAnimation' in project 'Pods' via options '-lReact-RCTAnimation' in build setting 'OTHER_LDFLAGS'
        ➜ Implicit dependency on target 'React-RCTAppDelegate' in project 'Pods' via options '-lReact-RCTAppDelegate' in build setting 'OTHER_LDFLAGS'
        ➜ Implicit dependency on target 'React-RCTBlob' in project 'Pods' via options '-lReact-RCTBlob' in build setting 'OTHER_LDFLAGS'
        ➜ Implicit dependency on target 'React-RCTFabric' in project 'Pods' via options '-lReact-RCTFabric' in build setting 'OTHER_LDFLAGS'
        ➜ Implicit dependency on target 'React-RCTImage' in project 'Pods' via options '-lReact-RCTImage' in build setting 'OTHER_LDFLAGS'
        ➜ Implicit dependency on target 'React-RCTLinking' in project 'Pods' via options '-lReact-RCTLinking' in build setting 'OTHER_LDFLAGS'
        ➜ Implicit dependency on target 'React-RCTNetwork' in project 'Pods' via options '-lReact-RCTNetwork' in build setting 'OTHER_LDFLAGS'
        ➜ Implicit dependency on target 'React-RCTSettings' in project 'Pods' via options '-lReact-RCTSettings' in build setting 'OTHER_LDFLAGS'
        ➜ Implicit dependency on target 'React-RCTText' in project 'Pods' via options '-lReact-RCTText' in build setting 'OTHER_LDFLAGS'
        ➜ Implicit dependency on target 'React-RCTVibration' in project 'Pods' via options '-lReact-RCTVibration' in build setting 'OTHER_LDFLAGS'
        ➜ Implicit dependency on target 'React-RuntimeApple' in pro
debug ject 'Pods' via options '-lReact-RuntimeApple' in build setting 'OTHER_LDFLAGS'
        ➜ Implicit dependency on target 'React-RuntimeCore' in project 'Pods' via options '-lReact-RuntimeCore' in build setting 'OTHER_LDFLAGS'
        ➜ Implicit dependency on target 'React-RuntimeHermes' in project 'Pods' via options '-lReact-RuntimeHermes' in build setting 'OTHER_LDFLAGS'
        ➜ Implicit dependency on target 'React-cxxreact' in project 'Pods' via options '-lReact-cxxreact' in build setting 'OTHER_LDFLAGS'
        ➜ Implicit dependency on target 'React-debug' in project 'Pods' via options '-lReact-debug' in build setting 'OTHER_LDFLAGS'
        ➜ Implicit dependency on target 'React-defaultsnativemodule' in project 'Pods' via options '-lReact-defaultsnativemodule' in build setting 'OTHER_LDFLAGS'
        ➜ Implicit dependency on target 'React-domnativemodule' in project 'Pods' via options '-lReact-domnativemodule' in build setting 'OTHER_LDFLAGS'
        ➜ Implicit dependency on target 'React-featureflags' in project 'Pods' via options '-lReact-featureflags' in build setting 'OTHER_LDFLAGS'
        ➜ Implicit dependency on target 'React-featureflagsnativemodule' in project 'Pods' via options '-lReact-featureflagsnativemodule' in build setting 'OTHER_LDFLAGS'
        ➜ Implicit dependency on target 'React-graphics' in project 'Pods' via options '-lReact-graphics' in build setting 'OTHER_LDFLAGS'
        ➜ Implicit dependency on target 'React-hermes' in project 'Pods' via options '-lReact-hermes' in build setting 'OTHER_LDFLAGS'
        ➜ Implicit dependency on target 'React-idlecallbacksnativemodule' in project 'Pods' via options '-lReact-idlecallbacksnativemodule' in build setting 'OTHER_LDFLAGS'
        ➜ Implicit dependency on target 'React-jserrorhandler' in project 'Pods' via options '-lReact-jserrorhandler' in build setting 'OTHER_LDFLAGS'
        ➜ Implicit dependency on target 'React-jsi' in project 'Pods' via options '-lReact-jsi' in build setting 'OTHER_LDFLAGS'
        ➜ Implicit dependency on target 'React-jsiexecutor' in project 'Pods' via options '-lReact-jsiexecutor' in build setting 'OTHER_LDFLAGS'
        ➜ Implicit dependency on target 'React-jsinspector' in project 'Pods' via options '-lReact-jsinspector' in build setting 'OTHER_LDFLAGS'
        ➜ Implicit dependency on target 'React-logger' in project 'Pods' via options '-lReact-logger' in build setting 'OTHER_LDFLAGS'
        ➜ Implicit dependency on target 'React-microtasksnativemodule' in project 'Pods' via options '-lReact-microtasksnativemodule' in build setting 'OTHER_LDFLAGS'
        ➜ Implicit dependency on target 'React-nativeconfig' in project 'Pods' via options '-lReact-nativeconfig' in build setting 'OTHER_LDFLAGS'
        ➜ Implicit dependency on target 'React-perflogger' in project 'Pods' via options '-lReact-perflogger' in build setting 'OTHER_LDFLAGS'
        ➜ Implicit dependency on target 'React-performancetimeline' in project 'Pods' via options '-lReact-performancetimeline' in build setting 'OTHER_LDFLAGS'
        ➜ Implicit dependency on target 'React-rendererconsistency' in project 'Pods' via options '-lReact-rendererconsistency' in build setting 'OTHER_LDFLAGS'
        ➜ Implicit dependency on target 'React-rendererdebug' in project 'Pods' via options '-lReact-rendererdebug' in build setting 'OTHER_LDFLAGS'
        ➜ Implicit dependency on target 'React-runtimescheduler' in project 'Pods' via options '-lReact-runtimescheduler' in build setting 'OTHER_LDFLAGS'
        ➜ Implicit dependency on target 'React-utils' in project 'Pods' via options '-lReact-utils' in build setting 'OTHER_LDFLAGS'
        ➜ Implicit dependency on target 'ReactCodegen' in project 'Pods' via options '-lReactCodegen' in build setting 'OTHER_LDFLAGS'
        ➜ Implicit dependency on target 'ReactCommon' in project 'Pods' via options '-lReactCommon' in build setting 'OTHER_LDFLAGS'
        ➜ Implicit dependency on target 'SocketRocket' in project 'Pods' via options '-lSocketRocket' in build setting 'OTHER_LDFLAGS'
        ➜ Implicit dependency on target 'Yoga' in project 'Pods' via options '-lYoga' in build setting 'OTHER_LDFLAGS'
        ➜ Implicit dependency on target 'fmt' in project 'Pods' via options '-lfmt' in build setting 'OTHER_LDFLAGS'
        ➜ Implicit dependency on target 'glog' in project 'Pods' via options '-lglog' in build setting 'OTHER_LDFLAGS'
        ➜ Implicit dependency on target 'react-native-html-to-pdf' in project 'Pods' via options '-lreact-native-html-to-pdf' in build setting 'OTHER_LDFLAGS'
        ➜ Implicit dependency on target 'react-native-pdf' in project 'Pods' via options '-lreact-native-pdf' in build setting 'OTHER_LDFLAGS'
        ➜ Implicit dependency on target 'react-native-safe-area-context' in project 'Pods' via options '-lreact-native-safe-area-context' in build setting 'OTHER_LDFLAGS'
        ➜ Implicit dependency on target 'react-native-webview' in project 'Pods' via options '-lreact-native-webview' in build setting 'OTHER_LDFLAGS'
    Target 'Pods-UnderOneRoof' in project 'Pods'
        ➜ Explicit dependency on target 'BEMCheckBox' in project 'Pods'
        ➜ Explicit dependency on target 'BVLinearGradient' in project 'Pods'
        ➜ Explicit dependency on target 'DoubleConversion' in project 'Pods'
        ➜ Explicit dependency on target 'EASClient' in project 'Pods'
        ➜ Explicit dependency on target 'EXApplication' in project 'Pods'
        ➜ Explicit dependency on target 'EXConstants' in project 'Pods'
        ➜ Explicit dependency on target 'EXImageLoader' in project 'Pods'
        ➜ Explicit dependency on target 'EXJSONUtils' in project 'Pods'
        ➜ Explicit dependency on target 'EXManifests' in project 'Pods'
        ➜ Explicit dependency on target 'EXNotifications' in project 'Pods'
        ➜ Explicit dependency on target 'EXStructuredHeaders' in project 'Pods'
        ➜ Explicit dependency on target 'EXUpdates' in project 'Pods'
        ➜ Explicit dependency on target 'EXUpdatesInterface' in project 'Pods'
        ➜ Explicit dependency on target 'Expo' in project 'Pods'
        ➜ Explicit dependency on target 'ExpoAsset' in project 'Pods'
        ➜ Explicit dependency on target 'ExpoClipboard' in project 'Pods'
        ➜ Explicit dependency on target 'ExpoDevice' in project 'Pods'
        ➜ Explicit dependency on target 'ExpoDocumentPicker' in project 'Pods'
        ➜ Explicit dependency on target 'ExpoFileSystem' in project 'Pods'
        ➜ Explicit dependency on target 'ExpoFont' in project 'Pods'
        ➜ Explicit dependency on target 'ExpoImagePicker' in project 'Pods'
        ➜ Explicit dependency on target 'ExpoKeepAwake' in project 'Pods'
        ➜ Explicit dependency on target 'ExpoLinearGradient' in project 'Pods'
        ➜ Explicit dependency on target 'ExpoModulesCore' in project 'Pods'
        ➜ Explicit dependency on target 'ExpoPrint' in project 'Pods'
        ➜ Explicit dependency on target 'ExpoSharing' in project 'Pods'
        ➜ Explicit dependency on target 'FBLazyVector' in project 'Pods'
        ➜ Explicit dependency on target 'RCT-Folly' in project 'Pods'
        ➜ Explicit dependency on target 'RCTDeprecation' in project 'Pods'
        ➜ Explicit dependency on target 'RCTRequired' in project 'Pods'
        ➜ Explicit dependency on target 'RCTTypeSafety' in project 'Pods'
        ➜ Explicit dependency on target 'RNCAsyncStorage' in project 'Pods'
        ➜ Explicit dependency on target 'RNCCheckbox' in project 'Pods'
        ➜ Explicit dependency on target 'RNCPicker' in project 'Pods'
        ➜ Explicit dependency on target 'RNDateTimePicker' in project 'Pods'
        ➜ Explicit dependency on target 'RNGestureHandler' in project 'Pods'
        ➜ Explicit dependency on target 'RNReanimated' in project 'Pods'
        ➜ Explicit dependency on target 'RNScreens' in project 'Pods'
        ➜ Explicit dependency on target 'RNVectorIcons' in project 'Pods'
        ➜ Explicit dependency on target 'ReachabilitySwift' in project 'Pods'
        ➜ Explici
debug t dependency on target 'React' in project 'Pods'
        ➜ Explicit dependency on target 'React-Core' in project 'Pods'
        ➜ Explicit dependency on target 'React-CoreModules' in project 'Pods'
        ➜ Explicit dependency on target 'React-Fabric' in project 'Pods'
        ➜ Explicit dependency on target 'React-FabricComponents' in project 'Pods'
        ➜ Explicit dependency on target 'React-FabricImage' in project 'Pods'
        ➜ Explicit dependency on target 'React-ImageManager' in project 'Pods'
        ➜ Explicit dependency on target 'React-Mapbuffer' in project 'Pods'
        ➜ Explicit dependency on target 'React-NativeModulesApple' in project 'Pods'
        ➜ Explicit dependency on target 'React-RCTActionSheet' in project 'Pods'
        ➜ Explicit dependency on target 'React-RCTAnimation' in project 'Pods'
        ➜ Explicit dependency on target 'React-RCTAppDelegate' in project 'Pods'
        ➜ Explicit dependency on target 'React-RCTBlob' in project 'Pods'
        ➜ Explicit dependency on target 'React-RCTFabric' in project 'Pods'
        ➜ Explicit dependency on target 'React-RCTImage' in project 'Pods'
        ➜ Explicit dependency on target 'React-RCTLinking' in project 'Pods'
        ➜ Explicit dependency on target 'React-RCTNetwork' in project 'Pods'
        ➜ Explicit dependency on target 'React-RCTSettings' in project 'Pods'
        ➜ Explicit dependency on target 'React-RCTText' in project 'Pods'
        ➜ Explicit dependency on target 'React-RCTVibration' in project 'Pods'
        ➜ Explicit dependency on target 'React-RuntimeApple' in project 'Pods'
        ➜ Explicit dependency on target 'React-RuntimeCore' in project 'Pods'
        ➜ Explicit dependency on target 'React-RuntimeHermes' in project 'Pods'
        ➜ Explicit dependency on target 'React-callinvoker' in project 'Pods'
        ➜ Explicit dependency on target 'React-cxxreact' in project 'Pods'
        ➜ Explicit dependency on target 'React-debug' in project 'Pods'
        ➜ Explicit dependency on target 'React-defaultsnativemodule' in project 'Pods'
        ➜ Explicit dependency on target 'React-domnativemodule' in project 'Pods'
        ➜ Explicit dependency on target 'React-featureflags' in project 'Pods'
        ➜ Explicit dependency on target 'React-featureflagsnativemodule' in project 'Pods'
        ➜ Explicit dependency on target 'React-graphics' in project 'Pods'
        ➜ Explicit dependency on target 'React-hermes' in project 'Pods'
        ➜ Explicit dependency on target 'React-idlecallbacksnativemodule' in project 'Pods'
        ➜ Explicit dependency on target 'React-jserrorhandler' in project 'Pods'
        ➜ Explicit dependency on target 'React-jsi' in project 'Pods'
        ➜ Explicit dependency on target 'React-jsiexecutor' in project 'Pods'
        ➜ Explicit dependency on target 'React-jsinspector' in project 'Pods'
        ➜ Explicit dependency on target 'React-jsitracing' in project 'Pods'
        ➜ Explicit dependency on target 'React-logger' in project 'Pods'
        ➜ Explicit dependency on target 'React-microtasksnativemodule' in project 'Pods'
        ➜ Explicit dependency on target 'React-nativeconfig' in project 'Pods'
        ➜ Explicit dependency on target 'React-perflogger' in project 'Pods'
        ➜ Explicit dependency on target 'React-performancetimeline' in project 'Pods'
        ➜ Explicit dependency on target 'React-rendererconsistency' in project 'Pods'
        ➜ Explicit dependency on target 'React-rendererdebug' in project 'Pods'
        ➜ Explicit dependency on target 'React-rncore' in project 'Pods'
        ➜ Explicit dependency on target 'React-runtimeexecutor' in project 'Pods'
        ➜ Explicit dependency on target 'React-runtimescheduler' in project 'Pods'
        ➜ Explicit dependency on target 'React-timing' in project 'Pods'
        ➜ Explicit dependency on target 'React-utils' in project 'Pods'
        ➜ Explicit dependency on target 'ReactCodegen' in project 'Pods'
        ➜ Explicit dependency on target 'ReactCommon' in project 'Pods'
        ➜ Explicit dependency on target 'SocketRocket' in project 'Pods'
        ➜ Explicit dependency on target 'Yoga' in project 'Pods'
        ➜ Explicit dependency on target 'boost' in project 'Pods'
        ➜ Explicit dependency on target 'fast_float' in project 'Pods'
        ➜ Explicit dependency on target 'fmt' in project 'Pods'
        ➜ Explicit dependency on target 'glog' in project 'Pods'
        ➜ Explicit dependency on target 'hermes-engine' in project 'Pods'
        ➜ Explicit dependency on target 'react-native-html-to-pdf' in project 'Pods'
        ➜ Explicit dependency on target 'react-native-pdf' in project 'Pods'
        ➜ Explicit dependency on target 'react-native-render-html' in project 'Pods'
        ➜ Explicit dependency on target 'react-native-safe-area-context' in project 'Pods'
        ➜ Explicit dependency on target 'react-native-webview' in project 'Pods'
    Target 'react-native-webview' in project 'Pods'
        ➜ Explicit dependency on target 'DoubleConversion' in project 'Pods'
        ➜ Explicit dependency on target 'RCT-Folly' in project 'Pods'
        ➜ Explicit dependency on target 'RCTRequired' in project 'Pods'
        ➜ Explicit dependency on target 'RCTTypeSafety' in project 'Pods'
        ➜ Explicit dependency on target 'React-Core' in project 'Pods'
        ➜ Explicit dependency on target 'React-Fabric' in project 'Pods'
        ➜ Explicit dependency on target 'React-ImageManager' in project 'Pods'
        ➜ Explicit dependency on target 'React-NativeModulesApple' in project 'Pods'
        ➜ Explicit dependency on target 'React-RCTFabric' in project 'Pods'
        ➜ Explicit dependency on target 'React-debug' in project 'Pods'
        ➜ Explicit dependency on target 'React-featureflags' in project 'Pods'
        ➜ Explicit dependency on target 'React-graphics' in project 'Pods'
        ➜ Explicit dependency on target 'React-rendererdebug' in project 'Pods'
        ➜ Explicit dependency on target 'React-utils' in project 'Pods'
        ➜ Explicit dependency on target 'ReactCodegen' in project 'Pods'
        ➜ Explicit dependency on target 'ReactCommon' in project 'Pods'
        ➜ Explicit dependency on target 'Yoga' in project 'Pods'
        ➜ Explicit dependency on target 'glog' in project 'Pods'
        ➜ Explicit dependency on target 'hermes-engine' in project 'Pods'
    Target 'react-native-safe-area-context' in project 'Pods'
        ➜ Explicit dependency on target 'React-Core' in project 'Pods'
    Target 'react-native-render-html' in project 'Pods'
        ➜ Explicit dependency on target 'React-Core' in project 'Pods'
    Target 'react-native-pdf' in project 'Pods'
        ➜ Explicit dependency on target 'React-Core' in project 'Pods'
    Target 'react-native-html-to-pdf' in project 'Pods'
        ➜ Explicit dependency on target 'React-Core' in project 'Pods'
    Target 'React-rncore' in project 'Pods' (no dependencies)
    Target 'React' in project 'Pods'
        ➜ Explicit dependency on target 'React-Core' in project 'Pods'
        ➜ Explicit dependency on target 'React-RCTActionSheet' in project 'Pods'
        ➜ Explicit dependency on target 'React-RCTAnimation' in project 'Pods'
        ➜ Explicit dependency on target 'React-RCTBlob' in project 'Pods'
        ➜ Explicit dependency on target 'React-RCTImage' in project 'Pods'
        ➜ Explicit dependency on target 'React-RCTLinking' in project 'Pods'
        ➜ Explicit dependency on target 'React-RCTNetwork' in project 'Pods'
        ➜ Explicit dependency on target 'React-RCTSettings' in project 'Pods'
        ➜ Explicit dependency on target 'React-RCTText' in project 'Pods'
        ➜ Explicit dependency on target 'React-RCTVibration' in project 'Pods'
    Target 'React-RCTVibration' in project 'Pods'
        ➜ Explicit dependency on target 'RCT-Folly' in project 'Pods'
        ➜ Explicit dependency on target 'React-Core' in project 'Pods'
        ➜ Explicit dependency on t
debug arget 'React-NativeModulesApple' in project 'Pods'
        ➜ Explicit dependency on target 'React-jsi' in project 'Pods'
        ➜ Explicit dependency on target 'ReactCodegen' in project 'Pods'
        ➜ Explicit dependency on target 'ReactCommon' in project 'Pods'
    Target 'React-RCTSettings' in project 'Pods'
        ➜ Explicit dependency on target 'RCT-Folly' in project 'Pods'
        ➜ Explicit dependency on target 'RCTTypeSafety' in project 'Pods'
        ➜ Explicit dependency on target 'React-Core' in project 'Pods'
        ➜ Explicit dependency on target 'React-NativeModulesApple' in project 'Pods'
        ➜ Explicit dependency on target 'React-jsi' in project 'Pods'
        ➜ Explicit dependency on target 'ReactCodegen' in project 'Pods'
        ➜ Explicit dependency on target 'ReactCommon' in project 'Pods'
    Target 'React-RCTLinking' in project 'Pods'
        ➜ Explicit dependency on target 'React-Core' in project 'Pods'
        ➜ Explicit dependency on target 'React-NativeModulesApple' in project 'Pods'
        ➜ Explicit dependency on target 'React-jsi' in project 'Pods'
        ➜ Explicit dependency on target 'ReactCodegen' in project 'Pods'
        ➜ Explicit dependency on target 'ReactCommon' in project 'Pods'
    Target 'React-RCTAnimation' in project 'Pods'
        ➜ Explicit dependency on target 'RCT-Folly' in project 'Pods'
        ➜ Explicit dependency on target 'RCTTypeSafety' in project 'Pods'
        ➜ Explicit dependency on target 'React-Core' in project 'Pods'
        ➜ Explicit dependency on target 'React-NativeModulesApple' in project 'Pods'
        ➜ Explicit dependency on target 'React-jsi' in project 'Pods'
        ➜ Explicit dependency on target 'ReactCodegen' in project 'Pods'
        ➜ Explicit dependency on target 'ReactCommon' in project 'Pods'
    Target 'React-RCTActionSheet' in project 'Pods'
        ➜ Explicit dependency on target 'React-Core' in project 'Pods'
    Target 'RNVectorIcons' in project 'Pods'
        ➜ Explicit dependency on target 'DoubleConversion' in project 'Pods'
        ➜ Explicit dependency on target 'RCT-Folly' in project 'Pods'
        ➜ Explicit dependency on target 'RCTRequired' in project 'Pods'
        ➜ Explicit dependency on target 'RCTTypeSafety' in project 'Pods'
        ➜ Explicit dependency on target 'React-Core' in project 'Pods'
        ➜ Explicit dependency on target 'React-Fabric' in project 'Pods'
        ➜ Explicit dependency on target 'React-ImageManager' in project 'Pods'
        ➜ Explicit dependency on target 'React-NativeModulesApple' in project 'Pods'
        ➜ Explicit dependency on target 'React-RCTFabric' in project 'Pods'
        ➜ Explicit dependency on target 'React-debug' in project 'Pods'
        ➜ Explicit dependency on target 'React-featureflags' in project 'Pods'
        ➜ Explicit dependency on target 'React-graphics' in project 'Pods'
        ➜ Explicit dependency on target 'React-rendererdebug' in project 'Pods'
        ➜ Explicit dependency on target 'React-utils' in project 'Pods'
        ➜ Explicit dependency on target 'ReactCodegen' in project 'Pods'
        ➜ Explicit dependency on target 'ReactCommon' in project 'Pods'
        ➜ Explicit dependency on target 'Yoga' in project 'Pods'
        ➜ Explicit dependency on target 'glog' in project 'Pods'
        ➜ Explicit dependency on target 'hermes-engine' in project 'Pods'
    Target 'RNScreens' in project 'Pods'
        ➜ Explicit dependency on target 'DoubleConversion' in project 'Pods'
        ➜ Explicit dependency on target 'RCT-Folly' in project 'Pods'
        ➜ Explicit dependency on target 'RCTRequired' in project 'Pods'
        ➜ Explicit dependency on target 'RCTTypeSafety' in project 'Pods'
        ➜ Explicit dependency on target 'React-Core' in project 'Pods'
        ➜ Explicit dependency on target 'React-Fabric' in project 'Pods'
        ➜ Explicit dependency on target 'React-ImageManager' in project 'Pods'
        ➜ Explicit dependency on target 'React-NativeModulesApple' in project 'Pods'
        ➜ Explicit dependency on target 'React-RCTFabric' in project 'Pods'
        ➜ Explicit dependency on target 'React-RCTImage' in project 'Pods'
        ➜ Explicit dependency on target 'React-debug' in project 'Pods'
        ➜ Explicit dependency on target 'React-featureflags' in project 'Pods'
        ➜ Explicit dependency on target 'React-graphics' in project 'Pods'
        ➜ Explicit dependency on target 'React-rendererdebug' in project 'Pods'
        ➜ Explicit dependency on target 'React-utils' in project 'Pods'
        ➜ Explicit dependency on target 'ReactCodegen' in project 'Pods'
        ➜ Explicit dependency on target 'ReactCommon' in project 'Pods'
        ➜ Explicit dependency on target 'Yoga' in project 'Pods'
        ➜ Explicit dependency on target 'glog' in project 'Pods'
        ➜ Explicit dependency on target 'hermes-engine' in project 'Pods'
    Target 'RNReanimated' in project 'Pods'
        ➜ Explicit dependency on target 'DoubleConversion' in project 'Pods'
        ➜ Explicit dependency on target 'RCT-Folly' in project 'Pods'
        ➜ Explicit dependency on target 'RCTRequired' in project 'Pods'
        ➜ Explicit dependency on target 'RCTTypeSafety' in project 'Pods'
        ➜ Explicit dependency on target 'React-Core' in project 'Pods'
        ➜ Explicit dependency on target 'React-Fabric' in project 'Pods'
        ➜ Explicit dependency on target 'React-ImageManager' in project 'Pods'
        ➜ Explicit dependency on target 'React-NativeModulesApple' in project 'Pods'
        ➜ Explicit dependency on target 'React-RCTFabric' in project 'Pods'
        ➜ Explicit dependency on target 'React-debug' in project 'Pods'
        ➜ Explicit dependency on target 'React-featureflags' in project 'Pods'
        ➜ Explicit dependency on target 'React-graphics' in project 'Pods'
        ➜ Explicit dependency on target 'React-rendererdebug' in project 'Pods'
        ➜ Explicit dependency on target 'React-utils' in project 'Pods'
        ➜ Explicit dependency on target 'ReactCodegen' in project 'Pods'
        ➜ Explicit dependency on target 'ReactCommon' in project 'Pods'
        ➜ Explicit dependency on target 'Yoga' in project 'Pods'
        ➜ Explicit dependency on target 'glog' in project 'Pods'
        ➜ Explicit dependency on target 'hermes-engine' in project 'Pods'
    Target 'RNGestureHandler' in project 'Pods'
        ➜ Explicit dependency on target 'DoubleConversion' in project 'Pods'
        ➜ Explicit dependency on target 'RCT-Folly' in project 'Pods'
        ➜ Explicit dependency on target 'RCTRequired' in project 'Pods'
        ➜ Explicit dependency on target 'RCTTypeSafety' in project 'Pods'
        ➜ Explicit dependency on target 'React-Core' in project 'Pods'
        ➜ Explicit dependency on target 'React-Fabric' in project 'Pods'
        ➜ Explicit dependency on target 'React-ImageManager' in project 'Pods'
        ➜ Explicit dependency on target 'React-NativeModulesApple' in project 'Pods'
        ➜ Explicit dependency on target 'React-RCTFabric' in project 'Pods'
        ➜ Explicit dependency on target 'React-debug' in project 'Pods'
        ➜ Explicit dependency on target 'React-featureflags' in project 'Pods'
        ➜ Explicit dependency on target 'React-graphics' in project 'Pods'
        ➜ Explicit dependency on target 'React-rendererdebug' in project 'Pods'
        ➜ Explicit dependency on target 'React-utils' in project 'Pods'
        ➜ Explicit dependency on target 'ReactCodegen' in project 'Pods'
        ➜ Explicit dependency on target 'ReactCommon' in project 'Pods'
        ➜ Explicit dependency on target 'Yoga' in project 'Pods'
        ➜ Explicit dependency on target 'glog' in project 'Pods'
        ➜ Explicit dependency on target 'hermes-engine' in project 'Pods'
    Target 'RNDateTimePicker' in project 'Pods'
        ➜ Explicit dependency on target 'React-Core' in project 'Pods'
    Target 'RNCPicker' in project 'Pods'
        ➜ Explicit dep
debug endency on target 'React-Core' in project 'Pods'
    Target 'RNCCheckbox' in project 'Pods'
        ➜ Explicit dependency on target 'BEMCheckBox' in project 'Pods'
        ➜ Explicit dependency on target 'React-Core' in project 'Pods'
    Target 'RNCAsyncStorage' in project 'Pods'
        ➜ Explicit dependency on target 'RNCAsyncStorage-RNCAsyncStorage_resources' in project 'Pods'
        ➜ Explicit dependency on target 'React-Core' in project 'Pods'
    Target 'RNCAsyncStorage-RNCAsyncStorage_resources' in project 'Pods' (no dependencies)
    Target 'ExpoSharing' in project 'Pods'
        ➜ Explicit dependency on target 'ExpoModulesCore' in project 'Pods'
    Target 'ExpoPrint' in project 'Pods'
        ➜ Explicit dependency on target 'ExpoModulesCore' in project 'Pods'
    Target 'ExpoLinearGradient' in project 'Pods'
        ➜ Explicit dependency on target 'ExpoModulesCore' in project 'Pods'
    Target 'ExpoKeepAwake' in project 'Pods'
        ➜ Explicit dependency on target 'ExpoModulesCore' in project 'Pods'
    Target 'ExpoImagePicker' in project 'Pods'
        ➜ Explicit dependency on target 'ExpoModulesCore' in project 'Pods'
    Target 'ExpoFont' in project 'Pods'
        ➜ Explicit dependency on target 'ExpoModulesCore' in project 'Pods'
    Target 'ExpoFileSystem' in project 'Pods'
        ➜ Explicit dependency on target 'ExpoFileSystem-ExpoFileSystem_privacy' in project 'Pods'
        ➜ Explicit dependency on target 'ExpoModulesCore' in project 'Pods'
    Target 'ExpoFileSystem-ExpoFileSystem_privacy' in project 'Pods' (no dependencies)
    Target 'ExpoDocumentPicker' in project 'Pods'
        ➜ Explicit dependency on target 'ExpoModulesCore' in project 'Pods'
    Target 'ExpoDevice' in project 'Pods'
        ➜ Explicit dependency on target 'ExpoDevice-ExpoDevice_privacy' in project 'Pods'
        ➜ Explicit dependency on target 'ExpoModulesCore' in project 'Pods'
    Target 'ExpoDevice-ExpoDevice_privacy' in project 'Pods' (no dependencies)
    Target 'ExpoClipboard' in project 'Pods'
        ➜ Explicit dependency on target 'ExpoModulesCore' in project 'Pods'
    Target 'ExpoAsset' in project 'Pods'
        ➜ Explicit dependency on target 'ExpoModulesCore' in project 'Pods'
    Target 'Expo' in project 'Pods'
        ➜ Explicit dependency on target 'ExpoModulesCore' in project 'Pods'
    Target 'EXUpdates' in project 'Pods'
        ➜ Explicit dependency on target 'DoubleConversion' in project 'Pods'
        ➜ Explicit dependency on target 'EASClient' in project 'Pods'
        ➜ Explicit dependency on target 'EXManifests' in project 'Pods'
        ➜ Explicit dependency on target 'EXStructuredHeaders' in project 'Pods'
        ➜ Explicit dependency on target 'EXUpdates-EXUpdates' in project 'Pods'
        ➜ Explicit dependency on target 'EXUpdatesInterface' in project 'Pods'
        ➜ Explicit dependency on target 'ExpoModulesCore' in project 'Pods'
        ➜ Explicit dependency on target 'RCT-Folly' in project 'Pods'
        ➜ Explicit dependency on target 'RCTRequired' in project 'Pods'
        ➜ Explicit dependency on target 'RCTTypeSafety' in project 'Pods'
        ➜ Explicit dependency on target 'ReachabilitySwift' in project 'Pods'
        ➜ Explicit dependency on target 'React-Core' in project 'Pods'
        ➜ Explicit dependency on target 'React-Fabric' in project 'Pods'
        ➜ Explicit dependency on target 'React-ImageManager' in project 'Pods'
        ➜ Explicit dependency on target 'React-NativeModulesApple' in project 'Pods'
        ➜ Explicit dependency on target 'React-RCTFabric' in project 'Pods'
        ➜ Explicit dependency on target 'React-debug' in project 'Pods'
        ➜ Explicit dependency on target 'React-featureflags' in project 'Pods'
        ➜ Explicit dependency on target 'React-graphics' in project 'Pods'
        ➜ Explicit dependency on target 'React-rendererdebug' in project 'Pods'
        ➜ Explicit dependency on target 'React-utils' in project 'Pods'
        ➜ Explicit dependency on target 'ReactCodegen' in project 'Pods'
        ➜ Explicit dependency on target 'ReactCommon' in project 'Pods'
        ➜ Explicit dependency on target 'Yoga' in project 'Pods'
        ➜ Explicit dependency on target 'glog' in project 'Pods'
        ➜ Explicit dependency on target 'hermes-engine' in project 'Pods'
    Target 'ReachabilitySwift' in project 'Pods'
        ➜ Explicit dependency on target 'ReachabilitySwift-ReachabilitySwift' in project 'Pods'
    Target 'ReachabilitySwift-ReachabilitySwift' in project 'Pods' (no dependencies)
    Target 'EXUpdatesInterface' in project 'Pods'
        ➜ Explicit dependency on target 'ExpoModulesCore' in project 'Pods'
    Target 'EXUpdates-EXUpdates' in project 'Pods' (no dependencies)
    Target 'EXStructuredHeaders' in project 'Pods' (no dependencies)
    Target 'EXNotifications' in project 'Pods'
        ➜ Explicit dependency on target 'EXNotifications-ExpoNotifications_privacy' in project 'Pods'
        ➜ Explicit dependency on target 'ExpoModulesCore' in project 'Pods'
    Target 'EXNotifications-ExpoNotifications_privacy' in project 'Pods' (no dependencies)
    Target 'EXManifests' in project 'Pods'
        ➜ Explicit dependency on target 'ExpoModulesCore' in project 'Pods'
    Target 'EXJSONUtils' in project 'Pods' (no dependencies)
    Target 'EXImageLoader' in project 'Pods'
        ➜ Explicit dependency on target 'ExpoModulesCore' in project 'Pods'
        ➜ Explicit dependency on target 'React-Core' in project 'Pods'
    Target 'EXConstants' in project 'Pods'
        ➜ Explicit dependency on target 'EXConstants-EXConstants' in project 'Pods'
        ➜ Explicit dependency on target 'EXConstants-ExpoConstants_privacy' in project 'Pods'
        ➜ Explicit dependency on target 'ExpoModulesCore' in project 'Pods'
    Target 'EXConstants-ExpoConstants_privacy' in project 'Pods' (no dependencies)
    Target 'EXConstants-EXConstants' in project 'Pods' (no dependencies)
    Target 'EXApplication' in project 'Pods'
        ➜ Explicit dependency on target 'EXApplication-ExpoApplication_privacy' in project 'Pods'
        ➜ Explicit dependency on target 'ExpoModulesCore' in project 'Pods'
    Target 'EXApplication-ExpoApplication_privacy' in project 'Pods' (no dependencies)
    Target 'EASClient' in project 'Pods'
        ➜ Explicit dependency on target 'ExpoModulesCore' in project 'Pods'
    Target 'ExpoModulesCore' in project 'Pods'
        ➜ Explicit dependency on target 'DoubleConversion' in project 'Pods'
        ➜ Explicit dependency on target 'RCT-Folly' in project 'Pods'
        ➜ Explicit dependency on target 'RCTRequired' in project 'Pods'
        ➜ Explicit dependency on target 'RCTTypeSafety' in project 'Pods'
        ➜ Explicit dependency on target 'React-Core' in project 'Pods'
        ➜ Explicit dependency on target 'React-Fabric' in project 'Pods'
        ➜ Explicit dependency on target 'React-ImageManager' in project 'Pods'
        ➜ Explicit dependency on target 'React-NativeModulesApple' in project 'Pods'
        ➜ Explicit dependency on target 'React-RCTAppDelegate' in project 'Pods'
        ➜ Explicit dependency on target 'React-RCTFabric' in project 'Pods'
        ➜ Explicit dependency on target 'React-debug' in project 'Pods'
        ➜ Explicit dependency on target 'React-featureflags' in project 'Pods'
        ➜ Explicit dependency on target 'React-graphics' in project 'Pods'
        ➜ Explicit dependency on target 'React-jsinspector' in project 'Pods'
        ➜ Explicit dependency on target 'React-rendererdebug' in project 'Pods'
        ➜ Explicit dependency on target 'React-utils' in project 'Pods'
        ➜ Explicit dependency on target 'ReactCodegen' in project 'Pods'
        ➜ Explicit dependency on target 'ReactCommon' in project 'Pods'
        ➜ Explicit dependency on target 'Yoga' in project 'Pods'
        ➜ Explicit dependency on target 'glog' in project 'Pods'
        ➜ Explicit dependency on target 'hermes-engine' in project 'Pods'
    Target 'React-RCTAppDelegate' in project 'Pods
debug '
        ➜ Explicit dependency on target 'RCT-Folly' in project 'Pods'
        ➜ Explicit dependency on target 'RCTRequired' in project 'Pods'
        ➜ Explicit dependency on target 'RCTTypeSafety' in project 'Pods'
        ➜ Explicit dependency on target 'React-Core' in project 'Pods'
        ➜ Explicit dependency on target 'React-CoreModules' in project 'Pods'
        ➜ Explicit dependency on target 'React-Fabric' in project 'Pods'
        ➜ Explicit dependency on target 'React-NativeModulesApple' in project 'Pods'
        ➜ Explicit dependency on target 'React-RCTFabric' in project 'Pods'
        ➜ Explicit dependency on target 'React-RCTImage' in project 'Pods'
        ➜ Explicit dependency on target 'React-RCTNetwork' in project 'Pods'
        ➜ Explicit dependency on target 'React-RuntimeApple' in project 'Pods'
        ➜ Explicit dependency on target 'React-RuntimeCore' in project 'Pods'
        ➜ Explicit dependency on target 'React-RuntimeHermes' in project 'Pods'
        ➜ Explicit dependency on target 'React-debug' in project 'Pods'
        ➜ Explicit dependency on target 'React-defaultsnativemodule' in project 'Pods'
        ➜ Explicit dependency on target 'React-featureflags' in project 'Pods'
        ➜ Explicit dependency on target 'React-graphics' in project 'Pods'
        ➜ Explicit dependency on target 'React-hermes' in project 'Pods'
        ➜ Explicit dependency on target 'React-nativeconfig' in project 'Pods'
        ➜ Explicit dependency on target 'React-rendererdebug' in project 'Pods'
        ➜ Explicit dependency on target 'React-runtimescheduler' in project 'Pods'
        ➜ Explicit dependency on target 'React-utils' in project 'Pods'
        ➜ Explicit dependency on target 'ReactCodegen' in project 'Pods'
        ➜ Explicit dependency on target 'ReactCommon' in project 'Pods'
    Target 'React-defaultsnativemodule' in project 'Pods'
        ➜ Explicit dependency on target 'DoubleConversion' in project 'Pods'
        ➜ Explicit dependency on target 'RCT-Folly' in project 'Pods'
        ➜ Explicit dependency on target 'RCTRequired' in project 'Pods'
        ➜ Explicit dependency on target 'RCTTypeSafety' in project 'Pods'
        ➜ Explicit dependency on target 'React-Core' in project 'Pods'
        ➜ Explicit dependency on target 'React-Fabric' in project 'Pods'
        ➜ Explicit dependency on target 'React-ImageManager' in project 'Pods'
        ➜ Explicit dependency on target 'React-NativeModulesApple' in project 'Pods'
        ➜ Explicit dependency on target 'React-RCTFabric' in project 'Pods'
        ➜ Explicit dependency on target 'React-debug' in project 'Pods'
        ➜ Explicit dependency on target 'React-domnativemodule' in project 'Pods'
        ➜ Explicit dependency on target 'React-featureflags' in project 'Pods'
        ➜ Explicit dependency on target 'React-featureflagsnativemodule' in project 'Pods'
        ➜ Explicit dependency on target 'React-graphics' in project 'Pods'
        ➜ Explicit dependency on target 'React-idlecallbacksnativemodule' in project 'Pods'
        ➜ Explicit dependency on target 'React-microtasksnativemodule' in project 'Pods'
        ➜ Explicit dependency on target 'React-rendererdebug' in project 'Pods'
        ➜ Explicit dependency on target 'React-utils' in project 'Pods'
        ➜ Explicit dependency on target 'ReactCodegen' in project 'Pods'
        ➜ Explicit dependency on target 'ReactCommon' in project 'Pods'
        ➜ Explicit dependency on target 'Yoga' in project 'Pods'
        ➜ Explicit dependency on target 'glog' in project 'Pods'
        ➜ Explicit dependency on target 'hermes-engine' in project 'Pods'
    Target 'React-microtasksnativemodule' in project 'Pods'
        ➜ Explicit dependency on target 'DoubleConversion' in project 'Pods'
        ➜ Explicit dependency on target 'RCT-Folly' in project 'Pods'
        ➜ Explicit dependency on target 'RCTRequired' in project 'Pods'
        ➜ Explicit dependency on target 'RCTTypeSafety' in project 'Pods'
        ➜ Explicit dependency on target 'React-Core' in project 'Pods'
        ➜ Explicit dependency on target 'React-Fabric' in project 'Pods'
        ➜ Explicit dependency on target 'React-ImageManager' in project 'Pods'
        ➜ Explicit dependency on target 'React-NativeModulesApple' in project 'Pods'
        ➜ Explicit dependency on target 'React-RCTFabric' in project 'Pods'
        ➜ Explicit dependency on target 'React-debug' in project 'Pods'
        ➜ Explicit dependency on target 'React-featureflags' in project 'Pods'
        ➜ Explicit dependency on target 'React-graphics' in project 'Pods'
        ➜ Explicit dependency on target 'React-rendererdebug' in project 'Pods'
        ➜ Explicit dependency on target 'React-utils' in project 'Pods'
        ➜ Explicit dependency on target 'ReactCodegen' in project 'Pods'
        ➜ Explicit dependency on target 'ReactCommon' in project 'Pods'
        ➜ Explicit dependency on target 'Yoga' in project 'Pods'
        ➜ Explicit dependency on target 'glog' in project 'Pods'
        ➜ Explicit dependency on target 'hermes-engine' in project 'Pods'
    Target 'React-idlecallbacksnativemodule' in project 'Pods'
        ➜ Explicit dependency on target 'DoubleConversion' in project 'Pods'
        ➜ Explicit dependency on target 'RCT-Folly' in project 'Pods'
        ➜ Explicit dependency on target 'RCTRequired' in project 'Pods'
        ➜ Explicit dependency on target 'RCTTypeSafety' in project 'Pods'
        ➜ Explicit dependency on target 'React-Core' in project 'Pods'
        ➜ Explicit dependency on target 'React-Fabric' in project 'Pods'
        ➜ Explicit dependency on target 'React-ImageManager' in project 'Pods'
        ➜ Explicit dependency on target 'React-NativeModulesApple' in project 'Pods'
        ➜ Explicit dependency on target 'React-RCTFabric' in project 'Pods'
        ➜ Explicit dependency on target 'React-debug' in project 'Pods'
        ➜ Explicit dependency on target 'React-featureflags' in project 'Pods'
        ➜ Explicit dependency on target 'React-graphics' in project 'Pods'
        ➜ Explicit dependency on target 'React-rendererdebug' in project 'Pods'
        ➜ Explicit dependency on target 'React-runtimescheduler' in project 'Pods'
        ➜ Explicit dependency on target 'React-utils' in project 'Pods'
        ➜ Explicit dependency on target 'ReactCodegen' in project 'Pods'
        ➜ Explicit dependency on target 'ReactCommon' in project 'Pods'
        ➜ Explicit dependency on target 'Yoga' in project 'Pods'
        ➜ Explicit dependency on target 'glog' in project 'Pods'
        ➜ Explicit dependency on target 'hermes-engine' in project 'Pods'
    Target 'React-featureflagsnativemodule' in project 'Pods'
        ➜ Explicit dependency on target 'DoubleConversion' in project 'Pods'
        ➜ Explicit dependency on target 'RCT-Folly' in project 'Pods'
        ➜ Explicit dependency on target 'RCTRequired' in project 'Pods'
        ➜ Explicit dependency on target 'RCTTypeSafety' in project 'Pods'
        ➜ Explicit dependency on target 'React-Core' in project 'Pods'
        ➜ Explicit dependency on target 'React-Fabric' in project 'Pods'
        ➜ Explicit dependency on target 'React-ImageManager' in project 'Pods'
        ➜ Explicit dependency on target 'React-NativeModulesApple' in project 'Pods'
        ➜ Explicit dependency on target 'React-RCTFabric' in project 'Pods'
        ➜ Explicit dependency on target 'React-debug' in project 'Pods'
        ➜ Explicit dependency on target 'React-featureflags' in project 'Pods'
        ➜ Explicit dependency on target 'React-graphics' in project 'Pods'
        ➜ Explicit dependency on target 'React-rendererdebug' in project 'Pods'
        ➜ Explicit dependency on target 'React-utils' in project 'Pods'
        ➜ Explicit dependency on target 'ReactCodegen' in project 'Pods'
        ➜ Explicit dependency on target 'ReactCommon' in project 'Pods'
        ➜ Explicit dependency on target 'Yoga' in project '
debug Pods'
        ➜ Explicit dependency on target 'glog' in project 'Pods'
        ➜ Explicit dependency on target 'hermes-engine' in project 'Pods'
    Target 'React-domnativemodule' in project 'Pods'
        ➜ Explicit dependency on target 'DoubleConversion' in project 'Pods'
        ➜ Explicit dependency on target 'RCT-Folly' in project 'Pods'
        ➜ Explicit dependency on target 'RCTRequired' in project 'Pods'
        ➜ Explicit dependency on target 'RCTTypeSafety' in project 'Pods'
        ➜ Explicit dependency on target 'React-Core' in project 'Pods'
        ➜ Explicit dependency on target 'React-Fabric' in project 'Pods'
        ➜ Explicit dependency on target 'React-FabricComponents' in project 'Pods'
        ➜ Explicit dependency on target 'React-ImageManager' in project 'Pods'
        ➜ Explicit dependency on target 'React-NativeModulesApple' in project 'Pods'
        ➜ Explicit dependency on target 'React-RCTFabric' in project 'Pods'
        ➜ Explicit dependency on target 'React-debug' in project 'Pods'
        ➜ Explicit dependency on target 'React-featureflags' in project 'Pods'
        ➜ Explicit dependency on target 'React-graphics' in project 'Pods'
        ➜ Explicit dependency on target 'React-rendererdebug' in project 'Pods'
        ➜ Explicit dependency on target 'React-utils' in project 'Pods'
        ➜ Explicit dependency on target 'ReactCodegen' in project 'Pods'
        ➜ Explicit dependency on target 'ReactCommon' in project 'Pods'
        ➜ Explicit dependency on target 'Yoga' in project 'Pods'
        ➜ Explicit dependency on target 'glog' in project 'Pods'
        ➜ Explicit dependency on target 'hermes-engine' in project 'Pods'
    Target 'React-RuntimeApple' in project 'Pods'
        ➜ Explicit dependency on target 'RCT-Folly' in project 'Pods'
        ➜ Explicit dependency on target 'React-Core' in project 'Pods'
        ➜ Explicit dependency on target 'React-CoreModules' in project 'Pods'
        ➜ Explicit dependency on target 'React-Mapbuffer' in project 'Pods'
        ➜ Explicit dependency on target 'React-NativeModulesApple' in project 'Pods'
        ➜ Explicit dependency on target 'React-RCTFabric' in project 'Pods'
        ➜ Explicit dependency on target 'React-RuntimeCore' in project 'Pods'
        ➜ Explicit dependency on target 'React-RuntimeHermes' in project 'Pods'
        ➜ Explicit dependency on target 'React-callinvoker' in project 'Pods'
        ➜ Explicit dependency on target 'React-cxxreact' in project 'Pods'
        ➜ Explicit dependency on target 'React-jserrorhandler' in project 'Pods'
        ➜ Explicit dependency on target 'React-jsi' in project 'Pods'
        ➜ Explicit dependency on target 'React-jsiexecutor' in project 'Pods'
        ➜ Explicit dependency on target 'React-jsinspector' in project 'Pods'
        ➜ Explicit dependency on target 'React-runtimeexecutor' in project 'Pods'
        ➜ Explicit dependency on target 'React-runtimescheduler' in project 'Pods'
        ➜ Explicit dependency on target 'React-utils' in project 'Pods'
        ➜ Explicit dependency on target 'hermes-engine' in project 'Pods'
    Target 'React-RuntimeHermes' in project 'Pods'
        ➜ Explicit dependency on target 'RCT-Folly' in project 'Pods'
        ➜ Explicit dependency on target 'React-RuntimeCore' in project 'Pods'
        ➜ Explicit dependency on target 'React-featureflags' in project 'Pods'
        ➜ Explicit dependency on target 'React-hermes' in project 'Pods'
        ➜ Explicit dependency on target 'React-jsi' in project 'Pods'
        ➜ Explicit dependency on target 'React-jsinspector' in project 'Pods'
        ➜ Explicit dependency on target 'React-jsitracing' in project 'Pods'
        ➜ Explicit dependency on target 'React-nativeconfig' in project 'Pods'
        ➜ Explicit dependency on target 'React-utils' in project 'Pods'
        ➜ Explicit dependency on target 'hermes-engine' in project 'Pods'
    Target 'React-jsitracing' in project 'Pods'
        ➜ Explicit dependency on target 'React-jsi' in project 'Pods'
    Target 'React-RuntimeCore' in project 'Pods'
        ➜ Explicit dependency on target 'RCT-Folly' in project 'Pods'
        ➜ Explicit dependency on target 'React-cxxreact' in project 'Pods'
        ➜ Explicit dependency on target 'React-featureflags' in project 'Pods'
        ➜ Explicit dependency on target 'React-jserrorhandler' in project 'Pods'
        ➜ Explicit dependency on target 'React-jsi' in project 'Pods'
        ➜ Explicit dependency on target 'React-jsiexecutor' in project 'Pods'
        ➜ Explicit dependency on target 'React-jsinspector' in project 'Pods'
        ➜ Explicit dependency on target 'React-performancetimeline' in project 'Pods'
        ➜ Explicit dependency on target 'React-runtimeexecutor' in project 'Pods'
        ➜ Explicit dependency on target 'React-runtimescheduler' in project 'Pods'
        ➜ Explicit dependency on target 'React-utils' in project 'Pods'
        ➜ Explicit dependency on target 'glog' in project 'Pods'
        ➜ Explicit dependency on target 'hermes-engine' in project 'Pods'
    Target 'React-jserrorhandler' in project 'Pods'
        ➜ Explicit dependency on target 'RCT-Folly' in project 'Pods'
        ➜ Explicit dependency on target 'React-cxxreact' in project 'Pods'
        ➜ Explicit dependency on target 'React-debug' in project 'Pods'
        ➜ Explicit dependency on target 'React-jsi' in project 'Pods'
        ➜ Explicit dependency on target 'glog' in project 'Pods'
        ➜ Explicit dependency on target 'hermes-engine' in project 'Pods'
    Target 'React-Mapbuffer' in project 'Pods'
        ➜ Explicit dependency on target 'React-debug' in project 'Pods'
        ➜ Explicit dependency on target 'glog' in project 'Pods'
    Target 'React-RCTFabric' in project 'Pods'
        ➜ Explicit dependency on target 'RCT-Folly' in project 'Pods'
        ➜ Explicit dependency on target 'React-Core' in project 'Pods'
        ➜ Explicit dependency on target 'React-Fabric' in project 'Pods'
        ➜ Explicit dependency on target 'React-FabricComponents' in project 'Pods'
        ➜ Explicit dependency on target 'React-FabricImage' in project 'Pods'
        ➜ Explicit dependency on target 'React-ImageManager' in project 'Pods'
        ➜ Explicit dependency on target 'React-RCTImage' in project 'Pods'
        ➜ Explicit dependency on target 'React-RCTText' in project 'Pods'
        ➜ Explicit dependency on target 'React-debug' in project 'Pods'
        ➜ Explicit dependency on target 'React-featureflags' in project 'Pods'
        ➜ Explicit dependency on target 'React-graphics' in project 'Pods'
        ➜ Explicit dependency on target 'React-jsi' in project 'Pods'
        ➜ Explicit dependency on target 'React-jsinspector' in project 'Pods'
        ➜ Explicit dependency on target 'React-nativeconfig' in project 'Pods'
        ➜ Explicit dependency on target 'React-performancetimeline' in project 'Pods'
        ➜ Explicit dependency on target 'React-rendererconsistency' in project 'Pods'
        ➜ Explicit dependency on target 'React-rendererdebug' in project 'Pods'
        ➜ Explicit dependency on target 'React-runtimescheduler' in project 'Pods'
        ➜ Explicit dependency on target 'React-utils' in project 'Pods'
        ➜ Explicit dependency on target 'Yoga' in project 'Pods'
        ➜ Explicit dependency on target 'glog' in project 'Pods'
        ➜ Explicit dependency on target 'hermes-engine' in project 'Pods'
    Target 'React-nativeconfig' in project 'Pods' (no dependencies)
    Target 'React-RCTText' in project 'Pods'
        ➜ Explicit dependency on target 'React-Core' in project 'Pods'
        ➜ Explicit dependency on target 'Yoga' in project 'Pods'
    Target 'React-FabricComponents' in project 'Pods'
        ➜ Explicit dependency on target 'DoubleConversion' in project 'Pods'
        ➜ Explicit dependency on target 'RCT-Folly' in project 'Pods'
        ➜ Explicit dependency on target 'RCTRequired' in project 'Pods'
        ➜ Exp
debug licit dependency on target 'RCTTypeSafety' in project 'Pods'
        ➜ Explicit dependency on target 'React-Core' in project 'Pods'
        ➜ Explicit dependency on target 'React-Fabric' in project 'Pods'
        ➜ Explicit dependency on target 'React-cxxreact' in project 'Pods'
        ➜ Explicit dependency on target 'React-debug' in project 'Pods'
        ➜ Explicit dependency on target 'React-featureflags' in project 'Pods'
        ➜ Explicit dependency on target 'React-graphics' in project 'Pods'
        ➜ Explicit dependency on target 'React-jsi' in project 'Pods'
        ➜ Explicit dependency on target 'React-jsiexecutor' in project 'Pods'
        ➜ Explicit dependency on target 'React-logger' in project 'Pods'
        ➜ Explicit dependency on target 'React-rendererdebug' in project 'Pods'
        ➜ Explicit dependency on target 'React-runtimescheduler' in project 'Pods'
        ➜ Explicit dependency on target 'React-utils' in project 'Pods'
        ➜ Explicit dependency on target 'ReactCodegen' in project 'Pods'
        ➜ Explicit dependency on target 'ReactCommon' in project 'Pods'
        ➜ Explicit dependency on target 'Yoga' in project 'Pods'
        ➜ Explicit dependency on target 'fast_float' in project 'Pods'
        ➜ Explicit dependency on target 'fmt' in project 'Pods'
        ➜ Explicit dependency on target 'glog' in project 'Pods'
        ➜ Explicit dependency on target 'hermes-engine' in project 'Pods'
    Target 'React-CoreModules' in project 'Pods'
        ➜ Explicit dependency on target 'DoubleConversion' in project 'Pods'
        ➜ Explicit dependency on target 'RCT-Folly' in project 'Pods'
        ➜ Explicit dependency on target 'RCTTypeSafety' in project 'Pods'
        ➜ Explicit dependency on target 'React-Core' in project 'Pods'
        ➜ Explicit dependency on target 'React-NativeModulesApple' in project 'Pods'
        ➜ Explicit dependency on target 'React-RCTBlob' in project 'Pods'
        ➜ Explicit dependency on target 'React-RCTImage' in project 'Pods'
        ➜ Explicit dependency on target 'React-jsi' in project 'Pods'
        ➜ Explicit dependency on target 'React-jsinspector' in project 'Pods'
        ➜ Explicit dependency on target 'ReactCodegen' in project 'Pods'
        ➜ Explicit dependency on target 'ReactCommon' in project 'Pods'
        ➜ Explicit dependency on target 'SocketRocket' in project 'Pods'
        ➜ Explicit dependency on target 'fast_float' in project 'Pods'
        ➜ Explicit dependency on target 'fmt' in project 'Pods'
    Target 'React-RCTImage' in project 'Pods'
        ➜ Explicit dependency on target 'RCT-Folly' in project 'Pods'
        ➜ Explicit dependency on target 'RCTTypeSafety' in project 'Pods'
        ➜ Explicit dependency on target 'React-Core' in project 'Pods'
        ➜ Explicit dependency on target 'React-NativeModulesApple' in project 'Pods'
        ➜ Explicit dependency on target 'React-RCTNetwork' in project 'Pods'
        ➜ Explicit dependency on target 'React-jsi' in project 'Pods'
        ➜ Explicit dependency on target 'ReactCodegen' in project 'Pods'
        ➜ Explicit dependency on target 'ReactCommon' in project 'Pods'
    Target 'React-RCTBlob' in project 'Pods'
        ➜ Explicit dependency on target 'DoubleConversion' in project 'Pods'
        ➜ Explicit dependency on target 'RCT-Folly' in project 'Pods'
        ➜ Explicit dependency on target 'React-Core' in project 'Pods'
        ➜ Explicit dependency on target 'React-NativeModulesApple' in project 'Pods'
        ➜ Explicit dependency on target 'React-RCTNetwork' in project 'Pods'
        ➜ Explicit dependency on target 'React-jsi' in project 'Pods'
        ➜ Explicit dependency on target 'React-jsinspector' in project 'Pods'
        ➜ Explicit dependency on target 'ReactCodegen' in project 'Pods'
        ➜ Explicit dependency on target 'ReactCommon' in project 'Pods'
        ➜ Explicit dependency on target 'fast_float' in project 'Pods'
        ➜ Explicit dependency on target 'fmt' in project 'Pods'
        ➜ Explicit dependency on target 'hermes-engine' in project 'Pods'
    Target 'React-RCTNetwork' in project 'Pods'
        ➜ Explicit dependency on target 'RCT-Folly' in project 'Pods'
        ➜ Explicit dependency on target 'RCTTypeSafety' in project 'Pods'
        ➜ Explicit dependency on target 'React-Core' in project 'Pods'
        ➜ Explicit dependency on target 'React-NativeModulesApple' in project 'Pods'
        ➜ Explicit dependency on target 'React-jsi' in project 'Pods'
        ➜ Explicit dependency on target 'ReactCodegen' in project 'Pods'
        ➜ Explicit dependency on target 'ReactCommon' in project 'Pods'
    Target 'ReactCodegen' in project 'Pods'
        ➜ Explicit dependency on target 'DoubleConversion' in project 'Pods'
        ➜ Explicit dependency on target 'RCT-Folly' in project 'Pods'
        ➜ Explicit dependency on target 'RCTRequired' in project 'Pods'
        ➜ Explicit dependency on target 'RCTTypeSafety' in project 'Pods'
        ➜ Explicit dependency on target 'React-Core' in project 'Pods'
        ➜ Explicit dependency on target 'React-Fabric' in project 'Pods'
        ➜ Explicit dependency on target 'React-FabricImage' in project 'Pods'
        ➜ Explicit dependency on target 'React-NativeModulesApple' in project 'Pods'
        ➜ Explicit dependency on target 'React-debug' in project 'Pods'
        ➜ Explicit dependency on target 'React-featureflags' in project 'Pods'
        ➜ Explicit dependency on target 'React-graphics' in project 'Pods'
        ➜ Explicit dependency on target 'React-jsi' in project 'Pods'
        ➜ Explicit dependency on target 'React-jsiexecutor' in project 'Pods'
        ➜ Explicit dependency on target 'React-rendererdebug' in project 'Pods'
        ➜ Explicit dependency on target 'React-utils' in project 'Pods'
        ➜ Explicit dependency on target 'ReactCommon' in project 'Pods'
        ➜ Explicit dependency on target 'glog' in project 'Pods'
        ➜ Explicit dependency on target 'hermes-engine' in project 'Pods'
    Target 'React-FabricImage' in project 'Pods'
        ➜ Explicit dependency on target 'DoubleConversion' in project 'Pods'
        ➜ Explicit dependency on target 'RCT-Folly' in project 'Pods'
        ➜ Explicit dependency on target 'RCTRequired' in project 'Pods'
        ➜ Explicit dependency on target 'RCTTypeSafety' in project 'Pods'
        ➜ Explicit dependency on target 'React-Fabric' in project 'Pods'
        ➜ Explicit dependency on target 'React-ImageManager' in project 'Pods'
        ➜ Explicit dependency on target 'React-graphics' in project 'Pods'
        ➜ Explicit dependency on target 'React-jsi' in project 'Pods'
        ➜ Explicit dependency on target 'React-jsiexecutor' in project 'Pods'
        ➜ Explicit dependency on target 'React-logger' in project 'Pods'
        ➜ Explicit dependency on target 'React-rendererdebug' in project 'Pods'
        ➜ Explicit dependency on target 'React-utils' in project 'Pods'
        ➜ Explicit dependency on target 'ReactCommon' in project 'Pods'
        ➜ Explicit dependency on target 'Yoga' in project 'Pods'
        ➜ Explicit dependency on target 'fast_float' in project 'Pods'
        ➜ Explicit dependency on target 'fmt' in project 'Pods'
        ➜ Explicit dependency on target 'glog' in project 'Pods'
        ➜ Explicit dependency on target 'hermes-engine' in project 'Pods'
    Target 'React-NativeModulesApple' in project 'Pods'
        ➜ Explicit dependency on target 'React-Core' in project 'Pods'
        ➜ Explicit dependency on target 'React-callinvoker' in project 'Pods'
        ➜ Explicit dependency on target 'React-cxxreact' in project 'Pods'
        ➜ Explicit dependency on target 'React-jsi' in project 'Pods'
        ➜ Explicit dependency on target 'React-jsinspector' in project 'Pods'
        ➜ Explicit dependency on target 'React-runtimeexecutor' in project 'Pods'
        ➜ Explicit dependency on target 'ReactCommon' in project 'Pods'
        ➜ Explicit
debug  dependency on target 'glog' in project 'Pods'
        ➜ Explicit dependency on target 'hermes-engine' in project 'Pods'
    Target 'React-ImageManager' in project 'Pods'
        ➜ Explicit dependency on target 'RCT-Folly' in project 'Pods'
        ➜ Explicit dependency on target 'React-Core' in project 'Pods'
        ➜ Explicit dependency on target 'React-Fabric' in project 'Pods'
        ➜ Explicit dependency on target 'React-debug' in project 'Pods'
        ➜ Explicit dependency on target 'React-graphics' in project 'Pods'
        ➜ Explicit dependency on target 'React-rendererdebug' in project 'Pods'
        ➜ Explicit dependency on target 'React-utils' in project 'Pods'
        ➜ Explicit dependency on target 'glog' in project 'Pods'
    Target 'React-Fabric' in project 'Pods'
        ➜ Explicit dependency on target 'DoubleConversion' in project 'Pods'
        ➜ Explicit dependency on target 'RCT-Folly' in project 'Pods'
        ➜ Explicit dependency on target 'RCTRequired' in project 'Pods'
        ➜ Explicit dependency on target 'RCTTypeSafety' in project 'Pods'
        ➜ Explicit dependency on target 'React-Core' in project 'Pods'
        ➜ Explicit dependency on target 'React-cxxreact' in project 'Pods'
        ➜ Explicit dependency on target 'React-debug' in project 'Pods'
        ➜ Explicit dependency on target 'React-featureflags' in project 'Pods'
        ➜ Explicit dependency on target 'React-graphics' in project 'Pods'
        ➜ Explicit dependency on target 'React-jsi' in project 'Pods'
        ➜ Explicit dependency on target 'React-jsiexecutor' in project 'Pods'
        ➜ Explicit dependency on target 'React-logger' in project 'Pods'
        ➜ Explicit dependency on target 'React-performancetimeline' in project 'Pods'
        ➜ Explicit dependency on target 'React-rendererconsistency' in project 'Pods'
        ➜ Explicit dependency on target 'React-rendererdebug' in project 'Pods'
        ➜ Explicit dependency on target 'React-runtimescheduler' in project 'Pods'
        ➜ Explicit dependency on target 'React-utils' in project 'Pods'
        ➜ Explicit dependency on target 'ReactCommon' in project 'Pods'
        ➜ Explicit dependency on target 'Yoga' in project 'Pods'
        ➜ Explicit dependency on target 'fast_float' in project 'Pods'
        ➜ Explicit dependency on target 'fmt' in project 'Pods'
        ➜ Explicit dependency on target 'glog' in project 'Pods'
        ➜ Explicit dependency on target 'hermes-engine' in project 'Pods'
    Target 'ReactCommon' in project 'Pods'
        ➜ Explicit dependency on target 'DoubleConversion' in project 'Pods'
        ➜ Explicit dependency on target 'RCT-Folly' in project 'Pods'
        ➜ Explicit dependency on target 'React-callinvoker' in project 'Pods'
        ➜ Explicit dependency on target 'React-cxxreact' in project 'Pods'
        ➜ Explicit dependency on target 'React-debug' in project 'Pods'
        ➜ Explicit dependency on target 'React-featureflags' in project 'Pods'
        ➜ Explicit dependency on target 'React-jsi' in project 'Pods'
        ➜ Explicit dependency on target 'React-logger' in project 'Pods'
        ➜ Explicit dependency on target 'React-perflogger' in project 'Pods'
        ➜ Explicit dependency on target 'React-utils' in project 'Pods'
        ➜ Explicit dependency on target 'fast_float' in project 'Pods'
        ➜ Explicit dependency on target 'fmt' in project 'Pods'
        ➜ Explicit dependency on target 'glog' in project 'Pods'
        ➜ Explicit dependency on target 'hermes-engine' in project 'Pods'
    Target 'React-graphics' in project 'Pods'
        ➜ Explicit dependency on target 'DoubleConversion' in project 'Pods'
        ➜ Explicit dependency on target 'RCT-Folly' in project 'Pods'
        ➜ Explicit dependency on target 'React-jsi' in project 'Pods'
        ➜ Explicit dependency on target 'React-jsiexecutor' in project 'Pods'
        ➜ Explicit dependency on target 'React-utils' in project 'Pods'
        ➜ Explicit dependency on target 'fast_float' in project 'Pods'
        ➜ Explicit dependency on target 'fmt' in project 'Pods'
        ➜ Explicit dependency on target 'glog' in project 'Pods'
    Target 'RCTTypeSafety' in project 'Pods'
        ➜ Explicit dependency on target 'FBLazyVector' in project 'Pods'
        ➜ Explicit dependency on target 'RCTRequired' in project 'Pods'
        ➜ Explicit dependency on target 'React-Core' in project 'Pods'
    Target 'FBLazyVector' in project 'Pods' (no dependencies)
    Target 'RCTRequired' in project 'Pods' (no dependencies)
    Target 'BVLinearGradient' in project 'Pods'
        ➜ Explicit dependency on target 'React-Core' in project 'Pods'
    Target 'React-Core' in project 'Pods'
        ➜ Explicit dependency on target 'RCT-Folly' in project 'Pods'
        ➜ Explicit dependency on target 'RCTDeprecation' in project 'Pods'
        ➜ Explicit dependency on target 'React-Core-React-Core_privacy' in project 'Pods'
        ➜ Explicit dependency on target 'React-cxxreact' in project 'Pods'
        ➜ Explicit dependency on target 'React-featureflags' in project 'Pods'
        ➜ Explicit dependency on target 'React-hermes' in project 'Pods'
        ➜ Explicit dependency on target 'React-jsi' in project 'Pods'
        ➜ Explicit dependency on target 'React-jsiexecutor' in project 'Pods'
        ➜ Explicit dependency on target 'React-jsinspector' in project 'Pods'
        ➜ Explicit dependency on target 'React-perflogger' in project 'Pods'
        ➜ Explicit dependency on target 'React-runtimescheduler' in project 'Pods'
        ➜ Explicit dependency on target 'React-utils' in project 'Pods'
        ➜ Explicit dependency on target 'SocketRocket' in project 'Pods'
        ➜ Explicit dependency on target 'Yoga' in project 'Pods'
        ➜ Explicit dependency on target 'glog' in project 'Pods'
        ➜ Explicit dependency on target 'hermes-engine' in project 'Pods'
    Target 'Yoga' in project 'Pods' (no dependencies)
    Target 'SocketRocket' in project 'Pods' (no dependencies)
    Target 'React-runtimescheduler' in project 'Pods'
        ➜ Explicit dependency on target 'RCT-Folly' in project 'Pods'
        ➜ Explicit dependency on target 'React-callinvoker' in project 'Pods'
        ➜ Explicit dependency on target 'React-cxxreact' in project 'Pods'
        ➜ Explicit dependency on target 'React-debug' in project 'Pods'
        ➜ Explicit dependency on target 'React-featureflags' in project 'Pods'
        ➜ Explicit dependency on target 'React-jsi' in project 'Pods'
        ➜ Explicit dependency on target 'React-performancetimeline' in project 'Pods'
        ➜ Explicit dependency on target 'React-rendererconsistency' in project 'Pods'
        ➜ Explicit dependency on target 'React-rendererdebug' in project 'Pods'
        ➜ Explicit dependency on target 'React-runtimeexecutor' in project 'Pods'
        ➜ Explicit dependency on target 'React-timing' in project 'Pods'
        ➜ Explicit dependency on target 'React-utils' in project 'Pods'
        ➜ Explicit dependency on target 'glog' in project 'Pods'
        ➜ Explicit dependency on target 'hermes-engine' in project 'Pods'
    Target 'React-utils' in project 'Pods'
        ➜ Explicit dependency on target 'RCT-Folly' in project 'Pods'
        ➜ Explicit dependency on target 'React-debug' in project 'Pods'
        ➜ Explicit dependency on target 'React-jsi' in project 'Pods'
        ➜ Explicit dependency on target 'glog' in project 'Pods'
        ➜ Explicit dependency on target 'hermes-engine' in project 'Pods'
    Target 'React-rendererdebug' in project 'Pods'
        ➜ Explicit dependency on target 'DoubleConversion' in project 'Pods'
        ➜ Explicit dependency on target 'RCT-Folly' in project 'Pods'
        ➜ Explicit dependency on target 'React-debug' in project 'Pods'
        ➜ Explicit dependency on target 'fast_float' in project 'Pods'
        ➜ Explicit dependency on target 'fmt' in project 'Pods'
    Target 'React-rendererconsistency' in project 'Po
debug ds' (no dependencies)
    Target 'React-performancetimeline' in project 'Pods'
        ➜ Explicit dependency on target 'RCT-Folly' in project 'Pods'
        ➜ Explicit dependency on target 'React-cxxreact' in project 'Pods'
        ➜ Explicit dependency on target 'React-timing' in project 'Pods'
    Target 'React-hermes' in project 'Pods'
        ➜ Explicit dependency on target 'DoubleConversion' in project 'Pods'
        ➜ Explicit dependency on target 'RCT-Folly' in project 'Pods'
        ➜ Explicit dependency on target 'React-cxxreact' in project 'Pods'
        ➜ Explicit dependency on target 'React-jsi' in project 'Pods'
        ➜ Explicit dependency on target 'React-jsiexecutor' in project 'Pods'
        ➜ Explicit dependency on target 'React-jsinspector' in project 'Pods'
        ➜ Explicit dependency on target 'React-perflogger' in project 'Pods'
        ➜ Explicit dependency on target 'React-runtimeexecutor' in project 'Pods'
        ➜ Explicit dependency on target 'fast_float' in project 'Pods'
        ➜ Explicit dependency on target 'fmt' in project 'Pods'
        ➜ Explicit dependency on target 'glog' in project 'Pods'
        ➜ Explicit dependency on target 'hermes-engine' in project 'Pods'
    Target 'React-jsiexecutor' in project 'Pods'
        ➜ Explicit dependency on target 'DoubleConversion' in project 'Pods'
        ➜ Explicit dependency on target 'RCT-Folly' in project 'Pods'
        ➜ Explicit dependency on target 'React-cxxreact' in project 'Pods'
        ➜ Explicit dependency on target 'React-jsi' in project 'Pods'
        ➜ Explicit dependency on target 'React-jsinspector' in project 'Pods'
        ➜ Explicit dependency on target 'React-perflogger' in project 'Pods'
        ➜ Explicit dependency on target 'fast_float' in project 'Pods'
        ➜ Explicit dependency on target 'fmt' in project 'Pods'
        ➜ Explicit dependency on target 'glog' in project 'Pods'
        ➜ Explicit dependency on target 'hermes-engine' in project 'Pods'
    Target 'React-cxxreact' in project 'Pods'
        ➜ Explicit dependency on target 'DoubleConversion' in project 'Pods'
        ➜ Explicit dependency on target 'RCT-Folly' in project 'Pods'
        ➜ Explicit dependency on target 'React-callinvoker' in project 'Pods'
        ➜ Explicit dependency on target 'React-cxxreact-React-cxxreact_privacy' in project 'Pods'
        ➜ Explicit dependency on target 'React-debug' in project 'Pods'
        ➜ Explicit dependency on target 'React-jsi' in project 'Pods'
        ➜ Explicit dependency on target 'React-jsinspector' in project 'Pods'
        ➜ Explicit dependency on target 'React-logger' in project 'Pods'
        ➜ Explicit dependency on target 'React-perflogger' in project 'Pods'
        ➜ Explicit dependency on target 'React-runtimeexecutor' in project 'Pods'
        ➜ Explicit dependency on target 'React-timing' in project 'Pods'
        ➜ Explicit dependency on target 'boost' in project 'Pods'
        ➜ Explicit dependency on target 'fast_float' in project 'Pods'
        ➜ Explicit dependency on target 'fmt' in project 'Pods'
        ➜ Explicit dependency on target 'glog' in project 'Pods'
        ➜ Explicit dependency on target 'hermes-engine' in project 'Pods'
    Target 'React-timing' in project 'Pods' (no dependencies)
    Target 'React-logger' in project 'Pods'
        ➜ Explicit dependency on target 'glog' in project 'Pods'
    Target 'React-jsinspector' in project 'Pods'
        ➜ Explicit dependency on target 'DoubleConversion' in project 'Pods'
        ➜ Explicit dependency on target 'RCT-Folly' in project 'Pods'
        ➜ Explicit dependency on target 'React-featureflags' in project 'Pods'
        ➜ Explicit dependency on target 'React-jsi' in project 'Pods'
        ➜ Explicit dependency on target 'React-perflogger' in project 'Pods'
        ➜ Explicit dependency on target 'React-runtimeexecutor' in project 'Pods'
        ➜ Explicit dependency on target 'glog' in project 'Pods'
        ➜ Explicit dependency on target 'hermes-engine' in project 'Pods'
    Target 'React-runtimeexecutor' in project 'Pods'
        ➜ Explicit dependency on target 'React-jsi' in project 'Pods'
    Target 'React-perflogger' in project 'Pods'
        ➜ Explicit dependency on target 'DoubleConversion' in project 'Pods'
        ➜ Explicit dependency on target 'RCT-Folly' in project 'Pods'
    Target 'React-featureflags' in project 'Pods' (no dependencies)
    Target 'React-jsi' in project 'Pods'
        ➜ Explicit dependency on target 'DoubleConversion' in project 'Pods'
        ➜ Explicit dependency on target 'RCT-Folly' in project 'Pods'
        ➜ Explicit dependency on target 'boost' in project 'Pods'
        ➜ Explicit dependency on target 'fast_float' in project 'Pods'
        ➜ Explicit dependency on target 'fmt' in project 'Pods'
        ➜ Explicit dependency on target 'glog' in project 'Pods'
        ➜ Explicit dependency on target 'hermes-engine' in project 'Pods'
    Target 'hermes-engine' in project 'Pods' (no dependencies)
    Target 'React-debug' in project 'Pods' (no dependencies)
    Target 'React-cxxreact-React-cxxreact_privacy' in project 'Pods' (no dependencies)
    Target 'React-callinvoker' in project 'Pods' (no dependencies)
    Target 'React-Core-React-Core_privacy' in project 'Pods' (no dependencies)
    Target 'RCTDeprecation' in project 'Pods' (no dependencies)
    Target 'RCT-Folly' in project 'Pods'
        ➜ Explicit dependency on target 'DoubleConversion' in project 'Pods'
        ➜ Explicit dependency on target 'RCT-Folly-RCT-Folly_privacy' in project 'Pods'
        ➜ Explicit dependency on target 'boost' in project 'Pods'
        ➜ Explicit dependency on target 'fast_float' in project 'Pods'
        ➜ Explicit dependency on target 'fmt' in project 'Pods'
        ➜ Explicit dependency on target 'glog' in project 'Pods'
    Target 'glog' in project 'Pods'
        ➜ Explicit dependency on target 'glog-glog_privacy' in project 'Pods'
    Target 'glog-glog_privacy' in project 'Pods' (no dependencies)
    Target 'fmt' in project 'Pods' (no dependencies)
    Target 'fast_float' in project 'Pods' (no dependencies)
    Target 'boost' in project 'Pods'
        ➜ Explicit dependency on target 'boost-boost_privacy' in project 'Pods'
    Target 'boost-boost_privacy' in project 'Pods' (no dependencies)
    Target 'RCT-Folly-RCT-Folly_privacy' in project 'Pods' (no dependencies)
    Target 'DoubleConversion' in project 'Pods' (no dependencies)
    Target 'BEMCheckBox' in project 'Pods' (no dependencies)

debug 

debug GatherProvisioningInputs

debug 

debug CreateBuildDescription

debug 
ExecuteExternalTool /Applications/Xcode.app/Contents/Developer/Toolchains/XcodeDefault.xctoolchain/usr/bin/clang -v -E -dM -arch arm64 -isysroot /Applications/Xcode.app/Contents/Developer/Platforms/iPhoneSimulator.platform/Developer/SDKs/iPhoneSimulator18.5.sdk -x c++ -c /dev/null
debug 

debug 

debug ExecuteExternalTool /Applications/Xcode.app/Contents/Developer/Toolchains/XcodeDefault.xctoolchain/usr/bin/clang -v -E -dM -arch arm64 -isysroot /Applications/Xcode.app/Contents/Developer/Platforms/iPhoneSimulator.platform/Developer/SDKs/iPhoneSimulator18.5.sdk -x objective-c -c /dev/null

ExecuteExternalTool /Applications/Xcode.app/Contents/Developer/Toolchains/XcodeDefault.xctoolchain/usr/bin/clang -v -E -dM -arch arm64 -isysroot /Applications/Xcode.app/Contents/Developer/Platforms/iPhoneSimulator.platform/Developer/SDKs/iPhoneSimulator18.5.sdk -x objective-c++ -c /dev/null

debug 
ExecuteExternalTool /Applications/Xcode.app/Contents/Developer/usr/bin/ibtool --version --output-format xml1

debug 
ExecuteExternalTool /Applications/Xcode.app/Contents/Developer/Toolchains/XcodeDefault.xctoolchain/usr/bin/clang -v -E -dM -arch arm64 -isysroot /Applications/Xcode.app/Contents/Developer/Platforms/iPhoneSimulator.platform/Developer/SDKs/iPhoneSimulator18.5.sdk -x c -c /dev/null
debug 

ExecuteExternalTool /Applications/Xcode.app/Contents/Developer/Toolchains/XcodeDefault.xctoolchain/usr/bin/clang -v -E -dM -isysroot /Applications/Xcode.app/Contents/Developer/Platforms/iPhoneSimulator.platform/Developer/SDKs/iPhoneSimulator18.5.sdk -x c -c /dev/null

ExecuteExternalTool /Applications/Xcode.app/Contents/Developer/Toolchains/XcodeDefault.xctoolchain/usr/bin/swiftc --version

ExecuteExternalTool /Applications/Xcode.app/Contents/Developer/Toolchains/XcodeDefault.xctoolchain/usr/bin/libtool -V

ExecuteExternalTool /Applications/Xcode.app/Contents/Developer/usr/bin/actool --print-asset-tag-combinations --output-format xml1 /Users/momtajhusen/Desktop/UnderOneRoof/ios/UnderOneRoof/Images.xcassets

debug 
ExecuteExternalTool /Applications/Xcode.app/Contents/Developer/Toolchains/XcodeDefault.xctoolchain/usr/bin/clang -v -E -dM -arch arm64 -isysroot /Applications/Xcode.app/Contents/Developer/Platforms/iPhoneSimulator.platform/Developer/SDKs/iPhoneSimulator18.5.sdk -x assembler-with-cpp -c /dev/null
debug 


debug ExecuteExternalTool /Applications/Xcode.app/Contents/Developer/usr/bin/actool --version --output-format xml1

debug 

debug ExecuteExternalTool /Applications/Xcode.app/Contents/Developer/Toolchains/XcodeDefault.xctoolchain/usr/bin/ld -version_details

debug 

debug Build description signature: f760f842abc0a3ec2e3d0cd477cacf07

debug Build description path: /Users/momtajhusen/Library/Developer/Xcode/DerivedData/UnderOneRoof-bvjuhnhcwjrvzafftvptbetbcgcq/Build/Intermediates.noindex/XCBuildData/f760f842abc0a3ec2e3d0cd477cacf07.xcbuilddata

debug ClangStatCache /Applications/Xcode.app/Contents/Developer/Toolchains/XcodeDefault.xctoolchain/usr/bin/clang-stat-cache /Applications/Xcode.app/Contents/Developer/Platforms/iPhoneSimulator.platform/Developer/SDKs/iPhoneSimulator18.5.sdk /Users/momtajhusen/Library/Developer/Xcode/DerivedData/SDKStatCaches.noindex/iphonesimulator18.5-22F76-d5fc8ad4295d2ef488fb7d0f804ce0c4.sdkstatcache
    cd /Users/momtajhusen/Desktop/UnderOneRoof/ios
    /Applications/Xcode.app/Contents/Developer/Toolchains/XcodeDefault.xctoolchain/usr/bin/clang-stat-cache /Applications/Xcode.app/Contents/Developer/Platforms/iPhoneSimulator.platform/Developer/SDKs/iPhoneSimulator18.5.sdk -o /Users/momtajhusen/Library/Developer/Xcode/DerivedData/SDKStatCaches.noindex/iphonesimulator18.5-22F76-d5fc8ad4295d2ef488fb7d0f804ce0c4.sdkstatcache

debug 

debug ProcessInfoPlistFile /Users/momtajhusen/Library/Developer/Xcode/DerivedData/UnderOneRoof-bvjuhnhcwjrvzafftvptbetbcgcq/Build/Products/Debug-iphonesimulator/ExpoFileSystem/ExpoFileSystem_privacy.bundle/Info.plist /Users/momtajhusen/Desktop/UnderOneRoof/ios/Pods/Target\ Support\ Files/ExpoFileSystem/ResourceBundle-ExpoFileSystem_privacy-ExpoFileSystem-Info.plist (in target 'ExpoFileSystem-ExpoFileSystem_privacy' from project 'Pods')
    cd /Users/momtajhusen/Desktop/UnderOneRoof/ios/Pods
    builtin-infoPlistUtility /Users/momtajhusen/Desktop/UnderOneRoof/ios/Pods/Target\ Support\ Files/ExpoFileSystem/ResourceBundle-ExpoFileSystem_privacy-ExpoFileSystem-Info.plist -producttype com.apple.product-type.bundle -expandbuildsettings -format binary -platform iphonesimulator -o /Users/momtajhusen/Library/Developer/Xcode/DerivedData/UnderOneRoof-bvjuhnhcwjrvzafftvptbetbcgcq/Build/Products/Debug-iphonesimulator/ExpoFileSystem/ExpoFileSystem_privacy.bundle/Info.plist

ProcessInfoPlistFile /Users/momtajhusen/Library/Developer/Xcode/DerivedData/UnderOneRoof-bvjuhnhcwjrvzafftvptbetbcgcq/Build/Products/Debug-iphonesimulator/ReachabilitySwift/ReachabilitySwift.bundle/Info.plist /Users/momtajhusen/Desktop/UnderOneRoof/ios/Pods/Target\ Support\ Files/ReachabilitySwift/ResourceBundle-ReachabilitySwift-ReachabilitySwift-Info.plist (in target 'ReachabilitySwift-ReachabilitySwift' from project 'Pods')
    cd /Users/momtajhusen/Desktop/UnderOneRoof/ios/Pods
    builtin-infoPlistUtility /Users/momtajhusen/Desktop/UnderOneRoof/ios/Pods/Target\ Support\ Files/ReachabilitySwift/ResourceBundle-ReachabilitySwift-ReachabilitySwift-Info.plist -producttype com.apple.product-type.bundle -expandbuildsettings -format binary -platform iphonesimulator -o /Users/momtajhusen/Library/Developer/Xcode/DerivedData/UnderOneRoof-bvjuhnhcwjrvzafftvptbetbcgcq/Build/Products/Debug-iphonesimulator/ReachabilitySwift/ReachabilitySwift.bundle/Info.plist

ProcessInfoPlistFile /Users/momtajhusen/Library/Developer/Xcode/DerivedData/UnderOneRoof-bvjuhnhcwjrvzafftvptbetbcgcq/Build/Products/Debug-iphonesimulator/RNCAsyncStorage/RNCAsyncStorage_resources.bundle/Info.plist /Users/momtajhusen/Desktop/UnderOneRoof/ios/Pods/Target\ Support\ Files/RNCAsyncStorage/ResourceBundle-RNCAsyncStorage_resources-RNCAsyncStorage-Info.plist (in target 'RNCAsyncStorage-RNCAsyncStorage_resources' from project 'Pods')
    cd /Users/momtajhusen/Desktop/UnderOneRoof/ios/Pods
    builtin-infoPlistUtility /Users/momtajhusen/Desktop/UnderOneRoof/ios/Pods/Target\ Support\ Files/RNCAsyncStorage/ResourceBundle-RNCAsyncStorage_resources-RNCAsyncStorage-Info.plist -producttype com.apple.product-type.bundle -expandbuildsettings -format binary -platform iphonesimulator -o /Users/momtajhusen/Library/Developer/Xcode/DerivedData/UnderOneRoof-bvjuhnhcwjrvzafftvptbetbcgcq/Build/Products/Debug-iphonesimulator/RNCAsyncStorage/RNCAsyncStorage_resources.bundle/Info.plist

ProcessInfoPlistFile /Users/momtajhusen/Library/Developer/Xcode/DerivedData/UnderOneRoof-bvjuhnhcwjrvzafftvptbetbcgcq/Build/Products/Debug-iphonesimulator/ExpoDevice/ExpoDevice_privacy.bundle/Info.plist /Users/momtajhusen/Desktop/UnderOneRoof/ios/Pods/Target\ Support\ Files/ExpoDevice/ResourceBundle-ExpoDevice_privacy-ExpoDevice-Info.plist (in target 'ExpoDevice-ExpoDevice_privacy' from project 'Pods')
    cd /Users/momtajhusen/Desktop/UnderOneRoof/ios/Pods
    builtin-infoPlistUtility /Users/momtajhusen/Desktop/UnderOneRoof/ios/Pods/Target\ Support\ Files/ExpoDevice/ResourceBundle-ExpoDevice_privacy-ExpoDevice-Info.plist -producttype com.apple.product-type.bundle -expandbuildsettings -format binary -platform iphonesimulator -o /Users/momtajhusen/Library/Developer/Xcode/DerivedData/UnderOneRoof-bvjuhnhcwjrvzafftvptbetbcgcq/Build/Products/Debug-iphonesimulator/ExpoDevice/ExpoDevice_privacy.bundle/Info.plist

ProcessInfoPlistFile /Users/momtajhusen/Library/Developer/Xcode/DerivedData/UnderOneRoof-bvjuhnhcwjrvzafftvptbetbcgcq/Build/Products/Debug-iphonesimulator/EXConstants/ExpoConstants_privacy.bundle/Info.plist /Users/momtajhusen/Desktop/UnderOneRoof/ios/Pods/Target\ Support\ Files/EXConstants/ResourceBundle-ExpoConstants_privacy-EXConstants-Info.plist (in target 'EXConstants-ExpoConstants_privacy' from project 'Pods')
    cd /Users/momtajhusen/Desktop/UnderOneRoof/ios/Pods
    builtin-infoPlistUtility /Users/momtajhusen/Desktop/UnderOneRoof/ios/Pods/Target\ Support\ Files/EXConstants/ResourceBundle-ExpoConstants_privacy-EXConstants-Info.plist -producttype com.apple.product-type.bundle -expandbuildsettings -format binary -platform iphonesimulator -o /Users/momtajhusen/Library/Developer/Xcode/DerivedData/UnderOneRoof-bvjuhnhcwjrvzafftvptbetbcgcq/Build/Products/Debug-iphonesimulator/EXConstants/ExpoConstants_privacy.bundle/Info.plist

ProcessInfoPlistFile /Users/momtajhusen/Library/Developer/Xcode/DerivedData/UnderOneRoof-bvjuhnhcwjrvzafftvptbetbcgcq/Build/Products/Debug-iphonesimulator/EXApplication/ExpoApplication_privacy.bundle/Info.plist /Users/momtajhusen/Desktop/UnderOneRoof/ios/Pods/Target\ Support\ Files/EXApplication/ResourceBundle-ExpoApplication_privacy-EXApplication-Info.plist (in target 'EXApplication-ExpoApplication_privacy' from project 'Pods')
    cd /Users/momtajhusen/Desktop/UnderOneRoof/ios/Pods
    builtin-infoPlistUtility /Users/momtajhusen/Desktop/UnderOneRoof/ios/Pods/Target\ Support\ Files/EXApplication/ResourceBundle-ExpoApplication_privacy-EXApplication-Info.plist -producttype com.apple.product-type.bundle -expandbuildsettings -format binary -platform iphonesimulator -o /Users/momtajhusen/Library/Developer/Xcode/DerivedData/UnderOneRoof-bvjuhnhcwjrvzafftvptbetbcgcq/Build/Products/Debug-iphonesimulator/EXApplication/ExpoApplication_privacy.bundle/Info.plist

ProcessInfoPlistFile /Users/momtajhusen/Library/Developer/Xcode/DerivedData/UnderOneRoof-bvjuhnhcwjrvzafftvptbetbcgcq/Build/Products/Debug-iphonesimulator/EXNotifications/ExpoNotifications_privacy.bundle/Info.plist /Users/momtajhusen/Desktop/UnderOneRoof/ios/Pods/Target\ Support\ Files/EXNotifications/ResourceBundle-ExpoNotifications_privacy-EXNotifications-Info.plist (in target 'EXNotifications-ExpoNotifications_privacy' from project 'Pods')
    cd /Users/momtajhusen/Desktop/UnderOneRoof/ios/Pods
    builtin-infoPlistUtility /Users/momtajhusen/Desktop/UnderOneRoof/ios/Pods/Target\ Support\ Files/EXNotifications/ResourceBundle-ExpoNotifications_privacy-EXNotifications-Info.plist -producttype com.apple.product-type.bundle -expandbuildsettings -format binary -platform iphonesimulator -o /Users/momtajhusen/Library/Developer/Xcode/DerivedData/UnderOneRoof-bvjuhnhcwjrvzafftvptbetbcgcq/Build/Products/Debug-iphonesimulator/EXNotifications/ExpoNotifications_privacy.bundle/Info.plist


debug PhaseScriptExecution [CP-User]\ [Hermes]\ Replace\ Hermes\ for\ the\ right\ configuration,\ if\ needed /Users/momtajhusen/Library/Developer/Xcode/DerivedData/UnderOneRoof-bvjuhnhcwjrvzafftvptbetbcgcq/Build/Intermediates.noindex/Pods.build/Debug-iphonesimulator/hermes-engine.build/Script-46EB2E00024B70.sh (in target 'hermes-engine' from project 'Pods')
    cd /Users/momtajhusen/Desktop/UnderOneRoof/ios/Pods
    export ACTION\=build
    export AD_HOC_CODE_SIGNING_ALLOWED\=YES
    export ALLOW_BUILD_REQUEST_OVERRIDES\=NO
    export ALLOW_TARGET_PLATFORM_SPECIALIZATION\=NO
    export ALTERNATE_GROUP\=staff
    export ALTERNATE_MODE\=u+w,go-w,a+rX
    export ALTERNATE_OWNER\=momtajhusen
    export ALTERNATIVE_DISTRIBUTION_WEB\=NO
    export ALWAYS_EMBED_SWIFT_STANDARD_LIBRARIES\=NO
    export ALWAYS_SEARCH_USER_PATHS\=NO
    export ALWAYS_USE_SEPARATE_HEADERMAPS\=NO
    export APPLICATION_EXTENSION_API_ONLY\=NO
    export APPLY_RULES_IN_COPY_FILES\=NO
    export APPLY_RULES_IN_COPY_HEADERS\=NO
    export APP_SHORTCUTS_ENABLE_FLEXIBLE_MATCHING\=YES
    export ARCHS\=arm64
    export ARCHS_STANDARD\=arm64\ x86_64
    export ARCHS_STANDARD_32_64_BIT\=arm64\ x86_64
    export ARCHS_STANDARD_64_BIT\=arm64\ x86_64
    export ARCHS_STANDARD_INCLUDING_64_BIT\=arm64\ x86_64
    export ARCHS_UNIVERSAL_IPHONE_OS\=arm64\ x86_64
    export ASSETCATALOG_COMPILER_APPICON_NAME\=AppIcon
    export ASSETCATALOG_COMPILER_GLOBAL_ACCENT_COLOR_NAME\=AccentColor
    export ASSETCATALOG_FILTER_FOR_DEVICE_MODEL\=iPhone17,1
    export ASSETCATALOG_FILTER_FOR_DEVICE_OS_VERSION\=18.5
    export ASSETCATALOG_FILTER_FOR_THINNING_DEVICE_CONFIGURATION\=iPhone17,1
    export AUTOMATICALLY_MERGE_DEPENDENCIES\=NO
    export AVAILABLE_PLATFORMS\=android\ appletvos\ appletvsimulator\ driverkit\ iphoneos\ iphonesimulator\ macosx\ qnx\ watchos\ watchsimulator\ xros\ xrsimulator
    export BITCODE_GENERATION_MODE\=marker
    export BUILD_ACTIVE_RESOURCES_ONLY\=YES
    export BUILD_COMPONENTS\=headers\ build
    export BUILD_DIR\=/Users/momtajhusen/Library/Developer/Xcode/DerivedData/UnderOneRoof-bvjuhnhcwjrvzafftvptbetbcgcq/Build/Products
    export BUILD_LIBRARY_FOR_DISTRIBUTION\=NO
    export BUILD_ROOT\=/Users/momtajhusen/Library/Developer/Xcode/DerivedData/UnderOneRoof-bvjuhnhcwjrvzafftvptbetbcgcq/Build/Products
    export BUILD_STYLE\=
    export BUILD_VARIANTS\=normal
    export BUILT_PRODUCTS_DIR\=/Users/momtajhusen/Library/Developer/Xcode/DerivedData/UnderOneRoof-bvjuhnhcwjrvzafftvptbetbcgcq/Build/Products/Debug-iphonesimulator/hermes-engine
    export BUNDLE_CONTENTS_FOLDER_PATH_deep\=Contents/
    export BUNDLE_EXECUTABLE_FOLDER_NAME_deep\=MacOS
    export BUNDLE_EXTENSIONS_FOLDER_PATH\=Extensions
    export BUNDLE_FORMAT\=shallow
    export BUNDLE_FRAMEWORKS_FOLDER_PATH\=Frameworks
    export BUNDLE_PLUGINS_FOLDER_PATH\=PlugIns
    export BUNDLE_PRIVATE_HEADERS_FOLDER_PATH\=PrivateHeaders
    export BUNDLE_PUBLIC_HEADERS_FOLDER_PATH\=Headers
    export CACHE_ROOT\=/var/folders/16/zpvg3mmj60z93jdqm4mqc_xw0000gn/C/com.apple.DeveloperTools/16.4-16F6/Xcode
    export CCHROOT\=/var/folders/16/zpvg3mmj60z93jdqm4mqc_xw0000gn/C/com.apple.DeveloperTools/16.4-16F6/Xcode
    export CHMOD\=/bin/chmod
    export CHOWN\=/usr/sbin/chown
    export CLANG_ANALYZER_LOCALIZABILITY_NONLOCALIZED\=YES
    export CLANG_ANALYZER_NONNULL\=YES
    export CLANG_ANALYZER_NUMBER_OBJECT_CONVERSION\=YES_AGGRESSIVE
    export CLANG_CACHE_FINE_GRAINED_OUTPUTS\=YES
    export CLANG_CXX_LANGUAGE_STANDARD\=c++20
    export CLANG_CXX_LIBRARY\=compiler-default
    export CLANG_ENABLE_EXPLICIT_MODULES\=YES
    export CLANG_ENABLE_MODULES\=YES
    export CLANG_ENABLE_OBJC_ARC\=YES
    export CLANG_ENABLE_OBJC_WEAK\=NO
    export CLANG_MODULES_BUILD_SESSION_FILE\=/Users/momtajhusen/Library/Developer/Xcode/DerivedData/ModuleCache.noindex/Session.modulevalidation
    export CLANG_WARN_BLOCK_CAPTURE_AUTORELEASING\=YES
    export CLANG_WARN_BOOL_CONVERSION\=YES
    export CLANG_WARN_COMMA\=YES
    export CLANG_WARN_CONSTANT_CONVERSION\=YES
    export CLANG_WARN_DEPRECATED_OBJC_IMPLEMENTATIONS\=YES
    export CLANG_WARN_DIRECT_OBJC_ISA_USAGE\=YES_ERROR
    export CLANG_WARN_DOCUMENTATION_COMMENTS\=YES
    export CLANG_WARN_EMPTY_BODY\=YES
    export CLANG_WARN_ENUM_CONVERSION\=YES
    export CLANG_WARN_INFINITE_RECURSION\=YES
    export CLANG_WARN_INT_CONVERSION\=YES
    export CLANG_WARN_NON_LITERAL_NULL_CONVERSION\=YES
    export CLANG_WARN_OBJC_IMPLICIT_RETAIN_SELF\=YES
    export CLANG_WARN_OBJC_LITERAL_CONVERSION\=YES
    export CLANG_WARN_OBJC_ROOT_CLASS\=YES_ERROR
    export CLANG_WARN_QUOTED_INCLUDE_IN_FRAMEWORK_HEADER\=NO
    export CLANG_WARN_RANGE_LOOP_ANALYSIS\=YES
    export CLANG_WARN_STRICT_PROTOTYPES\=YES
    export CLANG_WARN_SUSPICIOUS_MOVE\=YES
    export CLANG_WARN_UNGUARDED_AVAILABILITY\=YES_AGGRESSIVE
    export CLANG_WARN_UNREACHABLE_CODE\=YES
    export CLANG_WARN__DUPLICATE_METHOD_MATCH\=YES
    export CLASS_FILE_DIR\=/Users/momtajhusen/Library/Developer/Xcode/DerivedData/UnderOneRoof-bvjuhnhcwjrvzafftvptbetbcgcq/Build/Intermediates.noindex/Pods.build/Debug-iphonesimulator/hermes-engine.build/JavaClasses
    export CLEAN_PRECOMPS\=YES
    export CLONE_HEADERS\=NO
    export CODESIGNING_FOLDER_PATH\=/Users/momtajhusen/Library/Developer/Xcode/DerivedData/UnderOneRoof-bvjuhnhcwjrvzafftvptbetbcgcq/Build/Products/Debug-iphonesimulator/hermes-engine/
    export CODE_SIGNING_ALLOWED\=NO
    export CODE_SIGNING_REQUIRED\=YES
    export CODE_SIGN_CONTEXT_CLASS\=XCiPhoneSimulatorCodeSignContext
    export CODE_SIGN_IDENTITY\=-
    export CODE_SIGN_INJECT_BASE_ENTITLEMENTS\=YES
    export COLOR_DIAGNOSTICS\=NO
    export COMBINE_HIDPI_IMAGES\=NO
    export COMPILATION_CACHE_CAS_PATH\=/Users/momtajhusen/Library/Developer/Xcode/DerivedData/CompilationCache.noindex
    export COMPILATION_CACHE_KEEP_CAS_DIRECTORY\=YES
    export COMPILER_INDEX_STORE_ENABLE\=Default
    export COMPOSITE_SDK_DIRS\=/Users/momtajhusen/Library/Developer/Xcode/DerivedData/UnderOneRoof-bvjuhnhcwjrvzafftvptbetbcgcq/Build/Intermediates.noindex/CompositeSDKs
    export COMPRESS_PNG_FILES\=YES
    export CONFIGURATION\=Debug
    export CONFIGURATION_BUILD_DIR\=/Users/momtajhusen/Library/Developer/Xcode/DerivedData/UnderOneRoof-bvjuhnhcwjrvzafftvptbetbcgcq/Build/Products/Debug-iphonesimulator/hermes-engine
    export CONFIGURATION_TEMP_DIR\=/Users/momtajhusen/Library/Developer/Xcode/DerivedData/UnderOneRoof-bvjuhnhcwjrvzafftvptbetbcgcq/Build/Intermediates.noindex/Pods.build/Debug-iphonesimulator
    export COPYING_PRESERVES_HFS_DATA\=NO
    export COPY_HEADERS_RUN_UNIFDEF\=NO
    export COPY_PHASE_STRIP\=NO
    export CORRESPONDING_DEVICE_PLATFORM_DIR\=/Applications/Xcode.app/Contents/Developer/Platforms/iPhoneOS.platform
    export CORRESPONDING_DEVICE_PLATFORM_NAME\=iphoneos
    export CORRESPONDING_DEVICE_SDK_DIR\=/Applications/Xcode.app/Contents/Developer/Platforms/iPhoneOS.platform/Developer/SDKs/iPhoneOS18.5.sdk
    export CORRESPONDING_DEVICE_SDK_NAME\=iphoneos18.5
    export CP\=/bin/cp
    export CREATE_INFOPLIST_SECTION_IN_BINARY\=NO
    export CURRENT_ARCH\=undefined_arch
    export CURRENT_VARIANT\=normal
    export DEAD_CODE_STRIPPING\=YES
    export DEBUGGING_SYMBOLS\=YES
    export DEBUG_INFORMATION_FORMAT\=dwarf
    export DEBUG_INFORMATION_VERSION\=compiler-default
    export DEFAULT_COMPILER\=com.apple.compilers.llvm.clang.1_0
    export DEFAULT_DEXT_INSTALL_PATH\=/System/Library/DriverExtensions
    export DEFAULT_KEXT_INSTALL_PATH\=/System/Library/Extensions
    export DEFINES_MODULE\=NO
    export DEPLOYMENT_LOCATION\=NO
    export DEPLOYMENT_POSTPROCESSING\=NO
    export DEPLOYMENT_TARGET_SETTING_NAME\=IPHONEOS_DEPLOYMENT_TARGET
    export DEPLOYMENT_TARGET_SUGGESTED_VALUES\=12.0\ 12.1\ 12.2\ 12.3\ 12.4\ 13.0\ 13.1\ 13.2\ 13.3\ 13.4\ 13.5\ 13.6\ 14.0\ 14.1\ 14.2\ 14.3\ 14.4\ 14.5\ 14.6\ 14.7\ 15.0\ 15.1\ 15.2\ 15.3\ 15.4\ 15.5\ 15.6\ 16.0\ 16.1\ 16.2\ 16.3\ 16.4\ 16.5\ 16.6\ 17.0\ 17.1\ 17.2\ 17.3\ 17.4\ 17.5\ 17.6\ 18.0\ 18.1\ 18.2\ 18.3\ 18.4\ 18.5
    export DERIVED_FILES_DIR\=/Users/momtajhusen/Library/Developer/Xcode/DerivedData/UnderOneRoof-bvjuhnhcwjrvzafftvptbetbcgcq/Build/Intermediates.noindex/Pods.buil
debug d/Debug-iphonesimulator/hermes-engine.build/DerivedSources
    export DERIVED_FILE_DIR\=/Users/momtajhusen/Library/Developer/Xcode/DerivedData/UnderOneRoof-bvjuhnhcwjrvzafftvptbetbcgcq/Build/Intermediates.noindex/Pods.build/Debug-iphonesimulator/hermes-engine.build/DerivedSources
    export DERIVED_SOURCES_DIR\=/Users/momtajhusen/Library/Developer/Xcode/DerivedData/UnderOneRoof-bvjuhnhcwjrvzafftvptbetbcgcq/Build/Intermediates.noindex/Pods.build/Debug-iphonesimulator/hermes-engine.build/DerivedSources
    export DEVELOPER_APPLICATIONS_DIR\=/Applications/Xcode.app/Contents/Developer/Applications
    export DEVELOPER_BIN_DIR\=/Applications/Xcode.app/Contents/Developer/usr/bin
    export DEVELOPER_DIR\=/Applications/Xcode.app/Contents/Developer
    export DEVELOPER_FRAMEWORKS_DIR\=/Applications/Xcode.app/Contents/Developer/Library/Frameworks
    export DEVELOPER_FRAMEWORKS_DIR_QUOTED\=/Applications/Xcode.app/Contents/Developer/Library/Frameworks
    export DEVELOPER_LIBRARY_DIR\=/Applications/Xcode.app/Contents/Developer/Library
    export DEVELOPER_SDK_DIR\=/Applications/Xcode.app/Contents/Developer/Platforms/MacOSX.platform/Developer/SDKs
    export DEVELOPER_TOOLS_DIR\=/Applications/Xcode.app/Contents/Developer/Tools
    export DEVELOPER_USR_DIR\=/Applications/Xcode.app/Contents/Developer/usr
    export DEVELOPMENT_LANGUAGE\=en
    export DIAGNOSE_MISSING_TARGET_DEPENDENCIES\=YES
    export DIFF\=/usr/bin/diff
    export DONT_GENERATE_INFOPLIST_FILE\=NO
    export DSTROOT\=/tmp/Pods.dst
    export DT_TOOLCHAIN_DIR\=/Applications/Xcode.app/Contents/Developer/Toolchains/XcodeDefault.xctoolchain
    export DWARF_DSYM_FILE_NAME\=.dSYM
    export DWARF_DSYM_FILE_SHOULD_ACCOMPANY_PRODUCT\=NO
    export DWARF_DSYM_FOLDER_PATH\=/Users/momtajhusen/Library/Developer/Xcode/DerivedData/UnderOneRoof-bvjuhnhcwjrvzafftvptbetbcgcq/Build/Products/Debug-iphonesimulator/hermes-engine
    export DYNAMIC_LIBRARY_EXTENSION\=dylib
    export EAGER_COMPILATION_ALLOW_SCRIPTS\=NO
    export EAGER_LINKING\=NO
    export EFFECTIVE_PLATFORM_NAME\=-iphonesimulator
    export EMBEDDED_CONTENT_CONTAINS_SWIFT\=NO
    export EMBED_ASSET_PACKS_IN_PRODUCT_BUNDLE\=NO
    export ENABLE_APP_SANDBOX\=NO
    export ENABLE_BITCODE\=NO
    export ENABLE_CODE_COVERAGE\=YES
    export ENABLE_DEFAULT_HEADER_SEARCH_PATHS\=YES
    export ENABLE_DEFAULT_SEARCH_PATHS\=YES
    export ENABLE_HARDENED_RUNTIME\=NO
    export ENABLE_HEADER_DEPENDENCIES\=YES
    export ENABLE_INCOMING_NETWORK_CONNECTIONS\=NO
    export ENABLE_ON_DEMAND_RESOURCES\=NO
    export ENABLE_OUTGOING_NETWORK_CONNECTIONS\=NO
    export ENABLE_PREVIEWS\=NO
    export ENABLE_RESOURCE_ACCESS_AUDIO_INPUT\=NO
    export ENABLE_RESOURCE_ACCESS_BLUETOOTH\=NO
    export ENABLE_RESOURCE_ACCESS_CALENDARS\=NO
    export ENABLE_RESOURCE_ACCESS_CAMERA\=NO
    export ENABLE_RESOURCE_ACCESS_CONTACTS\=NO
    export ENABLE_RESOURCE_ACCESS_LOCATION\=NO
    export ENABLE_RESOURCE_ACCESS_PRINTING\=NO
    export ENABLE_RESOURCE_ACCESS_USB\=NO
    export ENABLE_SDK_IMPORTS\=NO
    export ENABLE_STRICT_OBJC_MSGSEND\=YES
    export ENABLE_TESTABILITY\=YES
    export ENABLE_TESTING_SEARCH_PATHS\=NO
    export ENABLE_USER_SCRIPT_SANDBOXING\=NO
    export ENABLE_XOJIT_PREVIEWS\=YES
    export ENFORCE_VALID_ARCHS\=YES
    export ENTITLEMENTS_DESTINATION\=__entitlements
    export ENTITLEMENTS_REQUIRED\=YES
    export EXCLUDED_INSTALLSRC_SUBDIRECTORY_PATTERNS\=.DS_Store\ .svn\ .git\ .hg\ CVS
    export EXCLUDED_RECURSIVE_SEARCH_PATH_SUBDIRECTORIES\=\*.nib\ \*.lproj\ \*.framework\ \*.gch\ \*.xcode\*\ \*.xcassets\ \(\*\)\ .DS_Store\ CVS\ .svn\ .git\ .hg\ \*.pbproj\ \*.pbxproj
    export FILE_LIST\=/Users/momtajhusen/Library/Developer/Xcode/DerivedData/UnderOneRoof-bvjuhnhcwjrvzafftvptbetbcgcq/Build/Intermediates.noindex/Pods.build/Debug-iphonesimulator/hermes-engine.build/Objects/LinkFileList
    export FIXED_FILES_DIR\=/Users/momtajhusen/Library/Developer/Xcode/DerivedData/UnderOneRoof-bvjuhnhcwjrvzafftvptbetbcgcq/Build/Intermediates.noindex/Pods.build/Debug-iphonesimulator/hermes-engine.build/FixedFiles
    export FRAMEWORK_SEARCH_PATHS\=\ \"/Users/momtajhusen/Desktop/UnderOneRoof/ios/Pods/hermes-engine/destroot/Library/Frameworks/universal\"\ \"/Users/momtajhusen/Library/Developer/Xcode/DerivedData/UnderOneRoof-bvjuhnhcwjrvzafftvptbetbcgcq/Build/Products/Debug-iphonesimulator/XCFrameworkIntermediates/hermes-engine/Pre-built\"
    export FRAMEWORK_VERSION\=A
    export FUSE_BUILD_PHASES\=YES
    export FUSE_BUILD_SCRIPT_PHASES\=NO
    export GCC3_VERSION\=3.3
    export GCC_C_LANGUAGE_STANDARD\=gnu11
    export GCC_DYNAMIC_NO_PIC\=NO
    export GCC_NO_COMMON_BLOCKS\=YES
    export GCC_OBJC_LEGACY_DISPATCH\=YES
    export GCC_OPTIMIZATION_LEVEL\=0
    export GCC_PFE_FILE_C_DIALECTS\=c\ objective-c\ c++\ objective-c++
    export GCC_PREPROCESSOR_DEFINITIONS\=POD_CONFIGURATION_DEBUG\=1\ DEBUG\=1\ \ COCOAPODS\=1\ HERMES_ENABLE_DEBUGGER\=1
    export GCC_TREAT_WARNINGS_AS_ERRORS\=NO
    export GCC_VERSION\=com.apple.compilers.llvm.clang.1_0
    export GCC_VERSION_IDENTIFIER\=com_apple_compilers_llvm_clang_1_0
    export GCC_WARN_64_TO_32_BIT_CONVERSION\=YES
    export GCC_WARN_ABOUT_RETURN_TYPE\=YES_ERROR
    export GCC_WARN_UNDECLARED_SELECTOR\=YES
    export GCC_WARN_UNINITIALIZED_AUTOS\=YES_AGGRESSIVE
    export GCC_WARN_UNUSED_FUNCTION\=YES
    export GCC_WARN_UNUSED_VARIABLE\=YES
    export GENERATED_MODULEMAP_DIR\=/Users/momtajhusen/Library/Developer/Xcode/DerivedData/UnderOneRoof-bvjuhnhcwjrvzafftvptbetbcgcq/Build/Intermediates.noindex/GeneratedModuleMaps-iphonesimulator
    export GENERATE_INFOPLIST_FILE\=NO
    export GENERATE_INTERMEDIATE_TEXT_BASED_STUBS\=YES
    export GENERATE_MASTER_OBJECT_FILE\=NO
    export GENERATE_PKGINFO_FILE\=NO
    export GENERATE_PROFILING_CODE\=NO
    export GENERATE_TEXT_BASED_STUBS\=NO
    export GID\=20
    export GROUP\=staff
    export HEADERMAP_INCLUDES_FLAT_ENTRIES_FOR_TARGET_BEING_BUILT\=YES
    export HEADERMAP_INCLUDES_FRAMEWORK_ENTRIES_FOR_ALL_PRODUCT_TYPES\=YES
    export HEADERMAP_INCLUDES_FRAMEWORK_ENTRIES_FOR_TARGETS_NOT_BEING_BUILT\=YES
    export HEADERMAP_INCLUDES_NONPUBLIC_NONPRIVATE_HEADERS\=YES
    export HEADERMAP_INCLUDES_PROJECT_HEADERS\=YES
    export HEADERMAP_USES_FRAMEWORK_PREFIX_ENTRIES\=YES
    export HEADERMAP_USES_VFS\=NO
    export HEADER_SEARCH_PATHS\=\ \"/Users/momtajhusen/Desktop/UnderOneRoof/ios/Pods/Headers/Private\"\ \"/Users/momtajhusen/Desktop/UnderOneRoof/ios/Pods/Headers/Private/hermes-engine\"\ \"/Users/momtajhusen/Desktop/UnderOneRoof/ios/Pods/Headers/Public\"\ \"/Users/momtajhusen/Desktop/UnderOneRoof/ios/Pods/Headers/Public/hermes-engine\"
    export HIDE_BITCODE_SYMBOLS\=YES
    export HOME\=/Users/momtajhusen
    export HOST_ARCH\=arm64
    export HOST_PLATFORM\=macosx
    export ICONV\=/usr/bin/iconv
    export IMPLICIT_DEPENDENCY_DOMAIN\=default
    export INFOPLIST_ENABLE_CFBUNDLEICONS_MERGE\=YES
    export INFOPLIST_EXPAND_BUILD_SETTINGS\=YES
    export INFOPLIST_OUTPUT_FORMAT\=binary
    export INFOPLIST_PREPROCESS\=NO
    export INLINE_PRIVATE_FRAMEWORKS\=NO
    export INSTALLAPI_IGNORE_SKIP_INSTALL\=YES
    export INSTALLHDRS_COPY_PHASE\=NO
    export INSTALLHDRS_SCRIPT_PHASE\=NO
    export INSTALL_DIR\=/tmp/Pods.dst
    export INSTALL_GROUP\=staff
    export INSTALL_MODE_FLAG\=u+w,go-w,a+rX
    export INSTALL_OWNER\=momtajhusen
    export INSTALL_ROOT\=/tmp/Pods.dst
    export IPHONEOS_DEPLOYMENT_TARGET\=15.1
    export IS_UNOPTIMIZED_BUILD\=YES
    export JAVAC_DEFAULT_FLAGS\=-J-Xms64m\ -J-XX:NewSize\=4M\ -J-Dfile.encoding\=UTF8
    export JAVA_APP_STUB\=/System/Library/Frameworks/JavaVM.framework/Resources/MacOS/JavaApplicationStub
    export JAVA_ARCHIVE_CLASSES\=YES
    export JAVA_ARCHIVE_TYPE\=JAR
    export JAVA_COMPILER\=/usr/bin/javac
    export JAVA_FRAMEWORK_RESOURCES_DIRS\=Resources
    export JAVA_JAR_FLAGS\=cv
    export JAVA_SOURCE_SUBDIR\=.
    export JAVA_USE_DEPENDENCIES\=YES
    export JAVA_ZIP_FLAGS\=-urg
    export JIKES_DEFAULT_FLAGS\=+E\ +OLDCSO
    export KEEP_PRIVATE_EXTERNS\=NO
    export LD_DEPENDENCY_INFO_FILE\=/Users/momtajhusen/Library/Developer/Xcode/DerivedData/UnderOneRoof-bvjuhnhcwjrvzafftvptbetbcgcq/Build/Intermediates.no
debug index/Pods.build/Debug-iphonesimulator/hermes-engine.build/Objects-normal/undefined_arch/hermes-engine_dependency_info.dat
    export LD_EXPORT_SYMBOLS\=YES
    export LD_GENERATE_MAP_FILE\=NO
    export LD_MAP_FILE_PATH\=/Users/momtajhusen/Library/Developer/Xcode/DerivedData/UnderOneRoof-bvjuhnhcwjrvzafftvptbetbcgcq/Build/Intermediates.noindex/Pods.build/Debug-iphonesimulator/hermes-engine.build/hermes-engine-LinkMap-normal-undefined_arch.txt
    export LD_NO_PIE\=NO
    export LD_QUOTE_LINKER_ARGUMENTS_FOR_COMPILER_DRIVER\=YES
    export LD_RUNPATH_SEARCH_PATHS\=\ @executable_path/Frameworks
    export LD_SHARED_CACHE_ELIGIBLE\=Automatic
    export LD_WARN_DUPLICATE_LIBRARIES\=NO
    export LD_WARN_UNUSED_DYLIBS\=NO
    export LEGACY_DEVELOPER_DIR\=/Applications/Xcode.app/Contents/PlugIns/Xcode3Core.ideplugin/Contents/SharedSupport/Developer
    export LEX\=lex
    export LIBRARY_DEXT_INSTALL_PATH\=/Library/DriverExtensions
    export LIBRARY_FLAG_NOSPACE\=YES
    export LIBRARY_KEXT_INSTALL_PATH\=/Library/Extensions
    export LINKER_DISPLAYS_MANGLED_NAMES\=NO
    export LINK_FILE_LIST_normal_arm64\=/Users/momtajhusen/Library/Developer/Xcode/DerivedData/UnderOneRoof-bvjuhnhcwjrvzafftvptbetbcgcq/Build/Intermediates.noindex/Pods.build/Debug-iphonesimulator/hermes-engine.build/Objects-normal/arm64/hermes-engine.LinkFileList
    export LINK_OBJC_RUNTIME\=YES
    export LINK_WITH_STANDARD_LIBRARIES\=YES
    export LLVM_TARGET_TRIPLE_OS_VERSION\=ios15.1
    export LLVM_TARGET_TRIPLE_SUFFIX\=-simulator
    export LLVM_TARGET_TRIPLE_VENDOR\=apple
    export LM_AUX_CONST_METADATA_LIST_PATH_normal_arm64\=/Users/momtajhusen/Library/Developer/Xcode/DerivedData/UnderOneRoof-bvjuhnhcwjrvzafftvptbetbcgcq/Build/Intermediates.noindex/Pods.build/Debug-iphonesimulator/hermes-engine.build/Objects-normal/arm64/hermes-engine.SwiftConstValuesFileList
    export LOCALIZATION_EXPORT_SUPPORTED\=YES
    export LOCALIZATION_PREFERS_STRING_CATALOGS\=NO
    export LOCALIZED_STRING_MACRO_NAMES\=NSLocalizedString\ CFCopyLocalizedString
    export LOCALIZED_STRING_SWIFTUI_SUPPORT\=YES
    export LOCAL_ADMIN_APPS_DIR\=/Applications/Utilities
    export LOCAL_APPS_DIR\=/Applications
    export LOCAL_DEVELOPER_DIR\=/Library/Developer
    export LOCAL_LIBRARY_DIR\=/Library
    export LOCROOT\=/Users/momtajhusen/Desktop/UnderOneRoof/ios/Pods
    export LOCSYMROOT\=/Users/momtajhusen/Desktop/UnderOneRoof/ios/Pods
    export MAC_OS_X_PRODUCT_BUILD_VERSION\=24F74
    export MAC_OS_X_VERSION_ACTUAL\=150500
    export MAC_OS_X_VERSION_MAJOR\=150000
    export MAC_OS_X_VERSION_MINOR\=150500
    export MAKE_MERGEABLE\=NO
    export MERGEABLE_LIBRARY\=NO
    export MERGED_BINARY_TYPE\=none
    export MERGE_LINKED_LIBRARIES\=NO
    export METAL_LIBRARY_FILE_BASE\=default
    export METAL_LIBRARY_OUTPUT_DIR\=/Users/momtajhusen/Library/Developer/Xcode/DerivedData/UnderOneRoof-bvjuhnhcwjrvzafftvptbetbcgcq/Build/Products/Debug-iphonesimulator/hermes-engine/
    export MODULE_CACHE_DIR\=/Users/momtajhusen/Library/Developer/Xcode/DerivedData/ModuleCache.noindex
    export MTL_ENABLE_DEBUG_INFO\=INCLUDE_SOURCE
    export MTL_FAST_MATH\=YES
    export NATIVE_ARCH\=arm64
    export NATIVE_ARCH_32_BIT\=arm
    export NATIVE_ARCH_64_BIT\=arm64
    export NATIVE_ARCH_ACTUAL\=arm64
    export NO_COMMON\=YES
    export OBJC_ABI_VERSION\=2
    export OBJECT_FILE_DIR\=/Users/momtajhusen/Library/Developer/Xcode/DerivedData/UnderOneRoof-bvjuhnhcwjrvzafftvptbetbcgcq/Build/Intermediates.noindex/Pods.build/Debug-iphonesimulator/hermes-engine.build/Objects
    export OBJECT_FILE_DIR_normal\=/Users/momtajhusen/Library/Developer/Xcode/DerivedData/UnderOneRoof-bvjuhnhcwjrvzafftvptbetbcgcq/Build/Intermediates.noindex/Pods.build/Debug-iphonesimulator/hermes-engine.build/Objects-normal
    export OBJROOT\=/Users/momtajhusen/Library/Developer/Xcode/DerivedData/UnderOneRoof-bvjuhnhcwjrvzafftvptbetbcgcq/Build/Intermediates.noindex
    export ONLY_ACTIVE_ARCH\=YES
    export OS\=MACOS
    export OSAC\=/usr/bin/osacompile
    export OTHER_LDFLAGS\=\ \ 
    export PASCAL_STRINGS\=YES
    export PATH\=/Applications/Xcode.app/Contents/SharedFrameworks/SwiftBuild.framework/Versions/A/PlugIns/SWBBuildService.bundle/Contents/PlugIns/SWBUniversalPlatformPlugin.bundle/Contents/Frameworks/SWBUniversalPlatform.framework/Resources:/Applications/Xcode.app/Contents/Developer/Toolchains/XcodeDefault.xctoolchain/usr/bin:/Applications/Xcode.app/Contents/Developer/Toolchains/XcodeDefault.xctoolchain/usr/local/bin:/Applications/Xcode.app/Contents/Developer/Toolchains/XcodeDefault.xctoolchain/usr/libexec:/Applications/Xcode.app/Contents/Developer/Platforms/iPhoneSimulator.platform/usr/bin:/Applications/Xcode.app/Contents/Developer/Platforms/iPhoneSimulator.platform/usr/local/bin:/Applications/Xcode.app/Contents/Developer/Platforms/iPhoneSimulator.platform/Developer/usr/bin:/Applications/Xcode.app/Contents/Developer/Platforms/iPhoneSimulator.platform/Developer/usr/local/bin:/Applications/Xcode.app/Contents/Developer/usr/bin:/Applications/Xcode.app/Contents/Developer/usr/local/bin:/Users/momtajhusen/Desktop/UnderOneRoof/node_modules/.bin:/Users/momtajhusen/Desktop/node_modules/.bin:/Users/momtajhusen/node_modules/.bin:/Users/node_modules/.bin:/node_modules/.bin:/Users/momtajhusen/.nvm/versions/node/v18.20.8/lib/node_modules/npm/node_modules/@npmcli/run-script/lib/node-gyp-bin:/Users/momtajhusen/.nvm/versions/node/v18.20.8/bin:/opt/homebrew/opt/openjdk@17/bin:/Users/momtajhusen/Library/Android/sdk/emulator:/Users/momtajhusen/Library/Android/sdk/tools:/Users/momtajhusen/Library/Android/sdk/tools/bin:/Users/momtajhusen/Library/Android/sdk/platform-tools:/opt/homebrew/opt/openjdk@11/bin:/opt/homebrew/bin:/opt/homebrew/sbin:/usr/local/bin:/System/Cryptexes/App/usr/bin:/usr/bin:/bin:/usr/sbin:/sbin:/var/run/com.apple.security.cryptexd/codex.system/bootstrap/usr/local/bin:/var/run/com.apple.security.cryptexd/codex.system/bootstrap/usr/bin:/var/run/com.apple.security.cryptexd/codex.system/bootstrap/usr/appleinternal/bin:/Library/Apple/usr/bin:/Users/momtajhusen/Library/Android/sdk/cmdline-tools/latest/bin
    export PATH_PREFIXES_EXCLUDED_FROM_HEADER_DEPENDENCIES\=/usr/include\ /usr/local/include\ /System/Library/Frameworks\ /System/Library/PrivateFrameworks\ /Applications/Xcode.app/Contents/Developer/Headers\ /Applications/Xcode.app/Contents/Developer/SDKs\ /Applications/Xcode.app/Contents/Developer/Platforms
    export PER_ARCH_MODULE_FILE_DIR\=/Users/momtajhusen/Library/Developer/Xcode/DerivedData/UnderOneRoof-bvjuhnhcwjrvzafftvptbetbcgcq/Build/Intermediates.noindex/Pods.build/Debug-iphonesimulator/hermes-engine.build/Objects-normal/undefined_arch
    export PER_ARCH_OBJECT_FILE_DIR\=/Users/momtajhusen/Library/Developer/Xcode/DerivedData/UnderOneRoof-bvjuhnhcwjrvzafftvptbetbcgcq/Build/Intermediates.noindex/Pods.build/Debug-iphonesimulator/hermes-engine.build/Objects-normal/undefined_arch
    export PER_VARIANT_OBJECT_FILE_DIR\=/Users/momtajhusen/Library/Developer/Xcode/DerivedData/UnderOneRoof-bvjuhnhcwjrvzafftvptbetbcgcq/Build/Intermediates.noindex/Pods.build/Debug-iphonesimulator/hermes-engine.build/Objects-normal
    export PKGINFO_FILE_PATH\=/Users/momtajhusen/Library/Developer/Xcode/DerivedData/UnderOneRoof-bvjuhnhcwjrvzafftvptbetbcgcq/Build/Intermediates.noindex/Pods.build/Debug-iphonesimulator/hermes-engine.build/PkgInfo
    export PLATFORM_DEVELOPER_APPLICATIONS_DIR\=/Applications/Xcode.app/Contents/Developer/Platforms/iPhoneSimulator.platform/Developer/Applications
    export PLATFORM_DEVELOPER_BIN_DIR\=/Applications/Xcode.app/Contents/Developer/Platforms/iPhoneSimulator.platform/Developer/usr/bin
    export PLATFORM_DEVELOPER_LIBRARY_DIR\=/Applications/Xcode.app/Contents/Developer/Platforms/iPhoneSimulator.platform/Developer/Library
    export PLATFORM_DEVELOPER_SDK_DIR\=/Applications/Xcode.app/Contents/Developer/Platforms/iPhoneSimulator.platform/Developer/SDKs
    export PLATFORM_DEVELOPER_TOOLS_DIR\=/Applications/Xcode.app/Contents/Developer/Platforms/iPhoneSimulator.platform/Developer/Tools
    export PLATFORM_DEVELOPER_USR_DIR\=/Applications/Xcode.app/Contents/Developer/Platforms/iPhoneSimulator.platform/Developer/usr
    
debug export PLATFORM_DIR\=/Applications/Xcode.app/Contents/Developer/Platforms/iPhoneSimulator.platform
    export PLATFORM_DISPLAY_NAME\=iOS\ Simulator
    export PLATFORM_FAMILY_NAME\=iOS
    export PLATFORM_NAME\=iphonesimulator
    export PLATFORM_PREFERRED_ARCH\=x86_64
    export PLATFORM_PRODUCT_BUILD_VERSION\=22F76
    export PLATFORM_REQUIRES_SWIFT_AUTOLINK_EXTRACT\=NO
    export PLATFORM_REQUIRES_SWIFT_MODULEWRAP\=NO
    export PLIST_FILE_OUTPUT_FORMAT\=binary
    export PODS_BUILD_DIR\=/Users/momtajhusen/Library/Developer/Xcode/DerivedData/UnderOneRoof-bvjuhnhcwjrvzafftvptbetbcgcq/Build/Products
    export PODS_CONFIGURATION_BUILD_DIR\=/Users/momtajhusen/Library/Developer/Xcode/DerivedData/UnderOneRoof-bvjuhnhcwjrvzafftvptbetbcgcq/Build/Products/Debug-iphonesimulator
    export PODS_DEVELOPMENT_LANGUAGE\=en
    export PODS_ROOT\=/Users/momtajhusen/Desktop/UnderOneRoof/ios/Pods
    export PODS_TARGET_SRCROOT\=/Users/momtajhusen/Desktop/UnderOneRoof/ios/Pods/hermes-engine
    export PODS_XCFRAMEWORKS_BUILD_DIR\=/Users/momtajhusen/Library/Developer/Xcode/DerivedData/UnderOneRoof-bvjuhnhcwjrvzafftvptbetbcgcq/Build/Products/Debug-iphonesimulator/XCFrameworkIntermediates
    export PRECOMPS_INCLUDE_HEADERS_FROM_BUILT_PRODUCTS_DIR\=YES
    export PRECOMP_DESTINATION_DIR\=/Users/momtajhusen/Library/Developer/Xcode/DerivedData/UnderOneRoof-bvjuhnhcwjrvzafftvptbetbcgcq/Build/Intermediates.noindex/Pods.build/Debug-iphonesimulator/hermes-engine.build/PrefixHeaders
    export PROCESSED_INFOPLIST_PATH\=/Users/momtajhusen/Library/Developer/Xcode/DerivedData/UnderOneRoof-bvjuhnhcwjrvzafftvptbetbcgcq/Build/Intermediates.noindex/Pods.build/Debug-iphonesimulator/hermes-engine.build/Objects-normal/undefined_arch/Processed-Info.plist
    export PRODUCT_BUNDLE_IDENTIFIER\=org.cocoapods.hermes-engine
    export PRODUCT_MODULE_NAME\=hermes_engine
    export PRODUCT_NAME\=hermes-engine
    export PRODUCT_SETTINGS_PATH\=
    export PROFILING_CODE\=NO
    export PROJECT\=Pods
    export PROJECT_DERIVED_FILE_DIR\=/Users/momtajhusen/Library/Developer/Xcode/DerivedData/UnderOneRoof-bvjuhnhcwjrvzafftvptbetbcgcq/Build/Intermediates.noindex/Pods.build/DerivedSources
    export PROJECT_DIR\=/Users/momtajhusen/Desktop/UnderOneRoof/ios/Pods
    export PROJECT_FILE_PATH\=/Users/momtajhusen/Desktop/UnderOneRoof/ios/Pods/Pods.xcodeproj
    export PROJECT_GUID\=8699adb1dd336b26511df848a716bd42
    export PROJECT_NAME\=Pods
    export PROJECT_TEMP_DIR\=/Users/momtajhusen/Library/Developer/Xcode/DerivedData/UnderOneRoof-bvjuhnhcwjrvzafftvptbetbcgcq/Build/Intermediates.noindex/Pods.build
    export PROJECT_TEMP_ROOT\=/Users/momtajhusen/Library/Developer/Xcode/DerivedData/UnderOneRoof-bvjuhnhcwjrvzafftvptbetbcgcq/Build/Intermediates.noindex
    export REACT_NATIVE_PATH\=/Users/momtajhusen/Desktop/UnderOneRoof/ios/Pods/../../node_modules/react-native
    export RECOMMENDED_IPHONEOS_DEPLOYMENT_TARGET\=15.0
    export RECURSIVE_SEARCH_PATHS_FOLLOW_SYMLINKS\=YES
    export REMOVE_CVS_FROM_RESOURCES\=YES
    export REMOVE_GIT_FROM_RESOURCES\=YES
    export REMOVE_HEADERS_FROM_EMBEDDED_BUNDLES\=YES
    export REMOVE_HG_FROM_RESOURCES\=YES
    export REMOVE_STATIC_EXECUTABLES_FROM_EMBEDDED_BUNDLES\=YES
    export REMOVE_SVN_FROM_RESOURCES\=YES
    export RESCHEDULE_INDEPENDENT_HEADERS_PHASES\=YES
    export REZ_COLLECTOR_DIR\=/Users/momtajhusen/Library/Developer/Xcode/DerivedData/UnderOneRoof-bvjuhnhcwjrvzafftvptbetbcgcq/Build/Intermediates.noindex/Pods.build/Debug-iphonesimulator/hermes-engine.build/ResourceManagerResources
    export REZ_OBJECTS_DIR\=/Users/momtajhusen/Library/Developer/Xcode/DerivedData/UnderOneRoof-bvjuhnhcwjrvzafftvptbetbcgcq/Build/Intermediates.noindex/Pods.build/Debug-iphonesimulator/hermes-engine.build/ResourceManagerResources/Objects
    export SCAN_ALL_SOURCE_FILES_FOR_INCLUDES\=NO
    export SCRIPT_INPUT_FILE_COUNT\=0
    export SCRIPT_INPUT_FILE_LIST_COUNT\=0
    export SCRIPT_OUTPUT_FILE_COUNT\=0
    export SCRIPT_OUTPUT_FILE_LIST_COUNT\=0
    export SDKROOT\=/Applications/Xcode.app/Contents/Developer/Platforms/iPhoneSimulator.platform/Developer/SDKs/iPhoneSimulator18.5.sdk
    export SDK_DIR\=/Applications/Xcode.app/Contents/Developer/Platforms/iPhoneSimulator.platform/Developer/SDKs/iPhoneSimulator18.5.sdk
    export SDK_DIR_iphonesimulator\=/Applications/Xcode.app/Contents/Developer/Platforms/iPhoneSimulator.platform/Developer/SDKs/iPhoneSimulator18.5.sdk
    export SDK_DIR_iphonesimulator18_5\=/Applications/Xcode.app/Contents/Developer/Platforms/iPhoneSimulator.platform/Developer/SDKs/iPhoneSimulator18.5.sdk
    export SDK_NAME\=iphonesimulator18.5
    export SDK_NAMES\=iphonesimulator18.5
    export SDK_PRODUCT_BUILD_VERSION\=22F76
    export SDK_STAT_CACHE_DIR\=/Users/momtajhusen/Library/Developer/Xcode/DerivedData
    export SDK_STAT_CACHE_ENABLE\=YES
    export SDK_STAT_CACHE_PATH\=/Users/momtajhusen/Library/Developer/Xcode/DerivedData/SDKStatCaches.noindex/iphonesimulator18.5-22F76-d5fc8ad4295d2ef488fb7d0f804ce0c4.sdkstatcache
    export SDK_VERSION\=18.5
    export SDK_VERSION_ACTUAL\=180500
    export SDK_VERSION_MAJOR\=180000
    export SDK_VERSION_MINOR\=180500
    export SED\=/usr/bin/sed
    export SEPARATE_STRIP\=NO
    export SEPARATE_SYMBOL_EDIT\=NO
    export SET_DIR_MODE_OWNER_GROUP\=YES
    export SET_FILE_MODE_OWNER_GROUP\=NO
    export SHALLOW_BUNDLE\=NO
    export SHARED_DERIVED_FILE_DIR\=/Users/momtajhusen/Library/Developer/Xcode/DerivedData/UnderOneRoof-bvjuhnhcwjrvzafftvptbetbcgcq/Build/Products/Debug-iphonesimulator/hermes-engine/DerivedSources
    export SHARED_PRECOMPS_DIR\=/Users/momtajhusen/Library/Developer/Xcode/DerivedData/UnderOneRoof-bvjuhnhcwjrvzafftvptbetbcgcq/Build/Intermediates.noindex/PrecompiledHeaders
    export SKIP_INSTALL\=YES
    export SOURCE_ROOT\=/Users/momtajhusen/Desktop/UnderOneRoof/ios/Pods
    export SRCROOT\=/Users/momtajhusen/Desktop/UnderOneRoof/ios/Pods
    export STRINGSDATA_DIR\=/Users/momtajhusen/Library/Developer/Xcode/DerivedData/UnderOneRoof-bvjuhnhcwjrvzafftvptbetbcgcq/Build/Intermediates.noindex/Pods.build/Debug-iphonesimulator/hermes-engine.build/Objects-normal/undefined_arch
    export STRINGSDATA_ROOT\=/Users/momtajhusen/Library/Developer/Xcode/DerivedData/UnderOneRoof-bvjuhnhcwjrvzafftvptbetbcgcq/Build/Intermediates.noindex/Pods.build/Debug-iphonesimulator/hermes-engine.build
    export STRINGS_FILE_INFOPLIST_RENAME\=YES
    export STRINGS_FILE_OUTPUT_ENCODING\=binary
    export STRIP_BITCODE_FROM_COPIED_FILES\=NO
    export STRIP_INSTALLED_PRODUCT\=NO
    export STRIP_STYLE\=all
    export STRIP_SWIFT_SYMBOLS\=YES
    export SUPPORTED_DEVICE_FAMILIES\=1,2
    export SUPPORTED_PLATFORMS\=iphoneos\ iphonesimulator
    export SUPPORTS_TEXT_BASED_API\=NO
    export SUPPRESS_WARNINGS\=NO
    export SWIFT_ACTIVE_COMPILATION_CONDITIONS\=\ DEBUG
    export SWIFT_EMIT_LOC_STRINGS\=NO
    export SWIFT_OPTIMIZATION_LEVEL\=-Onone
    export SWIFT_PLATFORM_TARGET_PREFIX\=ios
    export SWIFT_RESPONSE_FILE_PATH_normal_arm64\=/Users/momtajhusen/Library/Developer/Xcode/DerivedData/UnderOneRoof-bvjuhnhcwjrvzafftvptbetbcgcq/Build/Intermediates.noindex/Pods.build/Debug-iphonesimulator/hermes-engine.build/Objects-normal/arm64/hermes-engine.SwiftFileList
    export SWIFT_VERSION\=5.0
    export SYMROOT\=/Users/momtajhusen/Library/Developer/Xcode/DerivedData/UnderOneRoof-bvjuhnhcwjrvzafftvptbetbcgcq/Build/Products
    export SYSTEM_ADMIN_APPS_DIR\=/Applications/Utilities
    export SYSTEM_APPS_DIR\=/Applications
    export SYSTEM_CORE_SERVICES_DIR\=/System/Library/CoreServices
    export SYSTEM_DEMOS_DIR\=/Applications/Extras
    export SYSTEM_DEVELOPER_APPS_DIR\=/Applications/Xcode.app/Contents/Developer/Applications
    export SYSTEM_DEVELOPER_BIN_DIR\=/Applications/Xcode.app/Contents/Developer/usr/bin
    export SYSTEM_DEVELOPER_DEMOS_DIR\=/Applications/Xcode.app/Contents/Developer/Applications/Utilities/Built\ Examples
    export SYSTEM_DEVELOPER_DIR\=/Applications/Xcode.app/Contents/Developer
    export SYSTEM_DEVELOPER_DOC_DIR\=/Applications/Xcode.app/Contents/Developer/ADC\ Reference\ Library
    export SYSTEM_DEVELOPER_GRAPHICS_TOOLS_DIR\=/Applications/Xcode.app/Contents/Developer/Applications/
debug Graphics\ Tools
    export SYSTEM_DEVELOPER_JAVA_TOOLS_DIR\=/Applications/Xcode.app/Contents/Developer/Applications/Java\ Tools
    export SYSTEM_DEVELOPER_PERFORMANCE_TOOLS_DIR\=/Applications/Xcode.app/Contents/Developer/Applications/Performance\ Tools
    export SYSTEM_DEVELOPER_RELEASENOTES_DIR\=/Applications/Xcode.app/Contents/Developer/ADC\ Reference\ Library/releasenotes
    export SYSTEM_DEVELOPER_TOOLS\=/Applications/Xcode.app/Contents/Developer/Tools
    export SYSTEM_DEVELOPER_TOOLS_DOC_DIR\=/Applications/Xcode.app/Contents/Developer/ADC\ Reference\ Library/documentation/DeveloperTools
    export SYSTEM_DEVELOPER_TOOLS_RELEASENOTES_DIR\=/Applications/Xcode.app/Contents/Developer/ADC\ Reference\ Library/releasenotes/DeveloperTools
    export SYSTEM_DEVELOPER_USR_DIR\=/Applications/Xcode.app/Contents/Developer/usr
    export SYSTEM_DEVELOPER_UTILITIES_DIR\=/Applications/Xcode.app/Contents/Developer/Applications/Utilities
    export SYSTEM_DEXT_INSTALL_PATH\=/System/Library/DriverExtensions
    export SYSTEM_DOCUMENTATION_DIR\=/Library/Documentation
    export SYSTEM_KEXT_INSTALL_PATH\=/System/Library/Extensions
    export SYSTEM_LIBRARY_DIR\=/System/Library
    export TAPI_DEMANGLE\=YES
    export TAPI_ENABLE_PROJECT_HEADERS\=NO
    export TAPI_LANGUAGE\=objective-c
    export TAPI_LANGUAGE_STANDARD\=compiler-default
    export TAPI_USE_SRCROOT\=YES
    export TAPI_VERIFY_MODE\=Pedantic
    export TARGETED_DEVICE_FAMILY\=1,2
    export TARGETNAME\=hermes-engine
    export TARGET_BUILD_DIR\=/Users/momtajhusen/Library/Developer/Xcode/DerivedData/UnderOneRoof-bvjuhnhcwjrvzafftvptbetbcgcq/Build/Products/Debug-iphonesimulator/hermes-engine
    export TARGET_DEVICE_IDENTIFIER\=F2E985D8-D147-4467-820F-8CB451FE785D
    export TARGET_DEVICE_MODEL\=iPhone17,1
    export TARGET_DEVICE_OS_VERSION\=18.5
    export TARGET_DEVICE_PLATFORM_NAME\=iphonesimulator
    export TARGET_NAME\=hermes-engine
    export TARGET_TEMP_DIR\=/Users/momtajhusen/Library/Developer/Xcode/DerivedData/UnderOneRoof-bvjuhnhcwjrvzafftvptbetbcgcq/Build/Intermediates.noindex/Pods.build/Debug-iphonesimulator/hermes-engine.build
    export TEMP_DIR\=/Users/momtajhusen/Library/Developer/Xcode/DerivedData/UnderOneRoof-bvjuhnhcwjrvzafftvptbetbcgcq/Build/Intermediates.noindex/Pods.build/Debug-iphonesimulator/hermes-engine.build
    export TEMP_FILES_DIR\=/Users/momtajhusen/Library/Developer/Xcode/DerivedData/UnderOneRoof-bvjuhnhcwjrvzafftvptbetbcgcq/Build/Intermediates.noindex/Pods.build/Debug-iphonesimulator/hermes-engine.build
    export TEMP_FILE_DIR\=/Users/momtajhusen/Library/Developer/Xcode/DerivedData/UnderOneRoof-bvjuhnhcwjrvzafftvptbetbcgcq/Build/Intermediates.noindex/Pods.build/Debug-iphonesimulator/hermes-engine.build
    export TEMP_ROOT\=/Users/momtajhusen/Library/Developer/Xcode/DerivedData/UnderOneRoof-bvjuhnhcwjrvzafftvptbetbcgcq/Build/Intermediates.noindex
    export TEMP_SANDBOX_DIR\=/Users/momtajhusen/Library/Developer/Xcode/DerivedData/UnderOneRoof-bvjuhnhcwjrvzafftvptbetbcgcq/Build/Intermediates.noindex/TemporaryTaskSandboxes
    export TEST_FRAMEWORK_SEARCH_PATHS\=\ /Applications/Xcode.app/Contents/Developer/Platforms/iPhoneSimulator.platform/Developer/Library/Frameworks\ /Applications/Xcode.app/Contents/Developer/Platforms/iPhoneSimulator.platform/Developer/SDKs/iPhoneSimulator18.5.sdk/Developer/Library/Frameworks
    export TEST_LIBRARY_SEARCH_PATHS\=\ /Applications/Xcode.app/Contents/Developer/Platforms/iPhoneSimulator.platform/Developer/usr/lib
    export TOOLCHAINS\=com.apple.dt.toolchain.XcodeDefault
    export TOOLCHAIN_DIR\=/Applications/Xcode.app/Contents/Developer/Toolchains/XcodeDefault.xctoolchain
    export TREAT_MISSING_BASELINES_AS_TEST_FAILURES\=NO
    export TREAT_MISSING_SCRIPT_PHASE_OUTPUTS_AS_ERRORS\=NO
    export UID\=501
    export UNINSTALLED_PRODUCTS_DIR\=/Users/momtajhusen/Library/Developer/Xcode/DerivedData/UnderOneRoof-bvjuhnhcwjrvzafftvptbetbcgcq/Build/Intermediates.noindex/UninstalledProducts
    export UNSTRIPPED_PRODUCT\=NO
    export USER\=momtajhusen
    export USER_APPS_DIR\=/Users/momtajhusen/Applications
    export USER_LIBRARY_DIR\=/Users/momtajhusen/Library
    export USE_DYNAMIC_NO_PIC\=YES
    export USE_HEADERMAP\=YES
    export USE_HEADER_SYMLINKS\=NO
    export USE_HERMES\=true
    export USE_RECURSIVE_SCRIPT_INPUTS_IN_SCRIPT_PHASES\=YES
    export VALIDATE_DEVELOPMENT_ASSET_PATHS\=YES_ERROR
    export VALIDATE_PRODUCT\=NO
    export VALID_ARCHS\=arm64\ arm64e\ x86_64
    export VERBOSE_PBXCP\=NO
    export VERSION_INFO_BUILDER\=momtajhusen
    export VERSION_INFO_FILE\=hermes-engine_vers.c
    export VERSION_INFO_STRING\=\"@\(\#\)PROGRAM:hermes-engine\ \ PROJECT:Pods-\"
    export WORKSPACE_DIR\=/Users/momtajhusen/Desktop/UnderOneRoof/ios
    export WRAP_ASSET_PACKS_IN_SEPARATE_DIRECTORIES\=NO
    export XCODE_APP_SUPPORT_DIR\=/Applications/Xcode.app/Contents/Developer/Library/Xcode
    export XCODE_PRODUCT_BUILD_VERSION\=16F6
    export XCODE_VERSION_ACTUAL\=1640
    export XCODE_VERSION_MAJOR\=1600
    export XCODE_VERSION_MINOR\=1640
    export XPCSERVICES_FOLDER_PATH\=/XPCServices
    export YACC\=yacc
    export _DISCOVER_COMMAND_LINE_LINKER_INPUTS\=YES
    export _DISCOVER_COMMAND_LINE_LINKER_INPUTS_INCLUDE_WL\=YES
    export __DIAGNOSE_DEPRECATED_ARCHS\=YES
    export arch\=undefined_arch
    export variant\=normal
    /bin/sh -c /Users/momtajhusen/Library/Developer/Xcode/DerivedData/UnderOneRoof-bvjuhnhcwjrvzafftvptbetbcgcq/Build/Intermediates.noindex/Pods.build/Debug-iphonesimulator/hermes-engine.build/Script-46EB2E00024B70.sh
Node found at: /Users/momtajhusen/.nvm/versions/node/v18.20.8/bin/node
No previous build detected, but Debug Configuration. No need to replace Hermes engine

ProcessInfoPlistFile /Users/momtajhusen/Library/Developer/Xcode/DerivedData/UnderOneRoof-bvjuhnhcwjrvzafftvptbetbcgcq/Build/Products/Debug-iphonesimulator/glog/glog_privacy.bundle/Info.plist /Users/momtajhusen/Desktop/UnderOneRoof/ios/Pods/Target\ Support\ Files/glog/ResourceBundle-glog_privacy-glog-Info.plist (in target 'glog-glog_privacy' from project 'Pods')
    cd /Users/momtajhusen/Desktop/UnderOneRoof/ios/Pods
    builtin-infoPlistUtility /Users/momtajhusen/Desktop/UnderOneRoof/ios/Pods/Target\ Support\ Files/glog/ResourceBundle-glog_privacy-glog-Info.plist -producttype com.apple.product-type.bundle -expandbuildsettings -format binary -platform iphonesimulator -o /Users/momtajhusen/Library/Developer/Xcode/DerivedData/UnderOneRoof-bvjuhnhcwjrvzafftvptbetbcgcq/Build/Products/Debug-iphonesimulator/glog/glog_privacy.bundle/Info.plist

debug 
ProcessInfoPlistFile /Users/momtajhusen/Library/Developer/Xcode/DerivedData/UnderOneRoof-bvjuhnhcwjrvzafftvptbetbcgcq/Build/Products/Debug-iphonesimulator/boost/boost_privacy.bundle/Info.plist /Users/momtajhusen/Desktop/UnderOneRoof/ios/Pods/Target\ Support\ Files/boost/ResourceBundle-boost_privacy-boost-Info.plist (in target 'boost-boost_privacy' from project 'Pods')
    cd /Users/momtajhusen/Desktop/UnderOneRoof/ios/Pods
    builtin-infoPlistUtility /Users/momtajhusen/Desktop/UnderOneRoof/ios/Pods/Target\ Support\ Files/boost/ResourceBundle-boost_privacy-boost-Info.plist -producttype com.apple.product-type.bundle -expandbuildsettings -format binary -platform iphonesimulator -o /Users/momtajhusen/Library/Developer/Xcode/DerivedData/UnderOneRoof-bvjuhnhcwjrvzafftvptbetbcgcq/Build/Products/Debug-iphonesimulator/boost/boost_privacy.bundle/Info.plist

ProcessInfoPlistFile /Users/momtajhusen/Library/Developer/Xcode/DerivedData/UnderOneRoof-bvjuhnhcwjrvzafftvptbetbcgcq/Build/Products/Debug-iphonesimulator/React-cxxreact/React-cxxreact_privacy.bundle/Info.plist /Users/momtajhusen/Desktop/UnderOneRoof/ios/Pods/Target\ Support\ Files/React-cxxreact/ResourceBundle-React-cxxreact_privacy-React-cxxreact-Info.plist (in target 'React-cxxreact-React-cxxreact_privacy' from project 'Pods')
    cd /Users/momtajhusen/Desktop/UnderOneRoof/ios/Pods
    builtin-infoPlistUtility /Users/momtajhusen/Desktop/UnderOneRoof/ios/Pods/Target\ Support\ Files/React-cxxreact/ResourceBundle-React-cxxreact_privacy-React-cxxreact-Info.plist -producttype com.apple.product-type.bundle -expandbuildsettings -format binary -platform iphonesimulator -o /Users/momtajhusen/Library/Developer/Xcode/DerivedData/UnderOneRoof-bvjuhnhcwjrvzafftvptbetbcgcq/Build/Products/Debug-iphonesimulator/React-cxxreact/React-cxxreact_privacy.bundle/Info.plist

ProcessInfoPlistFile /Users/momtajhusen/Library/Developer/Xcode/DerivedData/UnderOneRoof-bvjuhnhcwjrvzafftvptbetbcgcq/Build/Products/Debug-iphonesimulator/React-Core/React-Core_privacy.bundle/Info.plist /Users/momtajhusen/Desktop/UnderOneRoof/ios/Pods/Target\ Support\ Files/React-Core/ResourceBundle-React-Core_privacy-React-Core-Info.plist (in target 'React-Core-React-Core_privacy' from project 'Pods')
    cd /Users/momtajhusen/Desktop/UnderOneRoof/ios/Pods
    builtin-infoPlistUtility /Users/momtajhusen/Desktop/UnderOneRoof/ios/Pods/Target\ Support\ Files/React-Core/ResourceBundle-React-Core_privacy-React-Core-Info.plist -producttype com.apple.product-type.bundle -expandbuildsettings -format binary -platform iphonesimulator -o /Users/momtajhusen/Library/Developer/Xcode/DerivedData/UnderOneRoof-bvjuhnhcwjrvzafftvptbetbcgcq/Build/Products/Debug-iphonesimulator/React-Core/React-Core_privacy.bundle/Info.plist


debug ProcessInfoPlistFile /Users/momtajhusen/Library/Developer/Xcode/DerivedData/UnderOneRoof-bvjuhnhcwjrvzafftvptbetbcgcq/Build/Products/Debug-iphonesimulator/RCT-Folly/RCT-Folly_privacy.bundle/Info.plist /Users/momtajhusen/Desktop/UnderOneRoof/ios/Pods/Target\ Support\ Files/RCT-Folly/ResourceBundle-RCT-Folly_privacy-RCT-Folly-Info.plist (in target 'RCT-Folly-RCT-Folly_privacy' from project 'Pods')
    cd /Users/momtajhusen/Desktop/UnderOneRoof/ios/Pods
    builtin-infoPlistUtility /Users/momtajhusen/Desktop/UnderOneRoof/ios/Pods/Target\ Support\ Files/RCT-Folly/ResourceBundle-RCT-Folly_privacy-RCT-Folly-Info.plist -producttype com.apple.product-type.bundle -expandbuildsettings -format binary -platform iphonesimulator -o /Users/momtajhusen/Library/Developer/Xcode/DerivedData/UnderOneRoof-bvjuhnhcwjrvzafftvptbetbcgcq/Build/Products/Debug-iphonesimulator/RCT-Folly/RCT-Folly_privacy.bundle/Info.plist

ProcessInfoPlistFile /Users/momtajhusen/Library/Developer/Xcode/DerivedData/UnderOneRoof-bvjuhnhcwjrvzafftvptbetbcgcq/Build/Products/Debug-iphonesimulator/EXUpdates/EXUpdates.bundle/Info.plist /Users/momtajhusen/Desktop/UnderOneRoof/ios/Pods/Target\ Support\ Files/EXUpdates/ResourceBundle-EXUpdates-EXUpdates-Info.plist (in target 'EXUpdates-EXUpdates' from project 'Pods')
    cd /Users/momtajhusen/Desktop/UnderOneRoof/ios/Pods
    builtin-infoPlistUtility /Users/momtajhusen/Desktop/UnderOneRoof/ios/Pods/Target\ Support\ Files/EXUpdates/ResourceBundle-EXUpdates-EXUpdates-Info.plist -producttype com.apple.product-type.bundle -expandbuildsettings -format binary -platform iphonesimulator -o /Users/momtajhusen/Library/Developer/Xcode/DerivedData/UnderOneRoof-bvjuhnhcwjrvzafftvptbetbcgcq/Build/Products/Debug-iphonesimulator/EXUpdates/EXUpdates.bundle/Info.plist


debug ProcessInfoPlistFile /Users/momtajhusen/Library/Developer/Xcode/DerivedData/UnderOneRoof-bvjuhnhcwjrvzafftvptbetbcgcq/Build/Products/Debug-iphonesimulator/EXConstants/EXConstants.bundle/Info.plist /Users/momtajhusen/Desktop/UnderOneRoof/ios/Pods/Target\ Support\ Files/EXConstants/ResourceBundle-EXConstants-EXConstants-Info.plist (in target 'EXConstants-EXConstants' from project 'Pods')
    cd /Users/momtajhusen/Desktop/UnderOneRoof/ios/Pods
    builtin-infoPlistUtility /Users/momtajhusen/Desktop/UnderOneRoof/ios/Pods/Target\ Support\ Files/EXConstants/ResourceBundle-EXConstants-EXConstants-Info.plist -producttype com.apple.product-type.bundle -expandbuildsettings -format binary -platform iphonesimulator -o /Users/momtajhusen/Library/Developer/Xcode/DerivedData/UnderOneRoof-bvjuhnhcwjrvzafftvptbetbcgcq/Build/Products/Debug-iphonesimulator/EXConstants/EXConstants.bundle/Info.plist


debug warning: Run script build phase '[CP-User] [RN]Check rncore' will be run during every build because it does not specify any outputs. To address this issue, either add output dependencies to the script phase, or configure it to run in every build by unchecking "Based on dependency analysis" in the script phase. (in target 'React-Fabric' from project 'Pods')

debug PhaseScriptExecution [CP-User]\ [RN]Check\ rncore /Users/momtajhusen/Library/Developer/Xcode/DerivedData/UnderOneRoof-bvjuhnhcwjrvzafftvptbetbcgcq/Build/Intermediates.noindex/Pods.build/Debug-iphonesimulator/React-Fabric.build/Script-46EB2E00024B30.sh (in target 'React-Fabric' from project 'Pods')
    cd /Users/momtajhusen/Desktop/UnderOneRoof/ios/Pods
    export ACTION\=build
    export AD_HOC_CODE_SIGNING_ALLOWED\=YES
    export ALLOW_BUILD_REQUEST_OVERRIDES\=NO
    export ALLOW_TARGET_PLATFORM_SPECIALIZATION\=NO
    export ALTERNATE_GROUP\=staff
    export ALTERNATE_MODE\=u+w,go-w,a+rX
    export ALTERNATE_OWNER\=momtajhusen
    export ALTERNATIVE_DISTRIBUTION_WEB\=NO
    export ALWAYS_EMBED_SWIFT_STANDARD_LIBRARIES\=NO
    export ALWAYS_SEARCH_USER_PATHS\=NO
    export ALWAYS_USE_SEPARATE_HEADERMAPS\=NO
    export APPLICATION_EXTENSION_API_ONLY\=NO
    export APPLY_RULES_IN_COPY_FILES\=NO
    export APPLY_RULES_IN_COPY_HEADERS\=NO
    export APP_SHORTCUTS_ENABLE_FLEXIBLE_MATCHING\=YES
    export ARCHS\=arm64
    export ARCHS_STANDARD\=arm64\ x86_64
    export ARCHS_STANDARD_32_64_BIT\=arm64\ x86_64
    export ARCHS_STANDARD_64_BIT\=arm64\ x86_64
    export ARCHS_STANDARD_INCLUDING_64_BIT\=arm64\ x86_64
    export ARCHS_UNIVERSAL_IPHONE_OS\=arm64\ x86_64
    export ASSETCATALOG_FILTER_FOR_DEVICE_MODEL\=iPhone17,1
    export ASSETCATALOG_FILTER_FOR_DEVICE_OS_VERSION\=18.5
    export ASSETCATALOG_FILTER_FOR_THINNING_DEVICE_CONFIGURATION\=iPhone17,1
    export AUTOMATICALLY_MERGE_DEPENDENCIES\=NO
    export AVAILABLE_PLATFORMS\=android\ appletvos\ appletvsimulator\ driverkit\ iphoneos\ iphonesimulator\ macosx\ qnx\ watchos\ watchsimulator\ xros\ xrsimulator
    export BITCODE_GENERATION_MODE\=marker
    export BUILD_ACTIVE_RESOURCES_ONLY\=YES
    export BUILD_COMPONENTS\=headers\ build
    export BUILD_DIR\=/Users/momtajhusen/Library/Developer/Xcode/DerivedData/UnderOneRoof-bvjuhnhcwjrvzafftvptbetbcgcq/Build/Products
    export BUILD_LIBRARY_FOR_DISTRIBUTION\=NO
    export BUILD_ROOT\=/Users/momtajhusen/Library/Developer/Xcode/DerivedData/UnderOneRoof-bvjuhnhcwjrvzafftvptbetbcgcq/Build/Products
    export BUILD_STYLE\=
    export BUILD_VARIANTS\=normal
    export BUILT_PRODUCTS_DIR\=/Users/momtajhusen/Library/Developer/Xcode/DerivedData/UnderOneRoof-bvjuhnhcwjrvzafftvptbetbcgcq/Build/Products/Debug-iphonesimulator/React-Fabric
    export BUNDLE_CONTENTS_FOLDER_PATH_deep\=Contents/
    export BUNDLE_EXECUTABLE_FOLDER_NAME_deep\=MacOS
    export BUNDLE_EXTENSIONS_FOLDER_PATH\=Extensions
    export BUNDLE_FORMAT\=shallow
    export BUNDLE_FRAMEWORKS_FOLDER_PATH\=Frameworks
    export BUNDLE_PLUGINS_FOLDER_PATH\=PlugIns
    export BUNDLE_PRIVATE_HEADERS_FOLDER_PATH\=PrivateHeaders
    export BUNDLE_PUBLIC_HEADERS_FOLDER_PATH\=Headers
    export CACHE_ROOT\=/var/folders/16/zpvg3mmj60z93jdqm4mqc_xw0000gn/C/com.apple.DeveloperTools/16.4-16F6/Xcode
    export CCHROOT\=/var/folders/16/zpvg3mmj60z93jdqm4mqc_xw0000gn/C/com.apple.DeveloperTools/16.4-16F6/Xcode
    export CHMOD\=/bin/chmod
    export CHOWN\=/usr/sbin/chown
    export CLANG_ANALYZER_LOCALIZABILITY_NONLOCALIZED\=YES
    export CLANG_ANALYZER_NONNULL\=YES
    export CLANG_ANALYZER_NUMBER_OBJECT_CONVERSION\=YES_AGGRESSIVE
    export CLANG_CACHE_FINE_GRAINED_OUTPUTS\=YES
    export CLANG_CXX_LANGUAGE_STANDARD\=c++20
    export CLANG_CXX_LIBRARY\=libc++
    export CLANG_ENABLE_EXPLICIT_MODULES\=YES
    export CLANG_ENABLE_MODULES\=YES
    export CLANG_ENABLE_MODULE_DEBUGGING\=NO
    export CLANG_ENABLE_OBJC_ARC\=YES
    export CLANG_ENABLE_OBJC_WEAK\=NO
    export CLANG_MODULES_BUILD_SESSION_FILE\=/Users/momtajhusen/Library/Developer/Xcode/DerivedData/ModuleCache.noindex/Session.modulevalidation
    export CLANG_WARN_BLOCK_CAPTURE_AUTORELEASING\=YES
    export CLANG_WARN_BOOL_CONVERSION\=YES
    export CLANG_WARN_COMMA\=YES
    export CLANG_WARN_CONSTANT_CONVERSION\=YES
    export CLANG_WARN_DEPRECATED_OBJC_IMPLEMENTATIONS\=YES
    export CLANG_WARN_DIRECT_OBJC_ISA_USAGE\=YES_ERROR
    export CLANG_WARN_DOCUMENTATION_COMMENTS\=YES
    export CLANG_WARN_EMPTY_BODY\=YES
    export CLANG_WARN_ENUM_CONVERSION\=YES
    export CLANG_WARN_INFINITE_RECURSION\=YES
    export CLANG_WARN_INT_CONVERSION\=YES
    export CLANG_WARN_NON_LITERAL_NULL_CONVERSION\=YES
    export CLANG_WARN_OBJC_IMPLICIT_RETAIN_SELF\=YES
    export CLANG_WARN_OBJC_LITERAL_CONVERSION\=YES
    export CLANG_WARN_OBJC_ROOT_CLASS\=YES_ERROR
    export CLANG_WARN_QUOTED_INCLUDE_IN_FRAMEWORK_HEADER\=NO
    export CLANG_WARN_RANGE_LOOP_ANALYSIS\=YES
    export CLANG_WARN_STRICT_PROTOTYPES\=YES
    export CLANG_WARN_SUSPICIOUS_MOVE\=YES
    export CLANG_WARN_UNGUARDED_AVAILABILITY\=YES_AGGRESSIVE
    export CLANG_WARN_UNREACHABLE_CODE\=YES
    export CLANG_WARN__DUPLICATE_METHOD_MATCH\=YES
    export CLASS_FILE_DIR\=/Users/momtajhusen/Library/Developer/Xcode/DerivedData/UnderOneRoof-bvjuhnhcwjrvzafftvptbetbcgcq/Build/Intermediates.noindex/Pods.build/Debug-iphonesimulator/React-Fabric.build/JavaClasses
    export CLEAN_PRECOMPS\=YES
    export CLONE_HEADERS\=NO
    export CODESIGNING_FOLDER_PATH\=/Users/momtajhusen/Library/Developer/Xcode/DerivedData/UnderOneRoof-bvjuhnhcwjrvzafftvptbetbcgcq/Build/Products/Debug-iphonesimulator/React-Fabric/libReact-Fabric.a
    export CODE_SIGNING_ALLOWED\=NO
    export CODE_SIGNING_REQUIRED\=YES
    export CODE_SIGN_CONTEXT_CLASS\=XCiPhoneSimulatorCodeSignContext
    export CODE_SIGN_IDENTITY\=-
    export CODE_SIGN_INJECT_BASE_ENTITLEMENTS\=YES
    export COLOR_DIAGNOSTICS\=NO
    export COMBINE_HIDPI_IMAGES\=NO
    export COMPILATION_CACHE_CAS_PATH\=/Users/momtajhusen/Library/Developer/Xcode/DerivedData/CompilationCache.noindex
    export COMPILATION_CACHE_KEEP_CAS_DIRECTORY\=YES
    export COMPILER_INDEX_STORE_ENABLE\=Default
    export COMPOSITE_SDK_DIRS\=/Users/momtajhusen/Library/Developer/Xcode/DerivedData/UnderOneRoof-bvjuhnhcwjrvzafftvptbetbcgcq/Build/Intermediates.noindex/CompositeSDKs
    export COMPRESS_PNG_FILES\=YES
    export CONFIGURATION\=Debug
    export CONFIGURATION_BUILD_DIR\=/Users/momtajhusen/Library/Developer/Xcode/DerivedData/UnderOneRoof-bvjuhnhcwjrvzafftvptbetbcgcq/Build/Products/Debug-iphonesimulator/React-Fabric
    export CONFIGURATION_TEMP_DIR\=/Users/momtajhusen/Library/Developer/Xcode/DerivedData/UnderOneRoof-bvjuhnhcwjrvzafftvptbetbcgcq/Build/Intermediates.noindex/Pods.build/Debug-iphonesimulator
    export COPYING_PRESERVES_HFS_DATA\=NO
    export COPY_HEADERS_RUN_UNIFDEF\=NO
    export COPY_PHASE_STRIP\=NO
    export CORRESPONDING_DEVICE_PLATFORM_DIR\=/Applications/Xcode.app/Contents/Developer/Platforms/iPhoneOS.platform
    export CORRESPONDING_DEVICE_PLATFORM_NAME\=iphoneos
    export CORRESPONDING_DEVICE_SDK_DIR\=/Applications/Xcode.app/Contents/Developer/Platforms/iPhoneOS.platform/Developer/SDKs/iPhoneOS18.5.sdk
    export CORRESPONDING_DEVICE_SDK_NAME\=iphoneos18.5
    export CP\=/bin/cp
    export CREATE_INFOPLIST_SECTION_IN_BINARY\=NO
    export CURRENT_ARCH\=undefined_arch
    export CURRENT_VARIANT\=normal
    export DEAD_CODE_STRIPPING\=YES
    export DEBUGGING_SYMBOLS\=YES
    export DEBUG_INFORMATION_FORMAT\=dwarf
    export DEBUG_INFORMATION_VERSION\=compiler-default
    export DEFAULT_COMPILER\=com.apple.compilers.llvm.clang.1_0
    export DEFAULT_DEXT_INSTALL_PATH\=/System/Library/DriverExtensions
    export DEFAULT_KEXT_INSTALL_PATH\=/System/Library/Extensions
    export DEFINES_MODULE\=YES
    export DEPLOYMENT_LOCATION\=NO
    export DEPLOYMENT_POSTPROCESSING\=NO
    export DEPLOYMENT_TARGET_SETTING_NAME\=IPHONEOS_DEPLOYMENT_TARGET
    export DEPLOYMENT_TARGET_SUGGESTED_VALUES\=12.0\ 12.1\ 12.2\ 12.3\ 12.4\ 13.0\ 13.1\ 13.2\ 13.3\ 13.4\ 13.5\ 13.6\ 14.0\ 14.1\ 14.2\ 14.3\ 14.4\ 14.5\ 14.6\ 14.7\ 15.0\ 15.1\ 15.2\ 15.3\ 15.4\ 15.5\ 15.6\ 16.0\ 16.1\ 16.2\ 16.3\ 16.4\ 16.5\ 16.6\ 17.0\ 17.1\ 17.2\ 17.3\ 17.4\ 17.5\ 17.6\ 18.0\ 18.1\ 18.2\ 18.3\ 18.4\ 18.5
    export DERIVED_FILES_DIR\=/Users/momtajhusen/Library/Developer/Xcode/DerivedData/UnderOneRoof-bvjuhnhcwjrvzafftvptbetbcgcq/Build/Intermediates.noindex/Pods.build/Debug-iphonesimulator/React-Fabric.build/DerivedSources
    export DERIVED_FILE_DIR\=/Users/momtajhusen/Library/Developer/Xcode/De
debug rivedData/UnderOneRoof-bvjuhnhcwjrvzafftvptbetbcgcq/Build/Intermediates.noindex/Pods.build/Debug-iphonesimulator/React-Fabric.build/DerivedSources
    export DERIVED_SOURCES_DIR\=/Users/momtajhusen/Library/Developer/Xcode/DerivedData/UnderOneRoof-bvjuhnhcwjrvzafftvptbetbcgcq/Build/Intermediates.noindex/Pods.build/Debug-iphonesimulator/React-Fabric.build/DerivedSources
    export DEVELOPER_APPLICATIONS_DIR\=/Applications/Xcode.app/Contents/Developer/Applications
    export DEVELOPER_BIN_DIR\=/Applications/Xcode.app/Contents/Developer/usr/bin
    export DEVELOPER_DIR\=/Applications/Xcode.app/Contents/Developer
    export DEVELOPER_FRAMEWORKS_DIR\=/Applications/Xcode.app/Contents/Developer/Library/Frameworks
    export DEVELOPER_FRAMEWORKS_DIR_QUOTED\=/Applications/Xcode.app/Contents/Developer/Library/Frameworks
    export DEVELOPER_LIBRARY_DIR\=/Applications/Xcode.app/Contents/Developer/Library
    export DEVELOPER_SDK_DIR\=/Applications/Xcode.app/Contents/Developer/Platforms/MacOSX.platform/Developer/SDKs
    export DEVELOPER_TOOLS_DIR\=/Applications/Xcode.app/Contents/Developer/Tools
    export DEVELOPER_USR_DIR\=/Applications/Xcode.app/Contents/Developer/usr
    export DEVELOPMENT_LANGUAGE\=en
    export DIAGNOSE_MISSING_TARGET_DEPENDENCIES\=YES
    export DIFF\=/usr/bin/diff
    export DONT_GENERATE_INFOPLIST_FILE\=NO
    export DSTROOT\=/tmp/Pods.dst
    export DT_TOOLCHAIN_DIR\=/Applications/Xcode.app/Contents/Developer/Toolchains/XcodeDefault.xctoolchain
    export DWARF_DSYM_FILE_NAME\=libReact-Fabric.a.dSYM
    export DWARF_DSYM_FILE_SHOULD_ACCOMPANY_PRODUCT\=NO
    export DWARF_DSYM_FOLDER_PATH\=/Users/momtajhusen/Library/Developer/Xcode/DerivedData/UnderOneRoof-bvjuhnhcwjrvzafftvptbetbcgcq/Build/Products/Debug-iphonesimulator/React-Fabric
    export DYNAMIC_LIBRARY_EXTENSION\=dylib
    export EAGER_COMPILATION_ALLOW_SCRIPTS\=NO
    export EAGER_LINKING\=NO
    export EFFECTIVE_PLATFORM_NAME\=-iphonesimulator
    export EMBEDDED_CONTENT_CONTAINS_SWIFT\=NO
    export EMBED_ASSET_PACKS_IN_PRODUCT_BUNDLE\=NO
    export ENABLE_APP_SANDBOX\=NO
    export ENABLE_BITCODE\=NO
    export ENABLE_CODE_COVERAGE\=YES
    export ENABLE_DEFAULT_HEADER_SEARCH_PATHS\=YES
    export ENABLE_DEFAULT_SEARCH_PATHS\=YES
    export ENABLE_HARDENED_RUNTIME\=NO
    export ENABLE_HEADER_DEPENDENCIES\=YES
    export ENABLE_INCOMING_NETWORK_CONNECTIONS\=NO
    export ENABLE_MODULE_VERIFIER\=NO
    export ENABLE_ON_DEMAND_RESOURCES\=NO
    export ENABLE_OUTGOING_NETWORK_CONNECTIONS\=NO
    export ENABLE_PREVIEWS\=NO
    export ENABLE_RESOURCE_ACCESS_AUDIO_INPUT\=NO
    export ENABLE_RESOURCE_ACCESS_BLUETOOTH\=NO
    export ENABLE_RESOURCE_ACCESS_CALENDARS\=NO
    export ENABLE_RESOURCE_ACCESS_CAMERA\=NO
    export ENABLE_RESOURCE_ACCESS_CONTACTS\=NO
    export ENABLE_RESOURCE_ACCESS_LOCATION\=NO
    export ENABLE_RESOURCE_ACCESS_PRINTING\=NO
    export ENABLE_RESOURCE_ACCESS_USB\=NO
    export ENABLE_SDK_IMPORTS\=NO
    export ENABLE_STRICT_OBJC_MSGSEND\=YES
    export ENABLE_TESTABILITY\=YES
    export ENABLE_TESTING_SEARCH_PATHS\=NO
    export ENABLE_USER_SCRIPT_SANDBOXING\=NO
    export ENABLE_XOJIT_PREVIEWS\=YES
    export ENFORCE_VALID_ARCHS\=YES
    export ENTITLEMENTS_DESTINATION\=__entitlements
    export ENTITLEMENTS_REQUIRED\=YES
    export EXCLUDED_INSTALLSRC_SUBDIRECTORY_PATTERNS\=.DS_Store\ .svn\ .git\ .hg\ CVS
    export EXCLUDED_RECURSIVE_SEARCH_PATH_SUBDIRECTORIES\=\*.nib\ \*.lproj\ \*.framework\ \*.gch\ \*.xcode\*\ \*.xcassets\ \(\*\)\ .DS_Store\ CVS\ .svn\ .git\ .hg\ \*.pbproj\ \*.pbxproj
    export EXECUTABLE_EXTENSION\=a
    export EXECUTABLE_NAME\=libReact-Fabric.a
    export EXECUTABLE_PATH\=libReact-Fabric.a
    export EXECUTABLE_PREFIX\=lib
    export EXECUTABLE_SUFFIX\=.a
    export FILE_LIST\=/Users/momtajhusen/Library/Developer/Xcode/DerivedData/UnderOneRoof-bvjuhnhcwjrvzafftvptbetbcgcq/Build/Intermediates.noindex/Pods.build/Debug-iphonesimulator/React-Fabric.build/Objects/LinkFileList
    export FIXED_FILES_DIR\=/Users/momtajhusen/Library/Developer/Xcode/DerivedData/UnderOneRoof-bvjuhnhcwjrvzafftvptbetbcgcq/Build/Intermediates.noindex/Pods.build/Debug-iphonesimulator/React-Fabric.build/FixedFiles
    export FRAMEWORK_FLAG_PREFIX\=-framework
    export FRAMEWORK_SEARCH_PATHS\=/Users/momtajhusen/Library/Developer/Xcode/DerivedData/UnderOneRoof-bvjuhnhcwjrvzafftvptbetbcgcq/Build/Products/Debug-iphonesimulator/React-Fabric\ \ \"/Users/momtajhusen/Desktop/UnderOneRoof/ios/Pods/hermes-engine/destroot/Library/Frameworks/universal\"\ \"/Users/momtajhusen/Library/Developer/Xcode/DerivedData/UnderOneRoof-bvjuhnhcwjrvzafftvptbetbcgcq/Build/Products/Debug-iphonesimulator/XCFrameworkIntermediates/hermes-engine/Pre-built\"
    export FRAMEWORK_VERSION\=A
    export FULL_PRODUCT_NAME\=libReact-Fabric.a
    export FUSE_BUILD_PHASES\=YES
    export FUSE_BUILD_SCRIPT_PHASES\=NO
    export GCC3_VERSION\=3.3
    export GCC_C_LANGUAGE_STANDARD\=gnu11
    export GCC_DYNAMIC_NO_PIC\=NO
    export GCC_NO_COMMON_BLOCKS\=YES
    export GCC_OBJC_LEGACY_DISPATCH\=YES
    export GCC_OPTIMIZATION_LEVEL\=0
    export GCC_PFE_FILE_C_DIALECTS\=c\ objective-c\ c++\ objective-c++
    export GCC_PREFIX_HEADER\=Target\ Support\ Files/React-Fabric/React-Fabric-prefix.pch
    export GCC_PREPROCESSOR_DEFINITIONS\=POD_CONFIGURATION_DEBUG\=1\ DEBUG\=1\ \ COCOAPODS\=1
    export GCC_TREAT_WARNINGS_AS_ERRORS\=NO
    export GCC_VERSION\=com.apple.compilers.llvm.clang.1_0
    export GCC_VERSION_IDENTIFIER\=com_apple_compilers_llvm_clang_1_0
    export GCC_WARN_64_TO_32_BIT_CONVERSION\=YES
    export GCC_WARN_ABOUT_RETURN_TYPE\=YES_ERROR
    export GCC_WARN_PEDANTIC\=YES
    export GCC_WARN_UNDECLARED_SELECTOR\=YES
    export GCC_WARN_UNINITIALIZED_AUTOS\=YES_AGGRESSIVE
    export GCC_WARN_UNUSED_FUNCTION\=YES
    export GCC_WARN_UNUSED_VARIABLE\=YES
    export GENERATED_MODULEMAP_DIR\=/Users/momtajhusen/Library/Developer/Xcode/DerivedData/UnderOneRoof-bvjuhnhcwjrvzafftvptbetbcgcq/Build/Intermediates.noindex/GeneratedModuleMaps-iphonesimulator
    export GENERATE_INFOPLIST_FILE\=NO
    export GENERATE_INTERMEDIATE_TEXT_BASED_STUBS\=YES
    export GENERATE_MASTER_OBJECT_FILE\=NO
    export GENERATE_PKGINFO_FILE\=NO
    export GENERATE_PROFILING_CODE\=NO
    export GENERATE_TEXT_BASED_STUBS\=NO
    export GID\=20
    export GROUP\=staff
    export HEADERMAP_INCLUDES_FLAT_ENTRIES_FOR_TARGET_BEING_BUILT\=YES
    export HEADERMAP_INCLUDES_FRAMEWORK_ENTRIES_FOR_ALL_PRODUCT_TYPES\=YES
    export HEADERMAP_INCLUDES_FRAMEWORK_ENTRIES_FOR_TARGETS_NOT_BEING_BUILT\=YES
    export HEADERMAP_INCLUDES_NONPUBLIC_NONPRIVATE_HEADERS\=YES
    export HEADERMAP_INCLUDES_PROJECT_HEADERS\=YES
    export HEADERMAP_USES_FRAMEWORK_PREFIX_ENTRIES\=YES
    export HEADERMAP_USES_VFS\=YES
    export HEADER_SEARCH_PATHS\=/Users/momtajhusen/Library/Developer/Xcode/DerivedData/UnderOneRoof-bvjuhnhcwjrvzafftvptbetbcgcq/Build/Products/Debug-iphonesimulator/React-Fabric/include\ \ \"/Users/momtajhusen/Desktop/UnderOneRoof/ios/Pods/Headers/Private\"\ \"/Users/momtajhusen/Desktop/UnderOneRoof/ios/Pods/Headers/Private/React-Fabric\"\ \"/Users/momtajhusen/Desktop/UnderOneRoof/ios/Pods/Headers/Public\"\ \"/Users/momtajhusen/Desktop/UnderOneRoof/ios/Pods/Headers/Public/DoubleConversion\"\ \"/Users/momtajhusen/Desktop/UnderOneRoof/ios/Pods/Headers/Public/FBLazyVector\"\ \"/Users/momtajhusen/Desktop/UnderOneRoof/ios/Pods/Headers/Public/RCT-Folly\"\ \"/Users/momtajhusen/Desktop/UnderOneRoof/ios/Pods/Headers/Public/RCTRequired\"\ \"/Users/momtajhusen/Desktop/UnderOneRoof/ios/Pods/Headers/Public/RCTTypeSafety\"\ \"/Users/momtajhusen/Desktop/UnderOneRoof/ios/Pods/Headers/Public/React-Core\"\ \"/Users/momtajhusen/Desktop/UnderOneRoof/ios/Pods/Headers/Public/React-Fabric\"\ \"/Users/momtajhusen/Desktop/UnderOneRoof/ios/Pods/Headers/Public/React-callinvoker\"\ \"/Users/momtajhusen/Desktop/UnderOneRoof/ios/Pods/Headers/Public/React-cxxreact\"\ \"/Users/momtajhusen/Desktop/UnderOneRoof/ios/Pods/Headers/Public/React-debug\"\ \"/Users/momtajhusen/Desktop/UnderOneRoof/ios/Pods/Headers/Public/React-featureflags\"\ \"/Users/momtajhusen/Desktop/UnderOneRoof/ios/Pods/Headers/Public/React-graphics\"\ \"/Users/momtajhusen/Desktop/UnderOn
debug eRoof/ios/Pods/Headers/Public/React-hermes\"\ \"/Users/momtajhusen/Desktop/UnderOneRoof/ios/Pods/Headers/Public/React-jsi\"\ \"/Users/momtajhusen/Desktop/UnderOneRoof/ios/Pods/Headers/Public/React-jsiexecutor\"\ \"/Users/momtajhusen/Desktop/UnderOneRoof/ios/Pods/Headers/Public/React-jsinspector\"\ \"/Users/momtajhusen/Desktop/UnderOneRoof/ios/Pods/Headers/Public/React-logger\"\ \"/Users/momtajhusen/Desktop/UnderOneRoof/ios/Pods/Headers/Public/React-perflogger\"\ \"/Users/momtajhusen/Desktop/UnderOneRoof/ios/Pods/Headers/Public/React-performancetimeline\"\ \"/Users/momtajhusen/Desktop/UnderOneRoof/ios/Pods/Headers/Public/React-rendererconsistency\"\ \"/Users/momtajhusen/Desktop/UnderOneRoof/ios/Pods/Headers/Public/React-rendererdebug\"\ \"/Users/momtajhusen/Desktop/UnderOneRoof/ios/Pods/Headers/Public/React-runtimeexecutor\"\ \"/Users/momtajhusen/Desktop/UnderOneRoof/ios/Pods/Headers/Public/React-runtimescheduler\"\ \"/Users/momtajhusen/Desktop/UnderOneRoof/ios/Pods/Headers/Public/React-timing\"\ \"/Users/momtajhusen/Desktop/UnderOneRoof/ios/Pods/Headers/Public/React-utils\"\ \"/Users/momtajhusen/Desktop/UnderOneRoof/ios/Pods/Headers/Public/ReactCommon\"\ \"/Users/momtajhusen/Desktop/UnderOneRoof/ios/Pods/Headers/Public/Yoga\"\ \"/Users/momtajhusen/Desktop/UnderOneRoof/ios/Pods/Headers/Public/boost\"\ \"/Users/momtajhusen/Desktop/UnderOneRoof/ios/Pods/Headers/Public/fast_float\"\ \"/Users/momtajhusen/Desktop/UnderOneRoof/ios/Pods/Headers/Public/fmt\"\ \"/Users/momtajhusen/Desktop/UnderOneRoof/ios/Pods/Headers/Public/glog\"\ \"/Users/momtajhusen/Desktop/UnderOneRoof/ios/Pods/Headers/Public/hermes-engine\"\ \"/Users/momtajhusen/Library/Developer/Xcode/DerivedData/UnderOneRoof-bvjuhnhcwjrvzafftvptbetbcgcq/Build/Products/Debug-iphonesimulator/React-rendererdebug/React_rendererdebug.framework/Headers\"\ \"/Users/momtajhusen/Library/Developer/Xcode/DerivedData/UnderOneRoof-bvjuhnhcwjrvzafftvptbetbcgcq/Build/Products/Debug-iphonesimulator/React-graphics/React_graphics.framework/Headers\"\ \"/Users/momtajhusen/Library/Developer/Xcode/DerivedData/UnderOneRoof-bvjuhnhcwjrvzafftvptbetbcgcq/Build/Products/Debug-iphonesimulator/React-graphics/React_graphics.framework/Headers/react/renderer/graphics/platform/ios\"\ \"/Users/momtajhusen/Library/Developer/Xcode/DerivedData/UnderOneRoof-bvjuhnhcwjrvzafftvptbetbcgcq/Build/Products/Debug-iphonesimulator/React-rendererdebug/React_rendererdebug.framework/Headers\"\ \"/Users/momtajhusen/Library/Developer/Xcode/DerivedData/UnderOneRoof-bvjuhnhcwjrvzafftvptbetbcgcq/Build/Products/Debug-iphonesimulator/React-graphics/React_graphics.framework/Headers\"\ \"/Users/momtajhusen/Library/Developer/Xcode/DerivedData/UnderOneRoof-bvjuhnhcwjrvzafftvptbetbcgcq/Build/Products/Debug-iphonesimulator/React-graphics/React_graphics.framework/Headers/react/renderer/graphics/platform/ios\"\ \"/Users/momtajhusen/Desktop/UnderOneRoof/ios/Pods/Headers/Private/React-Core\"\ \"/Users/momtajhusen/Library/Developer/Xcode/DerivedData/UnderOneRoof-bvjuhnhcwjrvzafftvptbetbcgcq/Build/Products/Debug-iphonesimulator/React-rendererdebug/React_rendererdebug.framework/Headers\"\ \"/Users/momtajhusen/Library/Developer/Xcode/DerivedData/UnderOneRoof-bvjuhnhcwjrvzafftvptbetbcgcq/Build/Products/Debug-iphonesimulator/React-graphics/React_graphics.framework/Headers\"\ \"/Users/momtajhusen/Library/Developer/Xcode/DerivedData/UnderOneRoof-bvjuhnhcwjrvzafftvptbetbcgcq/Build/Products/Debug-iphonesimulator/React-graphics/React_graphics.framework/Headers/react/renderer/graphics/platform/ios\"\ \"/Users/momtajhusen/Desktop/UnderOneRoof/ios/Pods/Headers/Private/Yoga\"\ \"/Users/momtajhusen/Library/Developer/Xcode/DerivedData/UnderOneRoof-bvjuhnhcwjrvzafftvptbetbcgcq/Build/Products/Debug-iphonesimulator/React-rendererdebug/React_rendererdebug.framework/Headers\"\ \"/Users/momtajhusen/Library/Developer/Xcode/DerivedData/UnderOneRoof-bvjuhnhcwjrvzafftvptbetbcgcq/Build/Products/Debug-iphonesimulator/React-graphics/React_graphics.framework/Headers\"\ \"/Users/momtajhusen/Library/Developer/Xcode/DerivedData/UnderOneRoof-bvjuhnhcwjrvzafftvptbetbcgcq/Build/Products/Debug-iphonesimulator/React-graphics/React_graphics.framework/Headers/react/renderer/graphics/platform/ios\"\ \"/Users/momtajhusen/Desktop/UnderOneRoof/ios/Pods/boost\"\ \"/Users/momtajhusen/Desktop/UnderOneRoof/ios/Pods/../../node_modules/react-native/ReactCommon/ReactCommon\"\ \"/Users/momtajhusen/Desktop/UnderOneRoof/ios/Pods/RCT-Folly\"\ \"/Users/momtajhusen/Desktop/UnderOneRoof/ios/Pods/Headers/Private/Yoga\"\ \"/Users/momtajhusen/Desktop/UnderOneRoof/ios/Pods/../../node_modules/react-native/ReactCommon\"\ \"/Users/momtajhusen/Desktop/UnderOneRoof/ios/Pods/DoubleConversion\"\ \"/Users/momtajhusen/Desktop/UnderOneRoof/ios/Pods/fmt/include\"
    export HIDE_BITCODE_SYMBOLS\=YES
    export HOME\=/Users/momtajhusen
    export HOST_ARCH\=arm64
    export HOST_PLATFORM\=macosx
    export ICONV\=/usr/bin/iconv
    export IMPLICIT_DEPENDENCY_DOMAIN\=default
    export INFOPLIST_ENABLE_CFBUNDLEICONS_MERGE\=YES
    export INFOPLIST_EXPAND_BUILD_SETTINGS\=YES
    export INFOPLIST_OUTPUT_FORMAT\=binary
    export INFOPLIST_PREPROCESS\=NO
    export INLINE_PRIVATE_FRAMEWORKS\=NO
    export INSTALLAPI_IGNORE_SKIP_INSTALL\=YES
    export INSTALLHDRS_COPY_PHASE\=NO
    export INSTALLHDRS_SCRIPT_PHASE\=NO
    export INSTALL_DIR\=/tmp/Pods.dst/usr/local/lib
    export INSTALL_GROUP\=staff
    export INSTALL_MODE_FLAG\=u+w,go-w,a+rX
    export INSTALL_OWNER\=momtajhusen
    export INSTALL_PATH\=/usr/local/lib
    export INSTALL_ROOT\=/tmp/Pods.dst
    export IPHONEOS_DEPLOYMENT_TARGET\=15.1
    export IS_UNOPTIMIZED_BUILD\=YES
    export JAVAC_DEFAULT_FLAGS\=-J-Xms64m\ -J-XX:NewSize\=4M\ -J-Dfile.encoding\=UTF8
    export JAVA_APP_STUB\=/System/Library/Frameworks/JavaVM.framework/Resources/MacOS/JavaApplicationStub
    export JAVA_ARCHIVE_CLASSES\=YES
    export JAVA_ARCHIVE_TYPE\=JAR
    export JAVA_COMPILER\=/usr/bin/javac
    export JAVA_FRAMEWORK_RESOURCES_DIRS\=Resources
    export JAVA_JAR_FLAGS\=cv
    export JAVA_SOURCE_SUBDIR\=.
    export JAVA_USE_DEPENDENCIES\=YES
    export JAVA_ZIP_FLAGS\=-urg
    export JIKES_DEFAULT_FLAGS\=+E\ +OLDCSO
    export KEEP_PRIVATE_EXTERNS\=NO
    export LD_DEPENDENCY_INFO_FILE\=/Users/momtajhusen/Library/Developer/Xcode/DerivedData/UnderOneRoof-bvjuhnhcwjrvzafftvptbetbcgcq/Build/Intermediates.noindex/Pods.build/Debug-iphonesimulator/React-Fabric.build/Objects-normal/undefined_arch/React-Fabric_dependency_info.dat
    export LD_EXPORT_SYMBOLS\=YES
    export LD_GENERATE_MAP_FILE\=NO
    export LD_MAP_FILE_PATH\=/Users/momtajhusen/Library/Developer/Xcode/DerivedData/UnderOneRoof-bvjuhnhcwjrvzafftvptbetbcgcq/Build/Intermediates.noindex/Pods.build/Debug-iphonesimulator/React-Fabric.build/React-Fabric-LinkMap-normal-undefined_arch.txt
    export LD_NO_PIE\=NO
    export LD_QUOTE_LINKER_ARGUMENTS_FOR_COMPILER_DRIVER\=YES
    export LD_SHARED_CACHE_ELIGIBLE\=Automatic
    export LD_WARN_DUPLICATE_LIBRARIES\=NO
    export LD_WARN_UNUSED_DYLIBS\=NO
    export LEGACY_DEVELOPER_DIR\=/Applications/Xcode.app/Contents/PlugIns/Xcode3Core.ideplugin/Contents/SharedSupport/Developer
    export LEX\=lex
    export LIBRARY_DEXT_INSTALL_PATH\=/Library/DriverExtensions
    export LIBRARY_FLAG_NOSPACE\=YES
    export LIBRARY_FLAG_PREFIX\=-l
    export LIBRARY_KEXT_INSTALL_PATH\=/Library/Extensions
    export LIBRARY_SEARCH_PATHS\=/Users/momtajhusen/Library/Developer/Xcode/DerivedData/UnderOneRoof-bvjuhnhcwjrvzafftvptbetbcgcq/Build/Products/Debug-iphonesimulator/React-Fabric\ 
    export LINKER_DISPLAYS_MANGLED_NAMES\=NO
    export LINK_FILE_LIST_normal_arm64\=/Users/momtajhusen/Library/Developer/Xcode/DerivedData/UnderOneRoof-bvjuhnhcwjrvzafftvptbetbcgcq/Build/Intermediates.noindex/Pods.build/Debug-iphonesimulator/React-Fabric.build/Objects-normal/arm64/React-Fabric.LinkFileList
    export LINK_OBJC_RUNTIME\=YES
    export LINK_WITH_STANDARD_LIBRARIES\=YES
    export LLVM_TARGET_TRIPLE_OS_VERSION\=ios15.1
    export LLVM_TARGET_TRIPLE_SUFFIX\=-simulator
    export LLVM_TARGET_TRIPLE_VENDOR\=apple
    export LM_AUX_CONST_METADATA_LIST_PATH_normal_arm64\=/Users/momtajhusen/Library/Developer/Xcode/Derive
debug dData/UnderOneRoof-bvjuhnhcwjrvzafftvptbetbcgcq/Build/Intermediates.noindex/Pods.build/Debug-iphonesimulator/React-Fabric.build/Objects-normal/arm64/React-Fabric.SwiftConstValuesFileList
    export LOCALIZATION_EXPORT_SUPPORTED\=YES
    export LOCALIZATION_PREFERS_STRING_CATALOGS\=NO
    export LOCALIZED_STRING_MACRO_NAMES\=NSLocalizedString\ CFCopyLocalizedString
    export LOCALIZED_STRING_SWIFTUI_SUPPORT\=YES
    export LOCAL_ADMIN_APPS_DIR\=/Applications/Utilities
    export LOCAL_APPS_DIR\=/Applications
    export LOCAL_DEVELOPER_DIR\=/Library/Developer
    export LOCAL_LIBRARY_DIR\=/Library
    export LOCROOT\=/Users/momtajhusen/Desktop/UnderOneRoof/ios/Pods
    export LOCSYMROOT\=/Users/momtajhusen/Desktop/UnderOneRoof/ios/Pods
    export MACH_O_TYPE\=staticlib
    export MAC_OS_X_PRODUCT_BUILD_VERSION\=24F74
    export MAC_OS_X_VERSION_ACTUAL\=150500
    export MAC_OS_X_VERSION_MAJOR\=150000
    export MAC_OS_X_VERSION_MINOR\=150500
    export MAKE_MERGEABLE\=NO
    export MERGEABLE_LIBRARY\=NO
    export MERGED_BINARY_TYPE\=none
    export MERGE_LINKED_LIBRARIES\=NO
    export METAL_LIBRARY_FILE_BASE\=default
    export METAL_LIBRARY_OUTPUT_DIR\=/Users/momtajhusen/Library/Developer/Xcode/DerivedData/UnderOneRoof-bvjuhnhcwjrvzafftvptbetbcgcq/Build/Products/Debug-iphonesimulator/React-Fabric/
    export MODULEMAP_FILE\=Headers/Public/React_Fabric/React-Fabric.modulemap
    export MODULE_CACHE_DIR\=/Users/momtajhusen/Library/Developer/Xcode/DerivedData/ModuleCache.noindex
    export MTL_ENABLE_DEBUG_INFO\=INCLUDE_SOURCE
    export MTL_FAST_MATH\=YES
    export NATIVE_ARCH\=arm64
    export NATIVE_ARCH_32_BIT\=arm
    export NATIVE_ARCH_64_BIT\=arm64
    export NATIVE_ARCH_ACTUAL\=arm64
    export NO_COMMON\=YES
    export OBJC_ABI_VERSION\=2
    export OBJECT_FILE_DIR\=/Users/momtajhusen/Library/Developer/Xcode/DerivedData/UnderOneRoof-bvjuhnhcwjrvzafftvptbetbcgcq/Build/Intermediates.noindex/Pods.build/Debug-iphonesimulator/React-Fabric.build/Objects
    export OBJECT_FILE_DIR_normal\=/Users/momtajhusen/Library/Developer/Xcode/DerivedData/UnderOneRoof-bvjuhnhcwjrvzafftvptbetbcgcq/Build/Intermediates.noindex/Pods.build/Debug-iphonesimulator/React-Fabric.build/Objects-normal
    export OBJROOT\=/Users/momtajhusen/Library/Developer/Xcode/DerivedData/UnderOneRoof-bvjuhnhcwjrvzafftvptbetbcgcq/Build/Intermediates.noindex
    export ONLY_ACTIVE_ARCH\=YES
    export OS\=MACOS
    export OSAC\=/usr/bin/osacompile
    export OTHER_CFLAGS\=\ -fmodule-map-file\=\"/Users/momtajhusen/Desktop/UnderOneRoof/ios/Pods/Headers/Public/DoubleConversion/DoubleConversion.modulemap\"\ -fmodule-map-file\=\"/Users/momtajhusen/Desktop/UnderOneRoof/ios/Pods/Headers/Public/RCTDeprecation/RCTDeprecation.modulemap\"\ -fmodule-map-file\=\"/Users/momtajhusen/Desktop/UnderOneRoof/ios/Pods/Headers/Public/RCTTypeSafety/RCTTypeSafety.modulemap\"\ -fmodule-map-file\=\"/Users/momtajhusen/Desktop/UnderOneRoof/ios/Pods/Headers/Public/React/React-Core.modulemap\"\ -fmodule-map-file\=\"/Users/momtajhusen/Desktop/UnderOneRoof/ios/Pods/Headers/Public/ReactCommon/ReactCommon.modulemap\"\ -fmodule-map-file\=\"/Users/momtajhusen/Desktop/UnderOneRoof/ios/Pods/Headers/Public/folly/RCT-Folly.modulemap\"\ -fmodule-map-file\=\"/Users/momtajhusen/Desktop/UnderOneRoof/ios/Pods/Headers/Public/glog/glog.modulemap\"\ -fmodule-map-file\=\"/Users/momtajhusen/Desktop/UnderOneRoof/ios/Pods/Headers/Public/jsi/React-jsi.modulemap\"\ -fmodule-map-file\=\"/Users/momtajhusen/Desktop/UnderOneRoof/ios/Pods/Headers/Public/jsinspector_modern/React-jsinspector.modulemap\"\ -fmodule-map-file\=\"/Users/momtajhusen/Desktop/UnderOneRoof/ios/Pods/Headers/Public/react_debug/React-debug.modulemap\"\ -fmodule-map-file\=\"/Users/momtajhusen/Desktop/UnderOneRoof/ios/Pods/Headers/Public/react_featureflags/React-featureflags.modulemap\"\ -fmodule-map-file\=\"/Users/momtajhusen/Desktop/UnderOneRoof/ios/Pods/Headers/Public/react_renderer_debug/React-rendererdebug.modulemap\"\ -fmodule-map-file\=\"/Users/momtajhusen/Desktop/UnderOneRoof/ios/Pods/Headers/Public/react_renderer_graphics/React-graphics.modulemap\"\ -fmodule-map-file\=\"/Users/momtajhusen/Desktop/UnderOneRoof/ios/Pods/Headers/Public/react_utils/React-utils.modulemap\"\ -fmodule-map-file\=\"/Users/momtajhusen/Desktop/UnderOneRoof/ios/Pods/Headers/Public/reacthermes/React-hermes.modulemap\"\ -fmodule-map-file\=\"/Users/momtajhusen/Desktop/UnderOneRoof/ios/Pods/Headers/Public/yoga/Yoga.modulemap\"
    export OTHER_CPLUSPLUSFLAGS\=\ -fmodule-map-file\=\"/Users/momtajhusen/Desktop/UnderOneRoof/ios/Pods/Headers/Public/DoubleConversion/DoubleConversion.modulemap\"\ -fmodule-map-file\=\"/Users/momtajhusen/Desktop/UnderOneRoof/ios/Pods/Headers/Public/RCTDeprecation/RCTDeprecation.modulemap\"\ -fmodule-map-file\=\"/Users/momtajhusen/Desktop/UnderOneRoof/ios/Pods/Headers/Public/RCTTypeSafety/RCTTypeSafety.modulemap\"\ -fmodule-map-file\=\"/Users/momtajhusen/Desktop/UnderOneRoof/ios/Pods/Headers/Public/React/React-Core.modulemap\"\ -fmodule-map-file\=\"/Users/momtajhusen/Desktop/UnderOneRoof/ios/Pods/Headers/Public/ReactCommon/ReactCommon.modulemap\"\ -fmodule-map-file\=\"/Users/momtajhusen/Desktop/UnderOneRoof/ios/Pods/Headers/Public/folly/RCT-Folly.modulemap\"\ -fmodule-map-file\=\"/Users/momtajhusen/Desktop/UnderOneRoof/ios/Pods/Headers/Public/glog/glog.modulemap\"\ -fmodule-map-file\=\"/Users/momtajhusen/Desktop/UnderOneRoof/ios/Pods/Headers/Public/jsi/React-jsi.modulemap\"\ -fmodule-map-file\=\"/Users/momtajhusen/Desktop/UnderOneRoof/ios/Pods/Headers/Public/jsinspector_modern/React-jsinspector.modulemap\"\ -fmodule-map-file\=\"/Users/momtajhusen/Desktop/UnderOneRoof/ios/Pods/Headers/Public/react_debug/React-debug.modulemap\"\ -fmodule-map-file\=\"/Users/momtajhusen/Desktop/UnderOneRoof/ios/Pods/Headers/Public/react_featureflags/React-featureflags.modulemap\"\ -fmodule-map-file\=\"/Users/momtajhusen/Desktop/UnderOneRoof/ios/Pods/Headers/Public/react_renderer_debug/React-rendererdebug.modulemap\"\ -fmodule-map-file\=\"/Users/momtajhusen/Desktop/UnderOneRoof/ios/Pods/Headers/Public/react_renderer_graphics/React-graphics.modulemap\"\ -fmodule-map-file\=\"/Users/momtajhusen/Desktop/UnderOneRoof/ios/Pods/Headers/Public/react_utils/React-utils.modulemap\"\ -fmodule-map-file\=\"/Users/momtajhusen/Desktop/UnderOneRoof/ios/Pods/Headers/Public/reacthermes/React-hermes.modulemap\"\ -fmodule-map-file\=\"/Users/momtajhusen/Desktop/UnderOneRoof/ios/Pods/Headers/Public/yoga/Yoga.modulemap\"
    export PACKAGE_TYPE\=com.apple.package-type.static-library
    export PASCAL_STRINGS\=YES
    export PATH\=/Applications/Xcode.app/Contents/SharedFrameworks/SwiftBuild.framework/Versions/A/PlugIns/SWBBuildService.bundle/Contents/PlugIns/SWBUniversalPlatformPlugin.bundle/Contents/Frameworks/SWBUniversalPlatform.framework/Resources:/Applications/Xcode.app/Contents/Developer/Toolchains/XcodeDefault.xctoolchain/usr/bin:/Applications/Xcode.app/Contents/Developer/Toolchains/XcodeDefault.xctoolchain/usr/local/bin:/Applications/Xcode.app/Contents/Developer/Toolchains/XcodeDefault.xctoolchain/usr/libexec:/Applications/Xcode.app/Contents/Developer/Platforms/iPhoneSimulator.platform/usr/bin:/Applications/Xcode.app/Contents/Developer/Platforms/iPhoneSimulator.platform/usr/local/bin:/Applications/Xcode.app/Contents/Developer/Platforms/iPhoneSimulator.platform/Developer/usr/bin:/Applications/Xcode.app/Contents/Developer/Platforms/iPhoneSimulator.platform/Developer/usr/local/bin:/Applications/Xcode.app/Contents/Developer/usr/bin:/Applications/Xcode.app/Contents/Developer/usr/local/bin:/Users/momtajhusen/Desktop/UnderOneRoof/node_modules/.bin:/Users/momtajhusen/Desktop/node_modules/.bin:/Users/momtajhusen/node_modules/.bin:/Users/node_modules/.bin:/node_modules/.bin:/Users/momtajhusen/.nvm/versions/node/v18.20.8/lib/node_modules/npm/node_modules/@npmcli/run-script/lib/node-gyp-bin:/Users/momtajhusen/.nvm/versions/node/v18.20.8/bin:/opt/homebrew/opt/openjdk@17/bin:/Users/momtajhusen/Library/Android/sdk/emulator:/Users/momtajhusen/Library/Android/sdk/tools:/Users/momtajhusen/Library/Android/sdk/tools/bin:/Users/momtajhusen/Library/Android/sdk/platform-tools:/opt/homebrew/opt/openjdk@11/bin:/opt/homebrew/b
debug in:/opt/homebrew/sbin:/usr/local/bin:/System/Cryptexes/App/usr/bin:/usr/bin:/bin:/usr/sbin:/sbin:/var/run/com.apple.security.cryptexd/codex.system/bootstrap/usr/local/bin:/var/run/com.apple.security.cryptexd/codex.system/bootstrap/usr/bin:/var/run/com.apple.security.cryptexd/codex.system/bootstrap/usr/appleinternal/bin:/Library/Apple/usr/bin:/Users/momtajhusen/Library/Android/sdk/cmdline-tools/latest/bin
    export PATH_PREFIXES_EXCLUDED_FROM_HEADER_DEPENDENCIES\=/usr/include\ /usr/local/include\ /System/Library/Frameworks\ /System/Library/PrivateFrameworks\ /Applications/Xcode.app/Contents/Developer/Headers\ /Applications/Xcode.app/Contents/Developer/SDKs\ /Applications/Xcode.app/Contents/Developer/Platforms
    export PER_ARCH_MODULE_FILE_DIR\=/Users/momtajhusen/Library/Developer/Xcode/DerivedData/UnderOneRoof-bvjuhnhcwjrvzafftvptbetbcgcq/Build/Intermediates.noindex/Pods.build/Debug-iphonesimulator/React-Fabric.build/Objects-normal/undefined_arch
    export PER_ARCH_OBJECT_FILE_DIR\=/Users/momtajhusen/Library/Developer/Xcode/DerivedData/UnderOneRoof-bvjuhnhcwjrvzafftvptbetbcgcq/Build/Intermediates.noindex/Pods.build/Debug-iphonesimulator/React-Fabric.build/Objects-normal/undefined_arch
    export PER_VARIANT_OBJECT_FILE_DIR\=/Users/momtajhusen/Library/Developer/Xcode/DerivedData/UnderOneRoof-bvjuhnhcwjrvzafftvptbetbcgcq/Build/Intermediates.noindex/Pods.build/Debug-iphonesimulator/React-Fabric.build/Objects-normal
    export PKGINFO_FILE_PATH\=/Users/momtajhusen/Library/Developer/Xcode/DerivedData/UnderOneRoof-bvjuhnhcwjrvzafftvptbetbcgcq/Build/Intermediates.noindex/Pods.build/Debug-iphonesimulator/React-Fabric.build/PkgInfo
    export PLATFORM_DEVELOPER_APPLICATIONS_DIR\=/Applications/Xcode.app/Contents/Developer/Platforms/iPhoneSimulator.platform/Developer/Applications
    export PLATFORM_DEVELOPER_BIN_DIR\=/Applications/Xcode.app/Contents/Developer/Platforms/iPhoneSimulator.platform/Developer/usr/bin
    export PLATFORM_DEVELOPER_LIBRARY_DIR\=/Applications/Xcode.app/Contents/Developer/Platforms/iPhoneSimulator.platform/Developer/Library
    export PLATFORM_DEVELOPER_SDK_DIR\=/Applications/Xcode.app/Contents/Developer/Platforms/iPhoneSimulator.platform/Developer/SDKs
    export PLATFORM_DEVELOPER_TOOLS_DIR\=/Applications/Xcode.app/Contents/Developer/Platforms/iPhoneSimulator.platform/Developer/Tools
    export PLATFORM_DEVELOPER_USR_DIR\=/Applications/Xcode.app/Contents/Developer/Platforms/iPhoneSimulator.platform/Developer/usr
    export PLATFORM_DIR\=/Applications/Xcode.app/Contents/Developer/Platforms/iPhoneSimulator.platform
    export PLATFORM_DISPLAY_NAME\=iOS\ Simulator
    export PLATFORM_FAMILY_NAME\=iOS
    export PLATFORM_NAME\=iphonesimulator
    export PLATFORM_PREFERRED_ARCH\=x86_64
    export PLATFORM_PRODUCT_BUILD_VERSION\=22F76
    export PLATFORM_REQUIRES_SWIFT_AUTOLINK_EXTRACT\=NO
    export PLATFORM_REQUIRES_SWIFT_MODULEWRAP\=NO
    export PLIST_FILE_OUTPUT_FORMAT\=binary
    export PODS_BUILD_DIR\=/Users/momtajhusen/Library/Developer/Xcode/DerivedData/UnderOneRoof-bvjuhnhcwjrvzafftvptbetbcgcq/Build/Products
    export PODS_CONFIGURATION_BUILD_DIR\=/Users/momtajhusen/Library/Developer/Xcode/DerivedData/UnderOneRoof-bvjuhnhcwjrvzafftvptbetbcgcq/Build/Products/Debug-iphonesimulator
    export PODS_DEVELOPMENT_LANGUAGE\=en
    export PODS_ROOT\=/Users/momtajhusen/Desktop/UnderOneRoof/ios/Pods
    export PODS_TARGET_SRCROOT\=/Users/momtajhusen/Desktop/UnderOneRoof/ios/Pods/../../node_modules/react-native/ReactCommon
    export PODS_XCFRAMEWORKS_BUILD_DIR\=/Users/momtajhusen/Library/Developer/Xcode/DerivedData/UnderOneRoof-bvjuhnhcwjrvzafftvptbetbcgcq/Build/Products/Debug-iphonesimulator/XCFrameworkIntermediates
    export PRECOMPS_INCLUDE_HEADERS_FROM_BUILT_PRODUCTS_DIR\=YES
    export PRECOMP_DESTINATION_DIR\=/Users/momtajhusen/Library/Developer/Xcode/DerivedData/UnderOneRoof-bvjuhnhcwjrvzafftvptbetbcgcq/Build/Intermediates.noindex/Pods.build/Debug-iphonesimulator/React-Fabric.build/PrefixHeaders
    export PROCESSED_INFOPLIST_PATH\=/Users/momtajhusen/Library/Developer/Xcode/DerivedData/UnderOneRoof-bvjuhnhcwjrvzafftvptbetbcgcq/Build/Intermediates.noindex/Pods.build/Debug-iphonesimulator/React-Fabric.build/Objects-normal/undefined_arch/Processed-Info.plist
    export PRODUCT_BUNDLE_IDENTIFIER\=org.cocoapods.React-Fabric
    export PRODUCT_MODULE_NAME\=React_Fabric
    export PRODUCT_NAME\=React-Fabric
    export PRODUCT_SETTINGS_PATH\=
    export PRODUCT_TYPE\=com.apple.product-type.library.static
    export PROFILING_CODE\=NO
    export PROJECT\=Pods
    export PROJECT_DERIVED_FILE_DIR\=/Users/momtajhusen/Library/Developer/Xcode/DerivedData/UnderOneRoof-bvjuhnhcwjrvzafftvptbetbcgcq/Build/Intermediates.noindex/Pods.build/DerivedSources
    export PROJECT_DIR\=/Users/momtajhusen/Desktop/UnderOneRoof/ios/Pods
    export PROJECT_FILE_PATH\=/Users/momtajhusen/Desktop/UnderOneRoof/ios/Pods/Pods.xcodeproj
    export PROJECT_GUID\=8699adb1dd336b26511df848a716bd42
    export PROJECT_NAME\=Pods
    export PROJECT_TEMP_DIR\=/Users/momtajhusen/Library/Developer/Xcode/DerivedData/UnderOneRoof-bvjuhnhcwjrvzafftvptbetbcgcq/Build/Intermediates.noindex/Pods.build
    export PROJECT_TEMP_ROOT\=/Users/momtajhusen/Library/Developer/Xcode/DerivedData/UnderOneRoof-bvjuhnhcwjrvzafftvptbetbcgcq/Build/Intermediates.noindex
    export REACT_NATIVE_PATH\=/Users/momtajhusen/Desktop/UnderOneRoof/ios/Pods/../../node_modules/react-native
    export RECOMMENDED_IPHONEOS_DEPLOYMENT_TARGET\=15.0
    export RECURSIVE_SEARCH_PATHS_FOLLOW_SYMLINKS\=YES
    export REMOVE_CVS_FROM_RESOURCES\=YES
    export REMOVE_GIT_FROM_RESOURCES\=YES
    export REMOVE_HEADERS_FROM_EMBEDDED_BUNDLES\=YES
    export REMOVE_HG_FROM_RESOURCES\=YES
    export REMOVE_STATIC_EXECUTABLES_FROM_EMBEDDED_BUNDLES\=YES
    export REMOVE_SVN_FROM_RESOURCES\=YES
    export RESCHEDULE_INDEPENDENT_HEADERS_PHASES\=YES
    export REZ_COLLECTOR_DIR\=/Users/momtajhusen/Library/Developer/Xcode/DerivedData/UnderOneRoof-bvjuhnhcwjrvzafftvptbetbcgcq/Build/Intermediates.noindex/Pods.build/Debug-iphonesimulator/React-Fabric.build/ResourceManagerResources
    export REZ_EXECUTABLE\=YES
    export REZ_OBJECTS_DIR\=/Users/momtajhusen/Library/Developer/Xcode/DerivedData/UnderOneRoof-bvjuhnhcwjrvzafftvptbetbcgcq/Build/Intermediates.noindex/Pods.build/Debug-iphonesimulator/React-Fabric.build/ResourceManagerResources/Objects
    export REZ_SEARCH_PATHS\=/Users/momtajhusen/Library/Developer/Xcode/DerivedData/UnderOneRoof-bvjuhnhcwjrvzafftvptbetbcgcq/Build/Products/Debug-iphonesimulator/React-Fabric\ 
    export SCAN_ALL_SOURCE_FILES_FOR_INCLUDES\=NO
    export SCRIPT_INPUT_FILE_COUNT\=0
    export SCRIPT_INPUT_FILE_LIST_COUNT\=0
    export SCRIPT_OUTPUT_FILE_COUNT\=0
    export SCRIPT_OUTPUT_FILE_LIST_COUNT\=0
    export SDKROOT\=/Applications/Xcode.app/Contents/Developer/Platforms/iPhoneSimulator.platform/Developer/SDKs/iPhoneSimulator18.5.sdk
    export SDK_DIR\=/Applications/Xcode.app/Contents/Developer/Platforms/iPhoneSimulator.platform/Developer/SDKs/iPhoneSimulator18.5.sdk
    export SDK_DIR_iphonesimulator\=/Applications/Xcode.app/Contents/Developer/Platforms/iPhoneSimulator.platform/Developer/SDKs/iPhoneSimulator18.5.sdk
    export SDK_DIR_iphonesimulator18_5\=/Applications/Xcode.app/Contents/Developer/Platforms/iPhoneSimulator.platform/Developer/SDKs/iPhoneSimulator18.5.sdk
    export SDK_NAME\=iphonesimulator18.5
    export SDK_NAMES\=iphonesimulator18.5
    export SDK_PRODUCT_BUILD_VERSION\=22F76
    export SDK_STAT_CACHE_DIR\=/Users/momtajhusen/Library/Developer/Xcode/DerivedData
    export SDK_STAT_CACHE_ENABLE\=YES
    export SDK_STAT_CACHE_PATH\=/Users/momtajhusen/Library/Developer/Xcode/DerivedData/SDKStatCaches.noindex/iphonesimulator18.5-22F76-d5fc8ad4295d2ef488fb7d0f804ce0c4.sdkstatcache
    export SDK_VERSION\=18.5
    export SDK_VERSION_ACTUAL\=180500
    export SDK_VERSION_MAJOR\=180000
    export SDK_VERSION_MINOR\=180500
    export SED\=/usr/bin/sed
    export SEPARATE_STRIP\=NO
    export SEPARATE_SYMBOL_EDIT\=NO
    export SET_DIR_MODE_OWNER_GROUP\=YES
    export SET_FILE_MODE_OWNER_GROUP\=NO
    export SHALLOW_BUNDLE\=NO
    export SHARED_DERIVED_FILE_DIR\=/Users/momtajhusen/L
debug ibrary/Developer/Xcode/DerivedData/UnderOneRoof-bvjuhnhcwjrvzafftvptbetbcgcq/Build/Products/Debug-iphonesimulator/React-Fabric/DerivedSources
    export SHARED_PRECOMPS_DIR\=/Users/momtajhusen/Library/Developer/Xcode/DerivedData/UnderOneRoof-bvjuhnhcwjrvzafftvptbetbcgcq/Build/Intermediates.noindex/PrecompiledHeaders
    export SKIP_INSTALL\=YES
    export SOURCE_ROOT\=/Users/momtajhusen/Desktop/UnderOneRoof/ios/Pods
    export SRCROOT\=/Users/momtajhusen/Desktop/UnderOneRoof/ios/Pods
    export STRINGSDATA_DIR\=/Users/momtajhusen/Library/Developer/Xcode/DerivedData/UnderOneRoof-bvjuhnhcwjrvzafftvptbetbcgcq/Build/Intermediates.noindex/Pods.build/Debug-iphonesimulator/React-Fabric.build/Objects-normal/undefined_arch
    export STRINGSDATA_ROOT\=/Users/momtajhusen/Library/Developer/Xcode/DerivedData/UnderOneRoof-bvjuhnhcwjrvzafftvptbetbcgcq/Build/Intermediates.noindex/Pods.build/Debug-iphonesimulator/React-Fabric.build
    export STRINGS_FILE_INFOPLIST_RENAME\=YES
    export STRINGS_FILE_OUTPUT_ENCODING\=binary
    export STRIP_BITCODE_FROM_COPIED_FILES\=NO
    export STRIP_INSTALLED_PRODUCT\=NO
    export STRIP_STYLE\=debugging
    export STRIP_SWIFT_SYMBOLS\=YES
    export SUPPORTED_DEVICE_FAMILIES\=1,2
    export SUPPORTED_PLATFORMS\=iphoneos\ iphonesimulator
    export SUPPORTS_TEXT_BASED_API\=NO
    export SUPPRESS_WARNINGS\=NO
    export SWIFT_ACTIVE_COMPILATION_CONDITIONS\=\ DEBUG\ 
    export SWIFT_EMIT_LOC_STRINGS\=NO
    export SWIFT_INSTALL_OBJC_HEADER\=YES
    export SWIFT_OPTIMIZATION_LEVEL\=-Onone
    export SWIFT_PLATFORM_TARGET_PREFIX\=ios
    export SWIFT_RESPONSE_FILE_PATH_normal_arm64\=/Users/momtajhusen/Library/Developer/Xcode/DerivedData/UnderOneRoof-bvjuhnhcwjrvzafftvptbetbcgcq/Build/Intermediates.noindex/Pods.build/Debug-iphonesimulator/React-Fabric.build/Objects-normal/arm64/React-Fabric.SwiftFileList
    export SWIFT_VERSION\=5.0
    export SYMROOT\=/Users/momtajhusen/Library/Developer/Xcode/DerivedData/UnderOneRoof-bvjuhnhcwjrvzafftvptbetbcgcq/Build/Products
    export SYSTEM_ADMIN_APPS_DIR\=/Applications/Utilities
    export SYSTEM_APPS_DIR\=/Applications
    export SYSTEM_CORE_SERVICES_DIR\=/System/Library/CoreServices
    export SYSTEM_DEMOS_DIR\=/Applications/Extras
    export SYSTEM_DEVELOPER_APPS_DIR\=/Applications/Xcode.app/Contents/Developer/Applications
    export SYSTEM_DEVELOPER_BIN_DIR\=/Applications/Xcode.app/Contents/Developer/usr/bin
    export SYSTEM_DEVELOPER_DEMOS_DIR\=/Applications/Xcode.app/Contents/Developer/Applications/Utilities/Built\ Examples
    export SYSTEM_DEVELOPER_DIR\=/Applications/Xcode.app/Contents/Developer
    export SYSTEM_DEVELOPER_DOC_DIR\=/Applications/Xcode.app/Contents/Developer/ADC\ Reference\ Library
    export SYSTEM_DEVELOPER_GRAPHICS_TOOLS_DIR\=/Applications/Xcode.app/Contents/Developer/Applications/Graphics\ Tools
    export SYSTEM_DEVELOPER_JAVA_TOOLS_DIR\=/Applications/Xcode.app/Contents/Developer/Applications/Java\ Tools
    export SYSTEM_DEVELOPER_PERFORMANCE_TOOLS_DIR\=/Applications/Xcode.app/Contents/Developer/Applications/Performance\ Tools
    export SYSTEM_DEVELOPER_RELEASENOTES_DIR\=/Applications/Xcode.app/Contents/Developer/ADC\ Reference\ Library/releasenotes
    export SYSTEM_DEVELOPER_TOOLS\=/Applications/Xcode.app/Contents/Developer/Tools
    export SYSTEM_DEVELOPER_TOOLS_DOC_DIR\=/Applications/Xcode.app/Contents/Developer/ADC\ Reference\ Library/documentation/DeveloperTools
    export SYSTEM_DEVELOPER_TOOLS_RELEASENOTES_DIR\=/Applications/Xcode.app/Contents/Developer/ADC\ Reference\ Library/releasenotes/DeveloperTools
    export SYSTEM_DEVELOPER_USR_DIR\=/Applications/Xcode.app/Contents/Developer/usr
    export SYSTEM_DEVELOPER_UTILITIES_DIR\=/Applications/Xcode.app/Contents/Developer/Applications/Utilities
    export SYSTEM_DEXT_INSTALL_PATH\=/System/Library/DriverExtensions
    export SYSTEM_DOCUMENTATION_DIR\=/Library/Documentation
    export SYSTEM_KEXT_INSTALL_PATH\=/System/Library/Extensions
    export SYSTEM_LIBRARY_DIR\=/System/Library
    export TAPI_DEMANGLE\=YES
    export TAPI_ENABLE_PROJECT_HEADERS\=NO
    export TAPI_LANGUAGE\=objective-c
    export TAPI_LANGUAGE_STANDARD\=compiler-default
    export TAPI_USE_SRCROOT\=YES
    export TAPI_VERIFY_MODE\=Pedantic
    export TARGETED_DEVICE_FAMILY\=1,2
    export TARGETNAME\=React-Fabric
    export TARGET_BUILD_DIR\=/Users/momtajhusen/Library/Developer/Xcode/DerivedData/UnderOneRoof-bvjuhnhcwjrvzafftvptbetbcgcq/Build/Products/Debug-iphonesimulator/React-Fabric
    export TARGET_DEVICE_IDENTIFIER\=F2E985D8-D147-4467-820F-8CB451FE785D
    export TARGET_DEVICE_MODEL\=iPhone17,1
    export TARGET_DEVICE_OS_VERSION\=18.5
    export TARGET_DEVICE_PLATFORM_NAME\=iphonesimulator
    export TARGET_NAME\=React-Fabric
    export TARGET_TEMP_DIR\=/Users/momtajhusen/Library/Developer/Xcode/DerivedData/UnderOneRoof-bvjuhnhcwjrvzafftvptbetbcgcq/Build/Intermediates.noindex/Pods.build/Debug-iphonesimulator/React-Fabric.build
    export TEMP_DIR\=/Users/momtajhusen/Library/Developer/Xcode/DerivedData/UnderOneRoof-bvjuhnhcwjrvzafftvptbetbcgcq/Build/Intermediates.noindex/Pods.build/Debug-iphonesimulator/React-Fabric.build
    export TEMP_FILES_DIR\=/Users/momtajhusen/Library/Developer/Xcode/DerivedData/UnderOneRoof-bvjuhnhcwjrvzafftvptbetbcgcq/Build/Intermediates.noindex/Pods.build/Debug-iphonesimulator/React-Fabric.build
    export TEMP_FILE_DIR\=/Users/momtajhusen/Library/Developer/Xcode/DerivedData/UnderOneRoof-bvjuhnhcwjrvzafftvptbetbcgcq/Build/Intermediates.noindex/Pods.build/Debug-iphonesimulator/React-Fabric.build
    export TEMP_ROOT\=/Users/momtajhusen/Library/Developer/Xcode/DerivedData/UnderOneRoof-bvjuhnhcwjrvzafftvptbetbcgcq/Build/Intermediates.noindex
    export TEMP_SANDBOX_DIR\=/Users/momtajhusen/Library/Developer/Xcode/DerivedData/UnderOneRoof-bvjuhnhcwjrvzafftvptbetbcgcq/Build/Intermediates.noindex/TemporaryTaskSandboxes
    export TEST_FRAMEWORK_SEARCH_PATHS\=\ /Applications/Xcode.app/Contents/Developer/Platforms/iPhoneSimulator.platform/Developer/Library/Frameworks\ /Applications/Xcode.app/Contents/Developer/Platforms/iPhoneSimulator.platform/Developer/SDKs/iPhoneSimulator18.5.sdk/Developer/Library/Frameworks
    export TEST_LIBRARY_SEARCH_PATHS\=\ /Applications/Xcode.app/Contents/Developer/Platforms/iPhoneSimulator.platform/Developer/usr/lib
    export TOOLCHAINS\=com.apple.dt.toolchain.XcodeDefault
    export TOOLCHAIN_DIR\=/Applications/Xcode.app/Contents/Developer/Toolchains/XcodeDefault.xctoolchain
    export TREAT_MISSING_BASELINES_AS_TEST_FAILURES\=NO
    export TREAT_MISSING_SCRIPT_PHASE_OUTPUTS_AS_ERRORS\=NO
    export UID\=501
    export UNINSTALLED_PRODUCTS_DIR\=/Users/momtajhusen/Library/Developer/Xcode/DerivedData/UnderOneRoof-bvjuhnhcwjrvzafftvptbetbcgcq/Build/Intermediates.noindex/UninstalledProducts
    export UNSTRIPPED_PRODUCT\=NO
    export USER\=momtajhusen
    export USER_APPS_DIR\=/Users/momtajhusen/Applications
    export USER_LIBRARY_DIR\=/Users/momtajhusen/Library
    export USE_DYNAMIC_NO_PIC\=YES
    export USE_HEADERMAP\=YES
    export USE_HEADER_SYMLINKS\=NO
    export USE_HERMES\=true
    export USE_RECURSIVE_SCRIPT_INPUTS_IN_SCRIPT_PHASES\=YES
    export VALIDATE_DEVELOPMENT_ASSET_PATHS\=YES_ERROR
    export VALIDATE_PRODUCT\=NO
    export VALID_ARCHS\=arm64\ arm64e\ x86_64
    export VERBOSE_PBXCP\=NO
    export VERSION_INFO_BUILDER\=momtajhusen
    export VERSION_INFO_FILE\=React-Fabric_vers.c
    export VERSION_INFO_STRING\=\"@\(\#\)PROGRAM:React-Fabric\ \ PROJECT:Pods-\"
    export WORKSPACE_DIR\=/Users/momtajhusen/Desktop/UnderOneRoof/ios
    export WRAP_ASSET_PACKS_IN_SEPARATE_DIRECTORIES\=NO
    export XCODE_APP_SUPPORT_DIR\=/Applications/Xcode.app/Contents/Developer/Library/Xcode
    export XCODE_PRODUCT_BUILD_VERSION\=16F6
    export XCODE_VERSION_ACTUAL\=1640
    export XCODE_VERSION_MAJOR\=1600
    export XCODE_VERSION_MINOR\=1640
    export XPCSERVICES_FOLDER_PATH\=/XPCServices
    export YACC\=yacc
    export _DISCOVER_COMMAND_LINE_LINKER_INPUTS\=YES
    export _DISCOVER_COMMAND_LINE_LINKER_INPUTS_INCLUDE_WL\=YES
    export __DIAGNOSE_DEPRECATED_ARCHS\=YES
    export arch\=undefined_arch
    export variant\=normal
    /bin/sh -c /Users/momtajhusen/L
debug ibrary/Developer/Xcode/DerivedData/UnderOneRoof-bvjuhnhcwjrvzafftvptbetbcgcq/Build/Intermediates.noindex/Pods.build/Debug-iphonesimulator/React-Fabric.build/Script-46EB2E00024B30.sh

debug Checking whether Codegen has run...

debug 

debug CompileC /Users/momtajhusen/Library/Developer/Xcode/DerivedData/UnderOneRoof-bvjuhnhcwjrvzafftvptbetbcgcq/Build/Intermediates.noindex/Pods.build/Debug-iphonesimulator/ReactCodegen.build/Objects-normal/arm64/ComponentDescriptors-705ead4205615bd6e41f3c52a5baff3d.o /Users/momtajhusen/Desktop/UnderOneRoof/ios/build/generated/ios/react/renderer/components/RNCWebViewSpec/ComponentDescriptors.cpp normal arm64 c++ com.apple.compilers.llvm.clang.1_0.compiler (in target 'ReactCodegen' from project 'Pods')
    cd /Users/momtajhusen/Desktop/UnderOneRoof/ios/Pods
    
    Using response file: /Users/momtajhusen/Library/Developer/Xcode/DerivedData/UnderOneRoof-bvjuhnhcwjrvzafftvptbetbcgcq/Build/Intermediates.noindex/Pods.build/Debug-iphonesimulator/ReactCodegen.build/Objects-normal/arm64/82b82416624d2658e5098eb0a28c15c5-common-args.resp
    
    /Applications/Xcode.app/Contents/Developer/Toolchains/XcodeDefault.xctoolchain/usr/bin/clang -x c++ -ivfsstatcache /Users/momtajhusen/Library/Developer/Xcode/DerivedData/SDKStatCaches.noindex/iphonesimulator18.5-22F76-d5fc8ad4295d2ef488fb7d0f804ce0c4.sdkstatcache -fmessage-length\=0 -fdiagnostics-show-note-include-stack -fmacro-backtrace-limit\=0 -fno-color-diagnostics -fmodules-prune-interval\=86400 -fmodules-prune-after\=345600 -fbuild-session-file\=/Users/momtajhusen/Library/Developer/Xcode/DerivedData/ModuleCache.noindex/Session.modulevalidation -fmodules-validate-once-per-build-session -Wnon-modular-include-in-framework-module -Werror\=non-modular-include-in-framework-module -Wno-trigraphs -Wno-missing-field-initializers -Wno-missing-prototypes -Werror\=return-type -Wdocumentation -Wunreachable-code -Werror\=deprecated-objc-isa-usage -Werror\=objc-root-class -Wno-non-virtual-dtor -Wno-overloaded-virtual -Wno-exit-time-destructors -Wno-missing-braces -Wparentheses -Wswitch -Wunused-function -Wno-unused-label -Wno-unused-parameter -Wunused-variable -Wunused-value -Wempty-body -Wuninitialized -Wconditional-uninitialized -Wno-unknown-pragmas -Wno-shadow -Wno-four-char-constants -Wno-conversion -Wconstant-conversion -Wint-conversion -Wbool-conversion -Wenum-conversion -Wno-float-conversion -Wnon-literal-null-conversion -Wobjc-literal-conversion -Wshorten-64-to-32 -Wno-newline-eof -Wno-c++11-extensions -Wno-implicit-fallthrough -fstrict-aliasing -Wdeprecated-declarations -Winvalid-offsetof -Wno-sign-conversion -Winfinite-recursion -Wmove -Wcomma -Wblock-capture-autoreleasing -Wstrict-prototypes -Wrange-loop-analysis -Wno-semicolon-before-method-body -Wunguarded-availability -index-store-path /Users/momtajhusen/Library/Developer/Xcode/DerivedData/UnderOneRoof-bvjuhnhcwjrvzafftvptbetbcgcq/Index.noindex/DataStore @/Users/momtajhusen/Library/Developer/Xcode/DerivedData/UnderOneRoof-bvjuhnhcwjrvzafftvptbetbcgcq/Build/Intermediates.noindex/Pods.build/Debug-iphonesimulator/ReactCodegen.build/Objects-normal/arm64/82b82416624d2658e5098eb0a28c15c5-common-args.resp -DFOLLY_NO_CONFIG -DFOLLY_MOBILE\=1 -DFOLLY_USE_LIBCPP\=1 -DFOLLY_CFG_NO_COROUTINES\=1 -DFOLLY_HAVE_CLOCK_GETTIME\=1 -Wno-comma -Wno-shorten-64-to-32 -Wno-documentation -Wno-nullability-completeness -std\=c++20 -include /Users/momtajhusen/Desktop/UnderOneRoof/ios/Pods/Target\ Support\ Files/ReactCodegen/ReactCodegen-prefix.pch -MMD -MT dependencies -MF /Users/momtajhusen/Library/Developer/Xcode/DerivedData/UnderOneRoof-bvjuhnhcwjrvzafftvptbetbcgcq/Build/Intermediates.noindex/Pods.build/Debug-iphonesimulator/ReactCodegen.build/Objects-normal/arm64/ComponentDescriptors-705ead4205615bd6e41f3c52a5baff3d.d --serialize-diagnostics /Users/momtajhusen/Library/Developer/Xcode/DerivedData/UnderOneRoof-bvjuhnhcwjrvzafftvptbetbcgcq/Build/Intermediates.noindex/Pods.build/Debug-iphonesimulator/ReactCodegen.build/Objects-normal/arm64/ComponentDescriptors-705ead4205615bd6e41f3c52a5baff3d.dia -c /Users/momtajhusen/Desktop/UnderOneRoof/ios/build/generated/ios/react/renderer/components/RNCWebViewSpec/ComponentDescriptors.cpp -o /Users/momtajhusen/Library/Developer/Xcode/DerivedData/UnderOneRoof-bvjuhnhcwjrvzafftvptbetbcgcq/Build/Intermediates.noindex/Pods.build/Debug-iphonesimulator/ReactCodegen.build/Objects-normal/arm64/ComponentDescriptors-705ead4205615bd6e41f3c52a5baff3d.o -index-unit-output-path /Pods.build/Debug-iphonesimulator/ReactCodegen.build/Objects-normal/arm64/ComponentDescriptors-705ead4205615bd6e41f3c52a5baff3d.o

debug 
CompileC /Users/momtajhusen/Library/Developer/Xcode/DerivedData/UnderOneRoof-bvjuhnhcwjrvzafftvptbetbcgcq/Build/Intermediates.noindex/Pods.build/Debug-iphonesimulator/ReactCodegen.build/Objects-normal/arm64/ComponentDescriptors-0e2867b53cfa26e9f1ea4d37bb07aeb5.o /Users/momtajhusen/Desktop/UnderOneRoof/ios/build/generated/ios/react/renderer/components/rnpdf/ComponentDescriptors.cpp normal arm64 c++ com.apple.compilers.llvm.clang.1_0.compiler (in target 'ReactCodegen' from project 'Pods')
    cd /Users/momtajhusen/Desktop/UnderOneRoof/ios/Pods
    
    Using response file: /Users/momtajhusen/Library/Developer/Xcode/DerivedData/UnderOneRoof-bvjuhnhcwjrvzafftvptbetbcgcq/Build/Intermediates.noindex/Pods.build/Debug-iphonesimulator/ReactCodegen.build/Objects-normal/arm64/82b82416624d2658e5098eb0a28c15c5-common-args.resp
    
    /Applications/Xcode.app/Contents/Developer/Toolchains/XcodeDefault.xctoolchain/usr/bin/clang -x c++ -ivfsstatcache /Users/momtajhusen/Library/Developer/Xcode/DerivedData/SDKStatCaches.noindex/iphonesimulator18.5-22F76-d5fc8ad4295d2ef488fb7d0f804ce0c4.sdkstatcache -fmessage-length\=0 -fdiagnostics-show-note-include-stack -fmacro-backtrace-limit\=0 -fno-color-diagnostics -fmodules-prune-interval\=86400 -fmodules-prune-after\=345600 -fbuild-session-file\=/Users/momtajhusen/Library/Developer/Xcode/DerivedData/ModuleCache.noindex/Session.modulevalidation -fmodules-validate-once-per-build-session -Wnon-modular-include-in-framework-module -Werror\=non-modular-include-in-framework-module -Wno-trigraphs -Wno-missing-field-initializers -Wno-missing-prototypes -Werror\=return-type -Wdocumentation -Wunreachable-code -Werror\=deprecated-objc-isa-usage -Werror\=objc-root-class -Wno-non-virtual-dtor -Wno-overloaded-virtual -Wno-exit-time-destructors -Wno-missing-braces -Wparentheses -Wswitch -Wunused-function -Wno-unused-label -Wno-unused-parameter -Wunused-variable -Wunused-value -Wempty-body -Wuninitialized -Wconditional-uninitialized -Wno-unknown-pragmas -Wno-shadow -Wno-four-char-constants -Wno-conversion -Wconstant-conversion -Wint-conversion -Wbool-conversion -Wenum-conversion -Wno-float-conversion -Wnon-literal-null-conversion -Wobjc-literal-conversion -Wshorten-64-to-32 -Wno-newline-eof -Wno-c++11-extensions -Wno-implicit-fallthrough -fstrict-aliasing -Wdeprecated-declarations -Winvalid-offsetof -Wno-sign-conversion -Winfinite-recursion -Wmove -Wcomma -Wblock-capture-autoreleasing -Wstrict-prototypes -Wrange-loop-analysis -Wno-semicolon-before-method-body -Wunguarded-availability -index-store-path /Users/momtajhusen/Library/Developer/Xcode/DerivedData/UnderOneRoof-bvjuhnhcwjrvzafftvptbetbcgcq/Index.noindex/DataStore @/Users/momtajhusen/Library/Developer/Xcode/DerivedData/UnderOneRoof-bvjuhnhcwjrvzafftvptbetbcgcq/Build/Intermediates.noindex/Pods.build/Debug-iphonesimulator/ReactCodegen.build/Objects-normal/arm64/82b82416624d2658e5098eb0a28c15c5-common-args.resp -DFOLLY_NO_CONFIG -DFOLLY_MOBILE\=1 -DFOLLY_USE_LIBCPP\=1 -DFOLLY_CFG_NO_COROUTINES\=1 -DFOLLY_HAVE_CLOCK_GETTIME\=1 -Wno-comma -Wno-shorten-64-to-32 -Wno-documentation -Wno-nullability-completeness -std\=c++20 -include /Users/momtajhusen/Desktop/UnderOneRoof/ios/Pods/Target\ Support\ Files/ReactCodegen/ReactCodegen-prefix.pch -MMD -MT dependencies -MF /Users/momtajhusen/Library/Developer/Xcode/DerivedData/UnderOneRoof-bvjuhnhcwjrvzafftvptbetbcgcq/Build/Intermediates.noindex/Pods.build/Debug-iphonesimulator/ReactCodegen.build/Objects-normal/arm64/ComponentDescriptors-0e2867b53cfa26e9f1ea4d37bb07aeb5.d --serialize-diagnostics /Users/momtajhusen/Library/Developer/Xcode/DerivedData/UnderOneRoof-bvjuhnhcwjrvzafftvptbetbcgcq/Build/Intermediates.noindex/Pods.build/Debug-iphonesimulator/ReactCodegen.build/Objects-normal/arm64/ComponentDescriptors-0e2867b53cfa26e9f1ea4d37bb07aeb5.dia -c /Users/momtajhusen/Desktop/UnderOneRoof/ios/build/generated/ios/react/renderer/components/rnpdf/ComponentDescriptors.cpp -o /Users/momtajhusen/Library/Developer/Xcode/DerivedData/UnderOneRoof-bvjuhnhcwjrvzafftvptbetbcgcq/Build/Intermediates.noindex/Pods.build/Debug-iphonesimulator/ReactCodegen.build/Objects-normal/arm64/ComponentDescriptors-0e2867b53cfa26e9f1ea4d37bb07aeb5.o -index-unit-output-path /Pods.build/Debug-iphonesimulator/ReactCodegen.build/Objects-normal/arm64/ComponentDescriptors-0e2867b53cfa26e9f1ea4d37bb07aeb5.o

CompileC /Users/momtajhusen/Library/Developer/Xcode/DerivedData/UnderOneRoof-bvjuhnhcwjrvzafftvptbetbcgcq/Build/Intermediates.noindex/Pods.build/Debug-iphonesimulator/ReactCodegen.build/Objects-normal/arm64/ComponentDescriptors-f4b37f272e8f0ef824f62249bcbb81f9.o /Users/momtajhusen/Desktop/UnderOneRoof/ios/build/generated/ios/react/renderer/components/rngesturehandler_codegen/ComponentDescriptors.cpp normal arm64 c++ com.apple.compilers.llvm.clang.1_0.compiler (in target 'ReactCodegen' from project 'Pods')
    cd /Users/momtajhusen/Desktop/UnderOneRoof/ios/Pods
    
    Using response file: /Users/momtajhusen/Library/Developer/Xcode/DerivedData/UnderOneRoof-bvjuhnhcwjrvzafftvptbetbcgcq/Build/Intermediates.noindex/Pods.build/Debug-iphonesimulator/ReactCodegen.build/Objects-normal/arm64/82b82416624d2658e5098eb0a28c15c5-common-args.resp
    
    /Applications/Xcode.app/Contents/Developer/Toolchains/XcodeDefault.xctoolchain/usr/bin/clang -x c++ -ivfsstatcache /Users/momtajhusen/Library/Developer/Xcode/DerivedData/SDKStatCaches.noindex/iphonesimulator18.5-22F76-d5fc8ad4295d2ef488fb7d0f804ce0c4.sdkstatcache -fmessage-length\=0 -fdiagnostics-show-note-include-stack -fmacro-backtrace-limit\=0 -fno-color-diagnostics -fmodules-prune-interval\=86400 -fmodules-prune-after\=345600 -fbuild-session-file\=/Users/momtajhusen/Library/Developer/Xcode/DerivedData/ModuleCache.noindex/Session.modulevalidation -fmodules-validate-once-per-build-session -Wnon-modular-include-in-framework-module -Werror\=non-modular-include-in-framework-module -Wno-trigraphs -Wno-missing-field-initializers -Wno-missing-prototypes -Werror\=return-type -Wdocumentation -Wunreachable-code -Werror\=deprecated-objc-isa-usage -Werror\=objc-root-class -Wno-non-virtual-dtor -Wno-overloaded-virtual -Wno-exit-time-destructors -Wno-missing-braces -Wparentheses -Wswitch -Wunused-function -Wno-unused-label -Wno-unused-parameter -Wunused-variable -Wunused-value -Wempty-body -Wuninitialized -Wconditional-uninitialized -Wno-unknown-pragmas -Wno-shadow -Wno-four-char-constants -Wno-conversion -Wconstant-conversion -Wint-conversion -Wbool-conversion -Wenum-conversion -Wno-float-conversion -Wnon-literal-null-conversion -Wobjc-literal-conversion -Wshorten-64-to-32 -Wno-newline-eof -Wno-c++11-extensions -Wno-implicit-fallthrough -fstrict-aliasing -Wdeprecated-declarations -Winvalid-offsetof -Wno-sign-conversion -Winfinite-recursion -Wmove -Wcomma -Wblock-capture-autoreleasing -Wstrict-prototypes -Wrange-loop-analysis -Wno-semicolon-before-method-body -Wunguarded-availability -index-store-path /Users/momtajhusen/Library/Developer/Xcode/DerivedData/UnderOneRoof-bvjuhnhcwjrvzafftvptbetbcgcq/Index.noindex/DataStore @/Users/momtajhusen/Library/Developer/Xcode/DerivedData/UnderOneRoof-bvjuhnhcwjrvzafftvptbetbcgcq/Build/Intermediates.noindex/Pods.build/Debug-iphonesimulator/ReactCodegen.build/Objects-normal/arm64/82b82416624d2658e5098eb0a28c15c5-common-args.resp -DFOLLY_NO_CONFIG -DFOLLY_MOBILE\=1 -DFOLLY_USE_LIBCPP\=1 -DFOLLY_CFG_NO_COROUTINES\=1 -DFOLLY_HAVE_CLOCK_GETTIME\=1 -Wno-comma -Wno-shorten-64-to-32 -Wno-documentation -Wno-nullability-completeness -std\=c++20 -include /Users/momtajhusen/Desktop/UnderOneRoof/ios/Pods/Target\ Support\ Files/ReactCodegen/ReactCodegen-prefix.pch -MMD -MT dependencies -MF /Users/momtajhusen/Library/Developer/Xcode/DerivedData/UnderOneRoof-bvjuhnhcwjrvzafftvptbetbcgcq/Build/Intermediates.noindex/Pods.build/Debug-iphonesimulator/ReactCodegen.build/Objects-normal/arm64/ComponentDescriptors-f4b37f272e8f0ef824f62249bcbb81f9.d --serialize-diagnostics /Users/momtajhusen/Library/Developer/Xcode/DerivedData/UnderOneRoof-bvjuhnhcwjrvzafftvptbetbcgcq/Build/Intermediates.noindex/Pods.build/Debug-iphonesimulator/ReactCodegen.build/Objects-normal/arm64/ComponentDescriptors-f4b37f272e8f0ef824f62249bcbb81f9.dia -c /User
debug s/momtajhusen/Desktop/UnderOneRoof/ios/build/generated/ios/react/renderer/components/rngesturehandler_codegen/ComponentDescriptors.cpp -o /Users/momtajhusen/Library/Developer/Xcode/DerivedData/UnderOneRoof-bvjuhnhcwjrvzafftvptbetbcgcq/Build/Intermediates.noindex/Pods.build/Debug-iphonesimulator/ReactCodegen.build/Objects-normal/arm64/ComponentDescriptors-f4b37f272e8f0ef824f62249bcbb81f9.o -index-unit-output-path /Pods.build/Debug-iphonesimulator/ReactCodegen.build/Objects-normal/arm64/ComponentDescriptors-f4b37f272e8f0ef824f62249bcbb81f9.o

debug 
CompileC /Users/momtajhusen/Library/Developer/Xcode/DerivedData/UnderOneRoof-bvjuhnhcwjrvzafftvptbetbcgcq/Build/Intermediates.noindex/Pods.build/Debug-iphonesimulator/ReactCodegen.build/Objects-normal/arm64/ComponentDescriptors-f5cda89264004171bc799cb8806515ab.o /Users/momtajhusen/Desktop/UnderOneRoof/ios/build/generated/ios/react/renderer/components/safeareacontext/ComponentDescriptors.cpp normal arm64 c++ com.apple.compilers.llvm.clang.1_0.compiler (in target 'ReactCodegen' from project 'Pods')
    cd /Users/momtajhusen/Desktop/UnderOneRoof/ios/Pods
    
    Using response file: /Users/momtajhusen/Library/Developer/Xcode/DerivedData/UnderOneRoof-bvjuhnhcwjrvzafftvptbetbcgcq/Build/Intermediates.noindex/Pods.build/Debug-iphonesimulator/ReactCodegen.build/Objects-normal/arm64/82b82416624d2658e5098eb0a28c15c5-common-args.resp
    
    /Applications/Xcode.app/Contents/Developer/Toolchains/XcodeDefault.xctoolchain/usr/bin/clang -x c++ -ivfsstatcache /Users/momtajhusen/Library/Developer/Xcode/DerivedData/SDKStatCaches.noindex/iphonesimulator18.5-22F76-d5fc8ad4295d2ef488fb7d0f804ce0c4.sdkstatcache -fmessage-length\=0 -fdiagnostics-show-note-include-stack -fmacro-backtrace-limit\=0 -fno-color-diagnostics -fmodules-prune-interval\=86400 -fmodules-prune-after\=345600 -fbuild-session-file\=/Users/momtajhusen/Library/Developer/Xcode/DerivedData/ModuleCache.noindex/Session.modulevalidation -fmodules-validate-once-per-build-session -Wnon-modular-include-in-framework-module -Werror\=non-modular-include-in-framework-module -Wno-trigraphs -Wno-missing-field-initializers -Wno-missing-prototypes -Werror\=return-type -Wdocumentation -Wunreachable-code -Werror\=deprecated-objc-isa-usage -Werror\=objc-root-class -Wno-non-virtual-dtor -Wno-overloaded-virtual -Wno-exit-time-destructors -Wno-missing-braces -Wparentheses -Wswitch -Wunused-function -Wno-unused-label -Wno-unused-parameter -Wunused-variable -Wunused-value -Wempty-body -Wuninitialized -Wconditional-uninitialized -Wno-unknown-pragmas -Wno-shadow -Wno-four-char-constants -Wno-conversion -Wconstant-conversion -Wint-conversion -Wbool-conversion -Wenum-conversion -Wno-float-conversion -Wnon-literal-null-conversion -Wobjc-literal-conversion -Wshorten-64-to-32 -Wno-newline-eof -Wno-c++11-extensions -Wno-implicit-fallthrough -fstrict-aliasing -Wdeprecated-declarations -Winvalid-offsetof -Wno-sign-conversion -Winfinite-recursion -Wmove -Wcomma -Wblock-capture-autoreleasing -Wstrict-prototypes -Wrange-loop-analysis -Wno-semicolon-before-method-body -Wunguarded-availability -index-store-path /Users/momtajhusen/Library/Developer/Xcode/DerivedData/UnderOneRoof-bvjuhnhcwjrvzafftvptbetbcgcq/Index.noindex/DataStore @/Users/momtajhusen/Library/Developer/Xcode/DerivedData/UnderOneRoof-bvjuhnhcwjrvzafftvptbetbcgcq/Build/Intermediates.noindex/Pods.build/Debug-iphonesimulator/ReactCodegen.build/Objects-normal/arm64/82b82416624d2658e5098eb0a28c15c5-common-args.resp -DFOLLY_NO_CONFIG -DFOLLY_MOBILE\=1 -DFOLLY_USE_LIBCPP\=1 -DFOLLY_CFG_NO_COROUTINES\=1 -DFOLLY_HAVE_CLOCK_GETTIME\=1 -Wno-comma -Wno-shorten-64-to-32 -Wno-documentation -Wno-nullability-completeness -std\=c++20 -include /Users/momtajhusen/Desktop/UnderOneRoof/ios/Pods/Target\ Support\ Files/ReactCodegen/ReactCodegen-prefix.pch -MMD -MT dependencies -MF /Users/momtajhusen/Library/Developer/Xcode/DerivedData/UnderOneRoof-bvjuhnhcwjrvzafftvptbetbcgcq/Build/Intermediates.noindex/Pods.build/Debug-iphonesimulator/ReactCodegen.build/Objects-normal/arm64/ComponentDescriptors-f5cda89264004171bc799cb8806515ab.d --serialize-diagnostics /Users/momtajhusen/Library/Developer/Xcode/DerivedData/UnderOneRoof-bvjuhnhcwjrvzafftvptbetbcgcq/Build/Intermediates.noindex/Pods.build/Debug-iphonesimulator/ReactCodegen.build/Objects-normal/arm64/ComponentDescriptors-f5cda89264004171bc799cb8806515ab.dia -c /Users/momtajhusen/Desktop/UnderOneRoof/ios/build/generated/ios/react/renderer/components/safeareacontext/ComponentDescriptors.cpp -o /Users/momtajhusen/Library/Developer/Xcode/DerivedData/UnderOneRoof-bvjuhnhcwjrvzafftvptbetbcgcq/Build/Intermediates.noindex/Pods.build/Debug-iphonesimulator/ReactCodegen.build/Objects-normal/arm64/ComponentDescriptors-f5cda89264004171bc799cb8806515ab.o -index-unit-output-path /Pods.build/Debug-iphonesimulator/ReactCodegen.build/Objects-normal/arm64/ComponentDescriptors-f5cda89264004171bc799cb8806515ab.o

debug 
CompileC /Users/momtajhusen/Library/Developer/Xcode/DerivedData/UnderOneRoof-bvjuhnhcwjrvzafftvptbetbcgcq/Build/Intermediates.noindex/Pods.build/Debug-iphonesimulator/ReactCodegen.build/Objects-normal/arm64/ComponentDescriptors-842a65b0ed802ec6eaa3eb43ba6bea21.o /Users/momtajhusen/Desktop/UnderOneRoof/ios/build/generated/ios/react/renderer/components/RNDateTimePickerCGen/ComponentDescriptors.cpp normal arm64 c++ com.apple.compilers.llvm.clang.1_0.compiler (in target 'ReactCodegen' from project 'Pods')
    cd /Users/momtajhusen/Desktop/UnderOneRoof/ios/Pods
    
    Using response file: /Users/momtajhusen/Library/Developer/Xcode/DerivedData/UnderOneRoof-bvjuhnhcwjrvzafftvptbetbcgcq/Build/Intermediates.noindex/Pods.build/Debug-iphonesimulator/ReactCodegen.build/Objects-normal/arm64/82b82416624d2658e5098eb0a28c15c5-common-args.resp
    
    /Applications/Xcode.app/Contents/Developer/Toolchains/XcodeDefault.xctoolchain/usr/bin/clang -x c++ -ivfsstatcache /Users/momtajhusen/Library/Developer/Xcode/DerivedData/SDKStatCaches.noindex/iphonesimulator18.5-22F76-d5fc8ad4295d2ef488fb7d0f804ce0c4.sdkstatcache -fmessage-length\=0 -fdiagnostics-show-note-include-stack -fmacro-backtrace-limit\=0 -fno-color-diagnostics -fmodules-prune-interval\=86400 -fmodules-prune-after\=345600 -fbuild-session-file\=/Users/momtajhusen/Library/Developer/Xcode/DerivedData/ModuleCache.noindex/Session.modulevalidation -fmodules-validate-once-per-build-session -Wnon-modular-include-in-framework-module -Werror\=non-modular-include-in-framework-module -Wno-trigraphs -Wno-missing-field-initializers -Wno-missing-prototypes -Werror\=return-type -Wdocumentation -Wunreachable-code -Werror\=deprecated-objc-isa-usage -Werror\=objc-root-class -Wno-non-virtual-dtor -Wno-overloaded-virtual -Wno-exit-time-destructors -Wno-missing-braces -Wparentheses -Wswitch -Wunused-function -Wno-unused-label -Wno-unused-parameter -Wunused-variable -Wunused-value -Wempty-body -Wuninitialized -Wconditional-uninitialized -Wno-unknown-pragmas -Wno-shadow -Wno-four-char-constants -Wno-conversion -Wconstant-conversion -Wint-conversion -Wbool-conversion -Wenum-conversion -Wno-float-conversion -Wnon-literal-null-conversion -Wobjc-literal-conversion -Wshorten-64-to-32 -Wno-newline-eof -Wno-c++11-extensions -Wno-implicit-fallthrough -fstrict-aliasing -Wdeprecated-declarations -Winvalid-offsetof -Wno-sign-conversion -Winfinite-recursion -Wmove -Wcomma -Wblock-capture-autoreleasing -Wstrict-prototypes -Wrange-loop-analysis -Wno-semicolon-before-method-body -Wunguarded-availability -index-store-path /Users/momtajhusen/Library/Developer/Xcode/DerivedData/UnderOneRoof-bvjuhnhcwjrvzafftvptbetbcgcq/Index.noindex/DataStore @/Users/momtajhusen/Library/Developer/Xcode/DerivedData/UnderOneRoof-bvjuhnhcwjrvzafftvptbetbcgcq/Build/Intermediates.noindex/Pods.build/Debug-iphonesimulator/ReactCodegen.build/Objects-normal/arm64/82b82416624d2658e5098eb0a28c15c5-common-args.resp -DFOLLY_NO_CONFIG -DFOLLY_MOBILE\=1 -DFOLLY_USE_LIBCPP\=1 -DFOLLY_CFG_NO_COROUTINES\=1 -DFOLLY_HAVE_CLOCK_GETTIME\=1 -Wno-comma -Wno-shorten-64-to-32 -Wno-documentation -Wno-nullability-completeness -std\=c++20 -include /Users/momtajhusen/Desktop/UnderOneRoof/ios/Pods/Target\ Support\ Files/ReactCodegen/ReactCodegen-prefix.pch -MMD -MT dependencies -MF /Users/momtajhusen/Library/Developer/Xcode/DerivedData/UnderOneRoof-bvjuhnhcwjrvzafftvptbetbcgcq/Build/Intermediates.noindex/Pods.build/Debug-iphonesimulator/ReactCodegen.build/Objects-normal/arm64/ComponentDescriptors-842a65b0ed802ec6eaa3eb43ba6bea21.d --serialize-diagnostics /Users/momtajhusen/Library/Developer/Xcode/DerivedData/UnderOneRoof-bvjuhnhcwjrvzafftvptbetbcgcq/Build/Intermediates.noindex/Pods.build/Debug-iphonesimulator/ReactCodegen.build/Objects-normal/arm64/ComponentDescriptors-842a65b0ed802ec6eaa3eb43ba6bea21.dia -c /Users/momtajhusen/Desktop/UnderOneRoof/ios/build/generated/ios/react/renderer/components/RNDateTimePickerCGen/ComponentDescriptors.cpp -o /Users/momtajhusen/Library/Developer/Xcode/DerivedData/UnderOneRoof-bvjuhnhcwjrvzafftvptbetbcgcq/Build/Intermediates.noindex/Pods.build/Debug-iphonesimulator/ReactCodegen.build/Objects-normal/arm64/ComponentDescriptors-842a65b0ed802ec6eaa3eb43ba6bea21.o -index-unit-output-path /Pods.build/Debug-iphonesimulator/ReactCodegen.build/Objects-normal/arm64/ComponentDescriptors-842a65b0ed802ec6eaa3eb43ba6bea21.o

CompileC /Users/momtajhusen/Library/Developer/Xcode/DerivedData/UnderOneRoof-bvjuhnhcwjrvzafftvptbetbcgcq/Build/Intermediates.noindex/Pods.build/Debug-iphonesimulator/ReactCodegen.build/Objects-normal/arm64/EventEmitters-19b5a2fbab3c8c6911c0bc19660a5974.o /Users/momtajhusen/Desktop/UnderOneRoof/ios/build/generated/ios/react/renderer/components/rnscreens/EventEmitters.cpp normal arm64 c++ com.apple.compilers.llvm.clang.1_0.compiler (in target 'ReactCodegen' from project 'Pods')
    cd /Users/momtajhusen/Desktop/UnderOneRoof/ios/Pods
    
    Using response file: /Users/momtajhusen/Library/Developer/Xcode/DerivedData/UnderOneRoof-bvjuhnhcwjrvzafftvptbetbcgcq/Build/Intermediates.noindex/Pods.build/Debug-iphonesimulator/ReactCodegen.build/Objects-normal/arm64/82b82416624d2658e5098eb0a28c15c5-common-args.resp
    
    /Applications/Xcode.app/Contents/Developer/Toolchains/XcodeDefault.xctoolchain/usr/bin/clang -x c++ -ivfsstatcache /Users/momtajhusen/Library/Developer/Xcode/DerivedData/SDKStatCaches.noindex/iphonesimulator18.5-22F76-d5fc8ad4295d2ef488fb7d0f804ce0c4.sdkstatcache -fmessage-length\=0 -fdiagnostics-show-note-include-stack -fmacro-backtrace-limit\=0 -fno-color-diagnostics -fmodules-prune-interval\=86400 -fmodules-prune-after\=345600 -fbuild-session-file\=/Users/momtajhusen/Library/Developer/Xcode/DerivedData/ModuleCache.noindex/Session.modulevalidation -fmodules-validate-once-per-build-session -Wnon-modular-include-in-framework-module -Werror\=non-modular-include-in-framework-module -Wno-trigraphs -Wno-missing-field-initializers -Wno-missing-prototypes -Werror\=return-type -Wdocumentation -Wunreachable-code -Werror\=deprecated-objc-isa-usage -Werror\=objc-root-class -Wno-non-virtual-dtor -Wno-overloaded-virtual -Wno-exit-time-destructors -Wno-missing-braces -Wparentheses -Wswitch -Wunused-function -Wno-unused-label -Wno-unused-parameter -Wunused-variable -Wunused-value -Wempty-body -Wuninitialized -Wconditional-uninitialized -Wno-unknown-pragmas -Wno-shadow -Wno-four-char-constants -Wno-conversion -Wconstant-conversion -Wint-conversion -Wbool-conversion -Wenum-conversion -Wno-float-conversion -Wnon-literal-null-conversion -Wobjc-literal-conversion -Wshorten-64-to-32 -Wno-newline-eof -Wno-c++11-extensions -Wno-implicit-fallthrough -fstrict-aliasing -Wdeprecated-declarations -Winvalid-offsetof -Wno-sign-conversion -Winfinite-recursion -Wmove -Wcomma -Wblock-capture-autoreleasing -Wstrict-prototypes -Wrange-loop-analysis -Wno-semicolon-before-method-body -Wunguarded-availability -index-store-path /Users/momtajhusen/Library/Developer/Xcode/DerivedData/UnderOneRoof-bvjuhnhcwjrvzafftvptbetbcgcq/Index.noindex/DataStore @/Users/momtajhusen/Library/Developer/Xcode/DerivedData/UnderOneRoof-bvjuhnhcwjrvzafftvptbetbcgcq/Build/Intermediates.noindex/Pods.build/Debug-iphonesimulator/ReactCodegen.build/Objects-normal/arm64/82b82416624d2658e5098eb0a28c15c5-common-args.resp -DFOLLY_NO_CONFIG -DFOLLY_MOBILE\=1 -DFOLLY_USE_LIBCPP\=1 -DFOLLY_CFG_NO_COROUTINES\=1 -DFOLLY_HAVE_CLOCK_GETTIME\=1 -Wno-comma -Wno-shorten-64-to-32 -Wno-documentation -Wno-nullability-completeness -std\=c++20 -include /Users/momtajhusen/Desktop/UnderOneRoof/ios/Pods/Target\ Support\ Files/ReactCodegen/ReactCodegen-prefix.pch -MMD -MT dependencies -MF /Users/momtajhusen/Library/Developer/Xcode/DerivedData/UnderOneRoof-bvjuhnhcwjrvzafftvptbetbcgcq/Build/Intermediates.noindex/Pods.build/Debug-iphonesimulator/ReactCodegen.build/Objects-normal/arm64/EventEmitters-19b5a2fbab3c8c6911c0bc19660a5974.d --serialize-diagnostics /Users/momtajhusen/Library/Developer/Xcode/DerivedData/UnderOneRoof-bvjuhnhcwjrvzafftvptbetbcgcq/Build/Intermediates.noindex/Pods.build/Debug-iphonesimulator/ReactCodegen.build/Objects-normal/arm64/EventEmitters-19b5a2fbab3c8c6911c0bc19660a5974.dia -c /Users/momtajhusen
debug /Desktop/UnderOneRoof/ios/build/generated/ios/react/renderer/components/rnscreens/EventEmitters.cpp -o /Users/momtajhusen/Library/Developer/Xcode/DerivedData/UnderOneRoof-bvjuhnhcwjrvzafftvptbetbcgcq/Build/Intermediates.noindex/Pods.build/Debug-iphonesimulator/ReactCodegen.build/Objects-normal/arm64/EventEmitters-19b5a2fbab3c8c6911c0bc19660a5974.o -index-unit-output-path /Pods.build/Debug-iphonesimulator/ReactCodegen.build/Objects-normal/arm64/EventEmitters-19b5a2fbab3c8c6911c0bc19660a5974.o

debug 

debug CompileC /Users/momtajhusen/Library/Developer/Xcode/DerivedData/UnderOneRoof-bvjuhnhcwjrvzafftvptbetbcgcq/Build/Intermediates.noindex/Pods.build/Debug-iphonesimulator/ReactCodegen.build/Objects-normal/arm64/Props-baf2bcf0fcc6341a148273e4faa8dd8d.o /Users/momtajhusen/Desktop/UnderOneRoof/ios/build/generated/ios/react/renderer/components/RNDateTimePickerCGen/Props.cpp normal arm64 c++ com.apple.compilers.llvm.clang.1_0.compiler (in target 'ReactCodegen' from project 'Pods')
    cd /Users/momtajhusen/Desktop/UnderOneRoof/ios/Pods
    
    Using response file: /Users/momtajhusen/Library/Developer/Xcode/DerivedData/UnderOneRoof-bvjuhnhcwjrvzafftvptbetbcgcq/Build/Intermediates.noindex/Pods.build/Debug-iphonesimulator/ReactCodegen.build/Objects-normal/arm64/82b82416624d2658e5098eb0a28c15c5-common-args.resp
    
    /Applications/Xcode.app/Contents/Developer/Toolchains/XcodeDefault.xctoolchain/usr/bin/clang -x c++ -ivfsstatcache /Users/momtajhusen/Library/Developer/Xcode/DerivedData/SDKStatCaches.noindex/iphonesimulator18.5-22F76-d5fc8ad4295d2ef488fb7d0f804ce0c4.sdkstatcache -fmessage-length\=0 -fdiagnostics-show-note-include-stack -fmacro-backtrace-limit\=0 -fno-color-diagnostics -fmodules-prune-interval\=86400 -fmodules-prune-after\=345600 -fbuild-session-file\=/Users/momtajhusen/Library/Developer/Xcode/DerivedData/ModuleCache.noindex/Session.modulevalidation -fmodules-validate-once-per-build-session -Wnon-modular-include-in-framework-module -Werror\=non-modular-include-in-framework-module -Wno-trigraphs -Wno-missing-field-initializers -Wno-missing-prototypes -Werror\=return-type -Wdocumentation -Wunreachable-code -Werror\=deprecated-objc-isa-usage -Werror\=objc-root-class -Wno-non-virtual-dtor -Wno-overloaded-virtual -Wno-exit-time-destructors -Wno-missing-braces -Wparentheses -Wswitch -Wunused-function -Wno-unused-label -Wno-unused-parameter -Wunused-variable -Wunused-value -Wempty-body -Wuninitialized -Wconditional-uninitialized -Wno-unknown-pragmas -Wno-shadow -Wno-four-char-constants -Wno-conversion -Wconstant-conversion -Wint-conversion -Wbool-conversion -Wenum-conversion -Wno-float-conversion -Wnon-literal-null-conversion -Wobjc-literal-conversion -Wshorten-64-to-32 -Wno-newline-eof -Wno-c++11-extensions -Wno-implicit-fallthrough -fstrict-aliasing -Wdeprecated-declarations -Winvalid-offsetof -Wno-sign-conversion -Winfinite-recursion -Wmove -Wcomma -Wblock-capture-autoreleasing -Wstrict-prototypes -Wrange-loop-analysis -Wno-semicolon-before-method-body -Wunguarded-availability -index-store-path /Users/momtajhusen/Library/Developer/Xcode/DerivedData/UnderOneRoof-bvjuhnhcwjrvzafftvptbetbcgcq/Index.noindex/DataStore @/Users/momtajhusen/Library/Developer/Xcode/DerivedData/UnderOneRoof-bvjuhnhcwjrvzafftvptbetbcgcq/Build/Intermediates.noindex/Pods.build/Debug-iphonesimulator/ReactCodegen.build/Objects-normal/arm64/82b82416624d2658e5098eb0a28c15c5-common-args.resp -DFOLLY_NO_CONFIG -DFOLLY_MOBILE\=1 -DFOLLY_USE_LIBCPP\=1 -DFOLLY_CFG_NO_COROUTINES\=1 -DFOLLY_HAVE_CLOCK_GETTIME\=1 -Wno-comma -Wno-shorten-64-to-32 -Wno-documentation -Wno-nullability-completeness -std\=c++20 -include /Users/momtajhusen/Desktop/UnderOneRoof/ios/Pods/Target\ Support\ Files/ReactCodegen/ReactCodegen-prefix.pch -MMD -MT dependencies -MF /Users/momtajhusen/Library/Developer/Xcode/DerivedData/UnderOneRoof-bvjuhnhcwjrvzafftvptbetbcgcq/Build/Intermediates.noindex/Pods.build/Debug-iphonesimulator/ReactCodegen.build/Objects-normal/arm64/Props-baf2bcf0fcc6341a148273e4faa8dd8d.d --serialize-diagnostics /Users/momtajhusen/Library/Developer/Xcode/DerivedData/UnderOneRoof-bvjuhnhcwjrvzafftvptbetbcgcq/Build/Intermediates.noindex/Pods.build/Debug-iphonesimulator/ReactCodegen.build/Objects-normal/arm64/Props-baf2bcf0fcc6341a148273e4faa8dd8d.dia -c /Users/momtajhusen/Desktop/UnderOneRoof/ios/build/generated/ios/react/renderer/components/RNDateTimePickerCGen/Props.cpp -o /Users/momtajhusen/Library/Developer/Xcode/DerivedData/UnderOneRoof-bvjuhnhcwjrvzafftvptbetbcgcq/Build/Intermediates.noindex/Pods.build/Debug-iphonesimulator/ReactCodegen.build/Objects-normal/arm64/Props-baf2bcf0fcc6341a148273e4faa8dd8d.o -index-unit-output-path /Pods.build/Debug-iphonesimulator/ReactCodegen.build/Objects-normal/arm64/Props-baf2bcf0fcc6341a148273e4faa8dd8d.o

CompileC /Users/momtajhusen/Library/Developer/Xcode/DerivedData/UnderOneRoof-bvjuhnhcwjrvzafftvptbetbcgcq/Build/Intermediates.noindex/Pods.build/Debug-iphonesimulator/ReactCodegen.build/Objects-normal/arm64/Props-c2728d4fbe47b6f23a7d7d46399ab71c.o /Users/momtajhusen/Desktop/UnderOneRoof/ios/build/generated/ios/react/renderer/components/safeareacontext/Props.cpp normal arm64 c++ com.apple.compilers.llvm.clang.1_0.compiler (in target 'ReactCodegen' from project 'Pods')
    cd /Users/momtajhusen/Desktop/UnderOneRoof/ios/Pods
    
    Using response file: /Users/momtajhusen/Library/Developer/Xcode/DerivedData/UnderOneRoof-bvjuhnhcwjrvzafftvptbetbcgcq/Build/Intermediates.noindex/Pods.build/Debug-iphonesimulator/ReactCodegen.build/Objects-normal/arm64/82b82416624d2658e5098eb0a28c15c5-common-args.resp
    
    /Applications/Xcode.app/Contents/Developer/Toolchains/XcodeDefault.xctoolchain/usr/bin/clang -x c++ -ivfsstatcache /Users/momtajhusen/Library/Developer/Xcode/DerivedData/SDKStatCaches.noindex/iphonesimulator18.5-22F76-d5fc8ad4295d2ef488fb7d0f804ce0c4.sdkstatcache -fmessage-length\=0 -fdiagnostics-show-note-include-stack -fmacro-backtrace-limit\=0 -fno-color-diagnostics -fmodules-prune-interval\=86400 -fmodules-prune-after\=345600 -fbuild-session-file\=/Users/momtajhusen/Library/Developer/Xcode/DerivedData/ModuleCache.noindex/Session.modulevalidation -fmodules-validate-once-per-build-session -Wnon-modular-include-in-framework-module -Werror\=non-modular-include-in-framework-module -Wno-trigraphs -Wno-missing-field-initializers -Wno-missing-prototypes -Werror\=return-type -Wdocumentation -Wunreachable-code -Werror\=deprecated-objc-isa-usage -Werror\=objc-root-class -Wno-non-virtual-dtor -Wno-overloaded-virtual -Wno-exit-time-destructors -Wno-missing-braces -Wparentheses -Wswitch -Wunused-function -Wno-unused-label -Wno-unused-parameter -Wunused-variable -Wunused-value -Wempty-body -Wuninitialized -Wconditional-uninitialized -Wno-unknown-pragmas -Wno-shadow -Wno-four-char-constants -Wno-conversion -Wconstant-conversion -Wint-conversion -Wbool-conversion -Wenum-conversion -Wno-float-conversion -Wnon-literal-null-conversion -Wobjc-literal-conversion -Wshorten-64-to-32 -Wno-newline-eof -Wno-c++11-extensions -Wno-implicit-fallthrough -fstrict-aliasing -Wdeprecated-declarations -Winvalid-offsetof -Wno-sign-conversion -Winfinite-recursion -Wmove -Wcomma -Wblock-capture-autoreleasing -Wstrict-prototypes -Wrange-loop-analysis -Wno-semicolon-before-method-body -Wunguarded-availability -index-store-path /Users/momtajhusen/Library/Developer/Xcode/DerivedData/UnderOneRoof-bvjuhnhcwjrvzafftvptbetbcgcq/Index.noindex/DataStore @/Users/momtajhusen/Library/Developer/Xcode/DerivedData/UnderOneRoof-bvjuhnhcwjrvzafftvptbetbcgcq/Build/Intermediates.noindex/Pods.build/Debug-iphonesimulator/ReactCodegen.build/Objects-normal/arm64/82b82416624d2658e5098eb0a28c15c5-common-args.resp -DFOLLY_NO_CONFIG -DFOLLY_MOBILE\=1 -DFOLLY_USE_LIBCPP\=1 -DFOLLY_CFG_NO_COROUTINES\=1 -DFOLLY_HAVE_CLOCK_GETTIME\=1 -Wno-comma -Wno-shorten-64-to-32 -Wno-documentation -Wno-nullability-completeness -std\=c++20 -include /Users/momtajhusen/Desktop/UnderOneRoof/ios/Pods/Target\ Support\ Files/ReactCodegen/ReactCodegen-prefix.pch -MMD -MT dependencies -MF /Users/momtajhusen/Library/Developer/Xcode/DerivedData/UnderOneRoof-bvjuhnhcwjrvzafftvptbetbcgcq/Build/Intermediates.noindex/Pods.build/Debug-iphonesimulator/ReactCodegen.build/Objects-normal/arm64/Props-c2728d4fbe47b6f23a7d7d46399ab71c.d --serialize-diagnostics /Users/momtajhusen/Library/Developer/Xcode/DerivedData/UnderOneRoof-bvjuhnhcwjrvzafftvptbetbcgcq/Build/Intermediates.noindex/Pods.build/Debug-iphonesimulator/ReactCodegen.build/Objects-normal/arm64/Props-c2728d4fbe47b6f23a7d7d46399ab71c.dia -c /Users/momtajhusen/Desktop/UnderOneRoof/ios/build/generated/ios/react/renderer/components/safeareacontext/Props.cpp -o /Users/momtajhusen/Library/Deve
debug loper/Xcode/DerivedData/UnderOneRoof-bvjuhnhcwjrvzafftvptbetbcgcq/Build/Intermediates.noindex/Pods.build/Debug-iphonesimulator/ReactCodegen.build/Objects-normal/arm64/Props-c2728d4fbe47b6f23a7d7d46399ab71c.o -index-unit-output-path /Pods.build/Debug-iphonesimulator/ReactCodegen.build/Objects-normal/arm64/Props-c2728d4fbe47b6f23a7d7d46399ab71c.o


debug CompileC /Users/momtajhusen/Library/Developer/Xcode/DerivedData/UnderOneRoof-bvjuhnhcwjrvzafftvptbetbcgcq/Build/Intermediates.noindex/Pods.build/Debug-iphonesimulator/ReactCodegen.build/Objects-normal/arm64/RCTModulesConformingToProtocolsProvider.o /Users/momtajhusen/Desktop/UnderOneRoof/ios/build/generated/ios/RCTModulesConformingToProtocolsProvider.mm normal arm64 objective-c++ com.apple.compilers.llvm.clang.1_0.compiler (in target 'ReactCodegen' from project 'Pods')
    cd /Users/momtajhusen/Desktop/UnderOneRoof/ios/Pods
    
    Using response file: /Users/momtajhusen/Library/Developer/Xcode/DerivedData/UnderOneRoof-bvjuhnhcwjrvzafftvptbetbcgcq/Build/Intermediates.noindex/Pods.build/Debug-iphonesimulator/ReactCodegen.build/Objects-normal/arm64/af3fcb34312c57c0f52879cdce924b91-common-args.resp
    
    /Applications/Xcode.app/Contents/Developer/Toolchains/XcodeDefault.xctoolchain/usr/bin/clang -x objective-c++ -ivfsstatcache /Users/momtajhusen/Library/Developer/Xcode/DerivedData/SDKStatCaches.noindex/iphonesimulator18.5-22F76-d5fc8ad4295d2ef488fb7d0f804ce0c4.sdkstatcache -fmessage-length\=0 -fdiagnostics-show-note-include-stack -fmacro-backtrace-limit\=0 -fno-color-diagnostics -fmodules-prune-interval\=86400 -fmodules-prune-after\=345600 -fbuild-session-file\=/Users/momtajhusen/Library/Developer/Xcode/DerivedData/ModuleCache.noindex/Session.modulevalidation -fmodules-validate-once-per-build-session -Wnon-modular-include-in-framework-module -Werror\=non-modular-include-in-framework-module -Wno-trigraphs -Wno-missing-field-initializers -Wno-missing-prototypes -Werror\=return-type -Wdocumentation -Wunreachable-code -Wno-implicit-atomic-properties -Werror\=deprecated-objc-isa-usage -Wno-objc-interface-ivars -Werror\=objc-root-class -Wno-arc-repeated-use-of-weak -Wimplicit-retain-self -Wno-non-virtual-dtor -Wno-overloaded-virtual -Wno-exit-time-destructors -Wduplicate-method-match -Wno-missing-braces -Wparentheses -Wswitch -Wunused-function -Wno-unused-label -Wno-unused-parameter -Wunused-variable -Wunused-value -Wempty-body -Wuninitialized -Wconditional-uninitialized -Wno-unknown-pragmas -Wno-shadow -Wno-four-char-constants -Wno-conversion -Wconstant-conversion -Wint-conversion -Wbool-conversion -Wenum-conversion -Wno-float-conversion -Wnon-literal-null-conversion -Wobjc-literal-conversion -Wshorten-64-to-32 -Wno-newline-eof -Wno-selector -Wno-strict-selector-match -Wundeclared-selector -Wdeprecated-implementations -Wno-c++11-extensions -Wno-implicit-fallthrough -fstrict-aliasing -Wprotocol -Wdeprecated-declarations -Winvalid-offsetof -Wno-sign-conversion -Winfinite-recursion -Wmove -Wcomma -Wblock-capture-autoreleasing -Wstrict-prototypes -Wrange-loop-analysis -Wno-semicolon-before-method-body -Wunguarded-availability -index-store-path /Users/momtajhusen/Library/Developer/Xcode/DerivedData/UnderOneRoof-bvjuhnhcwjrvzafftvptbetbcgcq/Index.noindex/DataStore @/Users/momtajhusen/Library/Developer/Xcode/DerivedData/UnderOneRoof-bvjuhnhcwjrvzafftvptbetbcgcq/Build/Intermediates.noindex/Pods.build/Debug-iphonesimulator/ReactCodegen.build/Objects-normal/arm64/af3fcb34312c57c0f52879cdce924b91-common-args.resp -DFOLLY_NO_CONFIG -DFOLLY_MOBILE\=1 -DFOLLY_USE_LIBCPP\=1 -DFOLLY_CFG_NO_COROUTINES\=1 -DFOLLY_HAVE_CLOCK_GETTIME\=1 -Wno-comma -Wno-shorten-64-to-32 -Wno-documentation -Wno-nullability-completeness -std\=c++20 -include /Users/momtajhusen/Desktop/UnderOneRoof/ios/Pods/Target\ Support\ Files/ReactCodegen/ReactCodegen-prefix.pch -MMD -MT dependencies -MF /Users/momtajhusen/Library/Developer/Xcode/DerivedData/UnderOneRoof-bvjuhnhcwjrvzafftvptbetbcgcq/Build/Intermediates.noindex/Pods.build/Debug-iphonesimulator/ReactCodegen.build/Objects-normal/arm64/RCTModulesConformingToProtocolsProvider.d --serialize-diagnostics /Users/momtajhusen/Library/Developer/Xcode/DerivedData/UnderOneRoof-bvjuhnhcwjrvzafftvptbetbcgcq/Build/Intermediates.noindex/Pods.build/Debug-iphonesimulator/ReactCodegen.build/Objects-normal/arm64/RCTModulesConformingToProtocolsProvider.dia -c /Users/momtajhusen/Desktop/UnderOneRoof/ios/build/generated/ios/RCTModulesConformingToProtocolsProvider.mm -o /Users/momtajhusen/Library/Developer/Xcode/DerivedData/UnderOneRoof-bvjuhnhcwjrvzafftvptbetbcgcq/Build/Intermediates.noindex/Pods.build/Debug-iphonesimulator/ReactCodegen.build/Objects-normal/arm64/RCTModulesConformingToProtocolsProvider.o -index-unit-output-path /Pods.build/Debug-iphonesimulator/ReactCodegen.build/Objects-normal/arm64/RCTModulesConformingToProtocolsProvider.o


debug CompileC /Users/momtajhusen/Library/Developer/Xcode/DerivedData/UnderOneRoof-bvjuhnhcwjrvzafftvptbetbcgcq/Build/Intermediates.noindex/Pods.build/Debug-iphonesimulator/ReactCodegen.build/Objects-normal/arm64/Props-c85e95ca2edf66c23a578a7665c1631a.o /Users/momtajhusen/Desktop/UnderOneRoof/ios/build/generated/ios/react/renderer/components/RNCWebViewSpec/Props.cpp normal arm64 c++ com.apple.compilers.llvm.clang.1_0.compiler (in target 'ReactCodegen' from project 'Pods')
    cd /Users/momtajhusen/Desktop/UnderOneRoof/ios/Pods
    
    Using response file: /Users/momtajhusen/Library/Developer/Xcode/DerivedData/UnderOneRoof-bvjuhnhcwjrvzafftvptbetbcgcq/Build/Intermediates.noindex/Pods.build/Debug-iphonesimulator/ReactCodegen.build/Objects-normal/arm64/82b82416624d2658e5098eb0a28c15c5-common-args.resp
    
    /Applications/Xcode.app/Contents/Developer/Toolchains/XcodeDefault.xctoolchain/usr/bin/clang -x c++ -ivfsstatcache /Users/momtajhusen/Library/Developer/Xcode/DerivedData/SDKStatCaches.noindex/iphonesimulator18.5-22F76-d5fc8ad4295d2ef488fb7d0f804ce0c4.sdkstatcache -fmessage-length\=0 -fdiagnostics-show-note-include-stack -fmacro-backtrace-limit\=0 -fno-color-diagnostics -fmodules-prune-interval\=86400 -fmodules-prune-after\=345600 -fbuild-session-file\=/Users/momtajhusen/Library/Developer/Xcode/DerivedData/ModuleCache.noindex/Session.modulevalidation -fmodules-validate-once-per-build-session -Wnon-modular-include-in-framework-module -Werror\=non-modular-include-in-framework-module -Wno-trigraphs -Wno-missing-field-initializers -Wno-missing-prototypes -Werror\=return-type -Wdocumentation -Wunreachable-code -Werror\=deprecated-objc-isa-usage -Werror\=objc-root-class -Wno-non-virtual-dtor -Wno-overloaded-virtual -Wno-exit-time-destructors -Wno-missing-braces -Wparentheses -Wswitch -Wunused-function -Wno-unused-label -Wno-unused-parameter -Wunused-variable -Wunused-value -Wempty-body -Wuninitialized -Wconditional-uninitialized -Wno-unknown-pragmas -Wno-shadow -Wno-four-char-constants -Wno-conversion -Wconstant-conversion -Wint-conversion -Wbool-conversion -Wenum-conversion -Wno-float-conversion -Wnon-literal-null-conversion -Wobjc-literal-conversion -Wshorten-64-to-32 -Wno-newline-eof -Wno-c++11-extensions -Wno-implicit-fallthrough -fstrict-aliasing -Wdeprecated-declarations -Winvalid-offsetof -Wno-sign-conversion -Winfinite-recursion -Wmove -Wcomma -Wblock-capture-autoreleasing -Wstrict-prototypes -Wrange-loop-analysis -Wno-semicolon-before-method-body -Wunguarded-availability -index-store-path /Users/momtajhusen/Library/Developer/Xcode/DerivedData/UnderOneRoof-bvjuhnhcwjrvzafftvptbetbcgcq/Index.noindex/DataStore @/Users/momtajhusen/Library/Developer/Xcode/DerivedData/UnderOneRoof-bvjuhnhcwjrvzafftvptbetbcgcq/Build/Intermediates.noindex/Pods.build/Debug-iphonesimulator/ReactCodegen.build/Objects-normal/arm64/82b82416624d2658e5098eb0a28c15c5-common-args.resp -DFOLLY_NO_CONFIG -DFOLLY_MOBILE\=1 -DFOLLY_USE_LIBCPP\=1 -DFOLLY_CFG_NO_COROUTINES\=1 -DFOLLY_HAVE_CLOCK_GETTIME\=1 -Wno-comma -Wno-shorten-64-to-32 -Wno-documentation -Wno-nullability-completeness -std\=c++20 -include /Users/momtajhusen/Desktop/UnderOneRoof/ios/Pods/Target\ Support\ Files/ReactCodegen/ReactCodegen-prefix.pch -MMD -MT dependencies -MF /Users/momtajhusen/Library/Developer/Xcode/DerivedData/UnderOneRoof-bvjuhnhcwjrvzafftvptbetbcgcq/Build/Intermediates.noindex/Pods.build/Debug-iphonesimulator/ReactCodegen.build/Objects-normal/arm64/Props-c85e95ca2edf66c23a578a7665c1631a.d --serialize-diagnostics /Users/momtajhusen/Library/Developer/Xcode/DerivedData/UnderOneRoof-bvjuhnhcwjrvzafftvptbetbcgcq/Build/Intermediates.noindex/Pods.build/Debug-iphonesimulator/ReactCodegen.build/Objects-normal/arm64/Props-c85e95ca2edf66c23a578a7665c1631a.dia -c /Users/momtajhusen/Desktop/UnderOneRoof/ios/build/generated/ios/react/renderer/components/RNCWebViewSpec/Props.cpp -o /Users/momtajhusen/Library/Developer/Xcode/DerivedData/UnderOneRoof-bvjuhnhcwjrvzafftvptbetbcgcq/Build/Intermediates.noindex/Pods.build/Debug-iphonesimulator/ReactCodegen.build/Objects-normal/arm64/Props-c85e95ca2edf66c23a578a7665c1631a.o -index-unit-output-path /Pods.build/Debug-iphonesimulator/ReactCodegen.build/Objects-normal/arm64/Props-c85e95ca2edf66c23a578a7665c1631a.o


debug CompileC /Users/momtajhusen/Library/Developer/Xcode/DerivedData/UnderOneRoof-bvjuhnhcwjrvzafftvptbetbcgcq/Build/Intermediates.noindex/Pods.build/Debug-iphonesimulator/ReactCodegen.build/Objects-normal/arm64/Props-2ae7cb175fbf4114b43928578e296380.o /Users/momtajhusen/Desktop/UnderOneRoof/ios/build/generated/ios/react/renderer/components/rngesturehandler_codegen/Props.cpp normal arm64 c++ com.apple.compilers.llvm.clang.1_0.compiler (in target 'ReactCodegen' from project 'Pods')
    cd /Users/momtajhusen/Desktop/UnderOneRoof/ios/Pods
    
    Using response file: /Users/momtajhusen/Library/Developer/Xcode/DerivedData/UnderOneRoof-bvjuhnhcwjrvzafftvptbetbcgcq/Build/Intermediates.noindex/Pods.build/Debug-iphonesimulator/ReactCodegen.build/Objects-normal/arm64/82b82416624d2658e5098eb0a28c15c5-common-args.resp
    
    /Applications/Xcode.app/Contents/Developer/Toolchains/XcodeDefault.xctoolchain/usr/bin/clang -x c++ -ivfsstatcache /Users/momtajhusen/Library/Developer/Xcode/DerivedData/SDKStatCaches.noindex/iphonesimulator18.5-22F76-d5fc8ad4295d2ef488fb7d0f804ce0c4.sdkstatcache -fmessage-length\=0 -fdiagnostics-show-note-include-stack -fmacro-backtrace-limit\=0 -fno-color-diagnostics -fmodules-prune-interval\=86400 -fmodules-prune-after\=345600 -fbuild-session-file\=/Users/momtajhusen/Library/Developer/Xcode/DerivedData/ModuleCache.noindex/Session.modulevalidation -fmodules-validate-once-per-build-session -Wnon-modular-include-in-framework-module -Werror\=non-modular-include-in-framework-module -Wno-trigraphs -Wno-missing-field-initializers -Wno-missing-prototypes -Werror\=return-type -Wdocumentation -Wunreachable-code -Werror\=deprecated-objc-isa-usage -Werror\=objc-root-class -Wno-non-virtual-dtor -Wno-overloaded-virtual -Wno-exit-time-destructors -Wno-missing-braces -Wparentheses -Wswitch -Wunused-function -Wno-unused-label -Wno-unused-parameter -Wunused-variable -Wunused-value -Wempty-body -Wuninitialized -Wconditional-uninitialized -Wno-unknown-pragmas -Wno-shadow -Wno-four-char-constants -Wno-conversion -Wconstant-conversion -Wint-conversion -Wbool-conversion -Wenum-conversion -Wno-float-conversion -Wnon-literal-null-conversion -Wobjc-literal-conversion -Wshorten-64-to-32 -Wno-newline-eof -Wno-c++11-extensions -Wno-implicit-fallthrough -fstrict-aliasing -Wdeprecated-declarations -Winvalid-offsetof -Wno-sign-conversion -Winfinite-recursion -Wmove -Wcomma -Wblock-capture-autoreleasing -Wstrict-prototypes -Wrange-loop-analysis -Wno-semicolon-before-method-body -Wunguarded-availability -index-store-path /Users/momtajhusen/Library/Developer/Xcode/DerivedData/UnderOneRoof-bvjuhnhcwjrvzafftvptbetbcgcq/Index.noindex/DataStore @/Users/momtajhusen/Library/Developer/Xcode/DerivedData/UnderOneRoof-bvjuhnhcwjrvzafftvptbetbcgcq/Build/Intermediates.noindex/Pods.build/Debug-iphonesimulator/ReactCodegen.build/Objects-normal/arm64/82b82416624d2658e5098eb0a28c15c5-common-args.resp -DFOLLY_NO_CONFIG -DFOLLY_MOBILE\=1 -DFOLLY_USE_LIBCPP\=1 -DFOLLY_CFG_NO_COROUTINES\=1 -DFOLLY_HAVE_CLOCK_GETTIME\=1 -Wno-comma -Wno-shorten-64-to-32 -Wno-documentation -Wno-nullability-completeness -std\=c++20 -include /Users/momtajhusen/Desktop/UnderOneRoof/ios/Pods/Target\ Support\ Files/ReactCodegen/ReactCodegen-prefix.pch -MMD -MT dependencies -MF /Users/momtajhusen/Library/Developer/Xcode/DerivedData/UnderOneRoof-bvjuhnhcwjrvzafftvptbetbcgcq/Build/Intermediates.noindex/Pods.build/Debug-iphonesimulator/ReactCodegen.build/Objects-normal/arm64/Props-2ae7cb175fbf4114b43928578e296380.d --serialize-diagnostics /Users/momtajhusen/Library/Developer/Xcode/DerivedData/UnderOneRoof-bvjuhnhcwjrvzafftvptbetbcgcq/Build/Intermediates.noindex/Pods.build/Debug-iphonesimulator/ReactCodegen.build/Objects-normal/arm64/Props-2ae7cb175fbf4114b43928578e296380.dia -c /Users/momtajhusen/Desktop/UnderOneRoof/ios/build/generated/ios/react/renderer/components/rngesturehandler_codegen/Props.cpp -o /Users/momtajhusen/Library/Developer/Xcode/DerivedData/UnderOneRoof-bvjuhnhcwjrvzafftvptbetbcgcq/Build/Intermediates.noindex/Pods.build/Debug-iphonesimulator/ReactCodegen.build/Objects-normal/arm64/Props-2ae7cb175fbf4114b43928578e296380.o -index-unit-output-path /Pods.build/Debug-iphonesimulator/ReactCodegen.build/Objects-normal/arm64/Props-2ae7cb175fbf4114b43928578e296380.o

CompileC /Users/momtajhusen/Library/Developer/Xcode/DerivedData/UnderOneRoof-bvjuhnhcwjrvzafftvptbetbcgcq/Build/Intermediates.noindex/Pods.build/Debug-iphonesimulator/ReactCodegen.build/Objects-normal/arm64/safeareacontextJSI-generated.o /Users/momtajhusen/Desktop/UnderOneRoof/ios/build/generated/ios/safeareacontextJSI-generated.cpp normal arm64 c++ com.apple.compilers.llvm.clang.1_0.compiler (in target 'ReactCodegen' from project 'Pods')
    cd /Users/momtajhusen/Desktop/UnderOneRoof/ios/Pods
    
    Using response file: /Users/momtajhusen/Library/Developer/Xcode/DerivedData/UnderOneRoof-bvjuhnhcwjrvzafftvptbetbcgcq/Build/Intermediates.noindex/Pods.build/Debug-iphonesimulator/ReactCodegen.build/Objects-normal/arm64/82b82416624d2658e5098eb0a28c15c5-common-args.resp
    
    /Applications/Xcode.app/Contents/Developer/Toolchains/XcodeDefault.xctoolchain/usr/bin/clang -x c++ -ivfsstatcache /Users/momtajhusen/Library/Developer/Xcode/DerivedData/SDKStatCaches.noindex/iphonesimulator18.5-22F76-d5fc8ad4295d2ef488fb7d0f804ce0c4.sdkstatcache -fmessage-length\=0 -fdiagnostics-show-note-include-stack -fmacro-backtrace-limit\=0 -fno-color-diagnostics -fmodules-prune-interval\=86400 -fmodules-prune-after\=345600 -fbuild-session-file\=/Users/momtajhusen/Library/Developer/Xcode/DerivedData/ModuleCache.noindex/Session.modulevalidation -fmodules-validate-once-per-build-session -Wnon-modular-include-in-framework-module -Werror\=non-modular-include-in-framework-module -Wno-trigraphs -Wno-missing-field-initializers -Wno-missing-prototypes -Werror\=return-type -Wdocumentation -Wunreachable-code -Werror\=deprecated-objc-isa-usage -Werror\=objc-root-class -Wno-non-virtual-dtor -Wno-overloaded-virtual -Wno-exit-time-destructors -Wno-missing-braces -Wparentheses -Wswitch -Wunused-function -Wno-unused-label -Wno-unused-parameter -Wunused-variable -Wunused-value -Wempty-body -Wuninitialized -Wconditional-uninitialized -Wno-unknown-pragmas -Wno-shadow -Wno-four-char-constants -Wno-conversion -Wconstant-conversion -Wint-conversion -Wbool-conversion -Wenum-conversion -Wno-float-conversion -Wnon-literal-null-conversion -Wobjc-literal-conversion -Wshorten-64-to-32 -Wno-newline-eof -Wno-c++11-extensions -Wno-implicit-fallthrough -fstrict-aliasing -Wdeprecated-declarations -Winvalid-offsetof -Wno-sign-conversion -Winfinite-recursion -Wmove -Wcomma -Wblock-capture-autoreleasing -Wstrict-prototypes -Wrange-loop-analysis -Wno-semicolon-before-method-body -Wunguarded-availability -index-store-path /Users/momtajhusen/Library/Developer/Xcode/DerivedData/UnderOneRoof-bvjuhnhcwjrvzafftvptbetbcgcq/Index.noindex/DataStore @/Users/momtajhusen/Library/Developer/Xcode/DerivedData/UnderOneRoof-bvjuhnhcwjrvzafftvptbetbcgcq/Build/Intermediates.noindex/Pods.build/Debug-iphonesimulator/ReactCodegen.build/Objects-normal/arm64/82b82416624d2658e5098eb0a28c15c5-common-args.resp -DFOLLY_NO_CONFIG -DFOLLY_MOBILE\=1 -DFOLLY_USE_LIBCPP\=1 -DFOLLY_CFG_NO_COROUTINES\=1 -DFOLLY_HAVE_CLOCK_GETTIME\=1 -Wno-comma -Wno-shorten-64-to-32 -Wno-documentation -Wno-nullability-completeness -std\=c++20 -include /Users/momtajhusen/Desktop/UnderOneRoof/ios/Pods/Target\ Support\ Files/ReactCodegen/ReactCodegen-prefix.pch -MMD -MT dependencies -MF /Users/momtajhusen/Library/Developer/Xcode/DerivedData/UnderOneRoof-bvjuhnhcwjrvzafftvptbetbcgcq/Build/Intermediates.noindex/Pods.build/Debug-iphonesimulator/ReactCodegen.build/Objects-normal/arm64/safeareacontextJSI-generated.d --serialize-diagnostics /Users/momtajhusen/Library/Developer/Xcode/DerivedData/UnderOneRoof-bvjuhnhcwjrvzafftvptbetbcgcq/Build/Intermediates.noindex/Pods.build/Debug-iphonesimulator/ReactCodegen.build/Objects-normal/arm64/safeareacontextJSI-generated.dia -c /Users/momtajhusen/Desktop/UnderOneRoof/ios/build/generated/ios/safeareacontextJSI-generated.cpp -o /Users/momtajhusen/Library/Developer/Xcode/DerivedData/UnderOneRoof-bvjuhnhcwjrvzafftvptbet
debug bcgcq/Build/Intermediates.noindex/Pods.build/Debug-iphonesimulator/ReactCodegen.build/Objects-normal/arm64/safeareacontextJSI-generated.o -index-unit-output-path /Pods.build/Debug-iphonesimulator/ReactCodegen.build/Objects-normal/arm64/safeareacontextJSI-generated.o


debug CompileC /Users/momtajhusen/Library/Developer/Xcode/DerivedData/UnderOneRoof-bvjuhnhcwjrvzafftvptbetbcgcq/Build/Intermediates.noindex/Pods.build/Debug-iphonesimulator/ReactCodegen.build/Objects-normal/arm64/safeareacontext-generated.o /Users/momtajhusen/Desktop/UnderOneRoof/ios/build/generated/ios/safeareacontext/safeareacontext-generated.mm normal arm64 objective-c++ com.apple.compilers.llvm.clang.1_0.compiler (in target 'ReactCodegen' from project 'Pods')
    cd /Users/momtajhusen/Desktop/UnderOneRoof/ios/Pods
    
    Using response file: /Users/momtajhusen/Library/Developer/Xcode/DerivedData/UnderOneRoof-bvjuhnhcwjrvzafftvptbetbcgcq/Build/Intermediates.noindex/Pods.build/Debug-iphonesimulator/ReactCodegen.build/Objects-normal/arm64/af3fcb34312c57c0f52879cdce924b91-common-args.resp
    
    /Applications/Xcode.app/Contents/Developer/Toolchains/XcodeDefault.xctoolchain/usr/bin/clang -x objective-c++ -ivfsstatcache /Users/momtajhusen/Library/Developer/Xcode/DerivedData/SDKStatCaches.noindex/iphonesimulator18.5-22F76-d5fc8ad4295d2ef488fb7d0f804ce0c4.sdkstatcache -fmessage-length\=0 -fdiagnostics-show-note-include-stack -fmacro-backtrace-limit\=0 -fno-color-diagnostics -fmodules-prune-interval\=86400 -fmodules-prune-after\=345600 -fbuild-session-file\=/Users/momtajhusen/Library/Developer/Xcode/DerivedData/ModuleCache.noindex/Session.modulevalidation -fmodules-validate-once-per-build-session -Wnon-modular-include-in-framework-module -Werror\=non-modular-include-in-framework-module -Wno-trigraphs -Wno-missing-field-initializers -Wno-missing-prototypes -Werror\=return-type -Wdocumentation -Wunreachable-code -Wno-implicit-atomic-properties -Werror\=deprecated-objc-isa-usage -Wno-objc-interface-ivars -Werror\=objc-root-class -Wno-arc-repeated-use-of-weak -Wimplicit-retain-self -Wno-non-virtual-dtor -Wno-overloaded-virtual -Wno-exit-time-destructors -Wduplicate-method-match -Wno-missing-braces -Wparentheses -Wswitch -Wunused-function -Wno-unused-label -Wno-unused-parameter -Wunused-variable -Wunused-value -Wempty-body -Wuninitialized -Wconditional-uninitialized -Wno-unknown-pragmas -Wno-shadow -Wno-four-char-constants -Wno-conversion -Wconstant-conversion -Wint-conversion -Wbool-conversion -Wenum-conversion -Wno-float-conversion -Wnon-literal-null-conversion -Wobjc-literal-conversion -Wshorten-64-to-32 -Wno-newline-eof -Wno-selector -Wno-strict-selector-match -Wundeclared-selector -Wdeprecated-implementations -Wno-c++11-extensions -Wno-implicit-fallthrough -fstrict-aliasing -Wprotocol -Wdeprecated-declarations -Winvalid-offsetof -Wno-sign-conversion -Winfinite-recursion -Wmove -Wcomma -Wblock-capture-autoreleasing -Wstrict-prototypes -Wrange-loop-analysis -Wno-semicolon-before-method-body -Wunguarded-availability -index-store-path /Users/momtajhusen/Library/Developer/Xcode/DerivedData/UnderOneRoof-bvjuhnhcwjrvzafftvptbetbcgcq/Index.noindex/DataStore @/Users/momtajhusen/Library/Developer/Xcode/DerivedData/UnderOneRoof-bvjuhnhcwjrvzafftvptbetbcgcq/Build/Intermediates.noindex/Pods.build/Debug-iphonesimulator/ReactCodegen.build/Objects-normal/arm64/af3fcb34312c57c0f52879cdce924b91-common-args.resp -DFOLLY_NO_CONFIG -DFOLLY_MOBILE\=1 -DFOLLY_USE_LIBCPP\=1 -DFOLLY_CFG_NO_COROUTINES\=1 -DFOLLY_HAVE_CLOCK_GETTIME\=1 -Wno-comma -Wno-shorten-64-to-32 -Wno-documentation -Wno-nullability-completeness -std\=c++20 -include /Users/momtajhusen/Desktop/UnderOneRoof/ios/Pods/Target\ Support\ Files/ReactCodegen/ReactCodegen-prefix.pch -MMD -MT dependencies -MF /Users/momtajhusen/Library/Developer/Xcode/DerivedData/UnderOneRoof-bvjuhnhcwjrvzafftvptbetbcgcq/Build/Intermediates.noindex/Pods.build/Debug-iphonesimulator/ReactCodegen.build/Objects-normal/arm64/safeareacontext-generated.d --serialize-diagnostics /Users/momtajhusen/Library/Developer/Xcode/DerivedData/UnderOneRoof-bvjuhnhcwjrvzafftvptbetbcgcq/Build/Intermediates.noindex/Pods.build/Debug-iphonesimulator/ReactCodegen.build/Objects-normal/arm64/safeareacontext-generated.dia -c /Users/momtajhusen/Desktop/UnderOneRoof/ios/build/generated/ios/safeareacontext/safeareacontext-generated.mm -o /Users/momtajhusen/Library/Developer/Xcode/DerivedData/UnderOneRoof-bvjuhnhcwjrvzafftvptbetbcgcq/Build/Intermediates.noindex/Pods.build/Debug-iphonesimulator/ReactCodegen.build/Objects-normal/arm64/safeareacontext-generated.o -index-unit-output-path /Pods.build/Debug-iphonesimulator/ReactCodegen.build/Objects-normal/arm64/safeareacontext-generated.o


debug CompileC /Users/momtajhusen/Library/Developer/Xcode/DerivedData/UnderOneRoof-bvjuhnhcwjrvzafftvptbetbcgcq/Build/Intermediates.noindex/Pods.build/Debug-iphonesimulator/ReactCodegen.build/Objects-normal/arm64/rnscreensJSI-generated.o /Users/momtajhusen/Desktop/UnderOneRoof/ios/build/generated/ios/rnscreensJSI-generated.cpp normal arm64 c++ com.apple.compilers.llvm.clang.1_0.compiler (in target 'ReactCodegen' from project 'Pods')
    cd /Users/momtajhusen/Desktop/UnderOneRoof/ios/Pods
    
    Using response file: /Users/momtajhusen/Library/Developer/Xcode/DerivedData/UnderOneRoof-bvjuhnhcwjrvzafftvptbetbcgcq/Build/Intermediates.noindex/Pods.build/Debug-iphonesimulator/ReactCodegen.build/Objects-normal/arm64/82b82416624d2658e5098eb0a28c15c5-common-args.resp
    
    /Applications/Xcode.app/Contents/Developer/Toolchains/XcodeDefault.xctoolchain/usr/bin/clang -x c++ -ivfsstatcache /Users/momtajhusen/Library/Developer/Xcode/DerivedData/SDKStatCaches.noindex/iphonesimulator18.5-22F76-d5fc8ad4295d2ef488fb7d0f804ce0c4.sdkstatcache -fmessage-length\=0 -fdiagnostics-show-note-include-stack -fmacro-backtrace-limit\=0 -fno-color-diagnostics -fmodules-prune-interval\=86400 -fmodules-prune-after\=345600 -fbuild-session-file\=/Users/momtajhusen/Library/Developer/Xcode/DerivedData/ModuleCache.noindex/Session.modulevalidation -fmodules-validate-once-per-build-session -Wnon-modular-include-in-framework-module -Werror\=non-modular-include-in-framework-module -Wno-trigraphs -Wno-missing-field-initializers -Wno-missing-prototypes -Werror\=return-type -Wdocumentation -Wunreachable-code -Werror\=deprecated-objc-isa-usage -Werror\=objc-root-class -Wno-non-virtual-dtor -Wno-overloaded-virtual -Wno-exit-time-destructors -Wno-missing-braces -Wparentheses -Wswitch -Wunused-function -Wno-unused-label -Wno-unused-parameter -Wunused-variable -Wunused-value -Wempty-body -Wuninitialized -Wconditional-uninitialized -Wno-unknown-pragmas -Wno-shadow -Wno-four-char-constants -Wno-conversion -Wconstant-conversion -Wint-conversion -Wbool-conversion -Wenum-conversion -Wno-float-conversion -Wnon-literal-null-conversion -Wobjc-literal-conversion -Wshorten-64-to-32 -Wno-newline-eof -Wno-c++11-extensions -Wno-implicit-fallthrough -fstrict-aliasing -Wdeprecated-declarations -Winvalid-offsetof -Wno-sign-conversion -Winfinite-recursion -Wmove -Wcomma -Wblock-capture-autoreleasing -Wstrict-prototypes -Wrange-loop-analysis -Wno-semicolon-before-method-body -Wunguarded-availability -index-store-path /Users/momtajhusen/Library/Developer/Xcode/DerivedData/UnderOneRoof-bvjuhnhcwjrvzafftvptbetbcgcq/Index.noindex/DataStore @/Users/momtajhusen/Library/Developer/Xcode/DerivedData/UnderOneRoof-bvjuhnhcwjrvzafftvptbetbcgcq/Build/Intermediates.noindex/Pods.build/Debug-iphonesimulator/ReactCodegen.build/Objects-normal/arm64/82b82416624d2658e5098eb0a28c15c5-common-args.resp -DFOLLY_NO_CONFIG -DFOLLY_MOBILE\=1 -DFOLLY_USE_LIBCPP\=1 -DFOLLY_CFG_NO_COROUTINES\=1 -DFOLLY_HAVE_CLOCK_GETTIME\=1 -Wno-comma -Wno-shorten-64-to-32 -Wno-documentation -Wno-nullability-completeness -std\=c++20 -include /Users/momtajhusen/Desktop/UnderOneRoof/ios/Pods/Target\ Support\ Files/ReactCodegen/ReactCodegen-prefix.pch -MMD -MT dependencies -MF /Users/momtajhusen/Library/Developer/Xcode/DerivedData/UnderOneRoof-bvjuhnhcwjrvzafftvptbetbcgcq/Build/Intermediates.noindex/Pods.build/Debug-iphonesimulator/ReactCodegen.build/Objects-normal/arm64/rnscreensJSI-generated.d --serialize-diagnostics /Users/momtajhusen/Library/Developer/Xcode/DerivedData/UnderOneRoof-bvjuhnhcwjrvzafftvptbetbcgcq/Build/Intermediates.noindex/Pods.build/Debug-iphonesimulator/ReactCodegen.build/Objects-normal/arm64/rnscreensJSI-generated.dia -c /Users/momtajhusen/Desktop/UnderOneRoof/ios/build/generated/ios/rnscreensJSI-generated.cpp -o /Users/momtajhusen/Library/Developer/Xcode/DerivedData/UnderOneRoof-bvjuhnhcwjrvzafftvptbetbcgcq/Build/Intermediates.noindex/Pods.build/Debug-iphonesimulator/ReactCodegen.build/Objects-normal/arm64/rnscreensJSI-generated.o -index-unit-output-path /Pods.build/Debug-iphonesimulator/ReactCodegen.build/Objects-normal/arm64/rnscreensJSI-generated.o

debug 

debug CompileC /Users/momtajhusen/Library/Developer/Xcode/DerivedData/UnderOneRoof-bvjuhnhcwjrvzafftvptbetbcgcq/Build/Intermediates.noindex/Pods.build/Debug-iphonesimulator/ReactCodegen.build/Objects-normal/arm64/rnscreens-generated.o /Users/momtajhusen/Desktop/UnderOneRoof/ios/build/generated/ios/rnscreens/rnscreens-generated.mm normal arm64 objective-c++ com.apple.compilers.llvm.clang.1_0.compiler (in target 'ReactCodegen' from project 'Pods')
    cd /Users/momtajhusen/Desktop/UnderOneRoof/ios/Pods
    
    Using response file: /Users/momtajhusen/Library/Developer/Xcode/DerivedData/UnderOneRoof-bvjuhnhcwjrvzafftvptbetbcgcq/Build/Intermediates.noindex/Pods.build/Debug-iphonesimulator/ReactCodegen.build/Objects-normal/arm64/af3fcb34312c57c0f52879cdce924b91-common-args.resp
    
    /Applications/Xcode.app/Contents/Developer/Toolchains/XcodeDefault.xctoolchain/usr/bin/clang -x objective-c++ -ivfsstatcache /Users/momtajhusen/Library/Developer/Xcode/DerivedData/SDKStatCaches.noindex/iphonesimulator18.5-22F76-d5fc8ad4295d2ef488fb7d0f804ce0c4.sdkstatcache -fmessage-length\=0 -fdiagnostics-show-note-include-stack -fmacro-backtrace-limit\=0 -fno-color-diagnostics -fmodules-prune-interval\=86400 -fmodules-prune-after\=345600 -fbuild-session-file\=/Users/momtajhusen/Library/Developer/Xcode/DerivedData/ModuleCache.noindex/Session.modulevalidation -fmodules-validate-once-per-build-session -Wnon-modular-include-in-framework-module -Werror\=non-modular-include-in-framework-module -Wno-trigraphs -Wno-missing-field-initializers -Wno-missing-prototypes -Werror\=return-type -Wdocumentation -Wunreachable-code -Wno-implicit-atomic-properties -Werror\=deprecated-objc-isa-usage -Wno-objc-interface-ivars -Werror\=objc-root-class -Wno-arc-repeated-use-of-weak -Wimplicit-retain-self -Wno-non-virtual-dtor -Wno-overloaded-virtual -Wno-exit-time-destructors -Wduplicate-method-match -Wno-missing-braces -Wparentheses -Wswitch -Wunused-function -Wno-unused-label -Wno-unused-parameter -Wunused-variable -Wunused-value -Wempty-body -Wuninitialized -Wconditional-uninitialized -Wno-unknown-pragmas -Wno-shadow -Wno-four-char-constants -Wno-conversion -Wconstant-conversion -Wint-conversion -Wbool-conversion -Wenum-conversion -Wno-float-conversion -Wnon-literal-null-conversion -Wobjc-literal-conversion -Wshorten-64-to-32 -Wno-newline-eof -Wno-selector -Wno-strict-selector-match -Wundeclared-selector -Wdeprecated-implementations -Wno-c++11-extensions -Wno-implicit-fallthrough -fstrict-aliasing -Wprotocol -Wdeprecated-declarations -Winvalid-offsetof -Wno-sign-conversion -Winfinite-recursion -Wmove -Wcomma -Wblock-capture-autoreleasing -Wstrict-prototypes -Wrange-loop-analysis -Wno-semicolon-before-method-body -Wunguarded-availability -index-store-path /Users/momtajhusen/Library/Developer/Xcode/DerivedData/UnderOneRoof-bvjuhnhcwjrvzafftvptbetbcgcq/Index.noindex/DataStore @/Users/momtajhusen/Library/Developer/Xcode/DerivedData/UnderOneRoof-bvjuhnhcwjrvzafftvptbetbcgcq/Build/Intermediates.noindex/Pods.build/Debug-iphonesimulator/ReactCodegen.build/Objects-normal/arm64/af3fcb34312c57c0f52879cdce924b91-common-args.resp -DFOLLY_NO_CONFIG -DFOLLY_MOBILE\=1 -DFOLLY_USE_LIBCPP\=1 -DFOLLY_CFG_NO_COROUTINES\=1 -DFOLLY_HAVE_CLOCK_GETTIME\=1 -Wno-comma -Wno-shorten-64-to-32 -Wno-documentation -Wno-nullability-completeness -std\=c++20 -include /Users/momtajhusen/Desktop/UnderOneRoof/ios/Pods/Target\ Support\ Files/ReactCodegen/ReactCodegen-prefix.pch -MMD -MT dependencies -MF /Users/momtajhusen/Library/Developer/Xcode/DerivedData/UnderOneRoof-bvjuhnhcwjrvzafftvptbetbcgcq/Build/Intermediates.noindex/Pods.build/Debug-iphonesimulator/ReactCodegen.build/Objects-normal/arm64/rnscreens-generated.d --serialize-diagnostics /Users/momtajhusen/Library/Developer/Xcode/DerivedData/UnderOneRoof-bvjuhnhcwjrvzafftvptbetbcgcq/Build/Intermediates.noindex/Pods.build/Debug-iphonesimulator/ReactCodegen.build/Objects-normal/arm64/rnscreens-generated.dia -c /Users/momtajhusen/Desktop/UnderOneRoof/ios/build/generated/ios/rnscreens/rnscreens-generated.mm -o /Users/momtajhusen/Library/Developer/Xcode/DerivedData/UnderOneRoof-bvjuhnhcwjrvzafftvptbetbcgcq/Build/Intermediates.noindex/Pods.build/Debug-iphonesimulator/ReactCodegen.build/Objects-normal/arm64/rnscreens-generated.o -index-unit-output-path /Pods.build/Debug-iphonesimulator/ReactCodegen.build/Objects-normal/arm64/rnscreens-generated.o

CompileC /Users/momtajhusen/Library/Developer/Xcode/DerivedData/UnderOneRoof-bvjuhnhcwjrvzafftvptbetbcgcq/Build/Intermediates.noindex/Pods.build/Debug-iphonesimulator/ReactCodegen.build/Objects-normal/arm64/rnreanimatedJSI-generated.o /Users/momtajhusen/Desktop/UnderOneRoof/ios/build/generated/ios/rnreanimatedJSI-generated.cpp normal arm64 c++ com.apple.compilers.llvm.clang.1_0.compiler (in target 'ReactCodegen' from project 'Pods')
    cd /Users/momtajhusen/Desktop/UnderOneRoof/ios/Pods
    
    Using response file: /Users/momtajhusen/Library/Developer/Xcode/DerivedData/UnderOneRoof-bvjuhnhcwjrvzafftvptbetbcgcq/Build/Intermediates.noindex/Pods.build/Debug-iphonesimulator/ReactCodegen.build/Objects-normal/arm64/82b82416624d2658e5098eb0a28c15c5-common-args.resp
    
    /Applications/Xcode.app/Contents/Developer/Toolchains/XcodeDefault.xctoolchain/usr/bin/clang -x c++ -ivfsstatcache /Users/momtajhusen/Library/Developer/Xcode/DerivedData/SDKStatCaches.noindex/iphonesimulator18.5-22F76-d5fc8ad4295d2ef488fb7d0f804ce0c4.sdkstatcache -fmessage-length\=0 -fdiagnostics-show-note-include-stack -fmacro-backtrace-limit\=0 -fno-color-diagnostics -fmodules-prune-interval\=86400 -fmodules-prune-after\=345600 -fbuild-session-file\=/Users/momtajhusen/Library/Developer/Xcode/DerivedData/ModuleCache.noindex/Session.modulevalidation -fmodules-validate-once-per-build-session -Wnon-modular-include-in-framework-module -Werror\=non-modular-include-in-framework-module -Wno-trigraphs -Wno-missing-field-initializers -Wno-missing-prototypes -Werror\=return-type -Wdocumentation -Wunreachable-code -Werror\=deprecated-objc-isa-usage -Werror\=objc-root-class -Wno-non-virtual-dtor -Wno-overloaded-virtual -Wno-exit-time-destructors -Wno-missing-braces -Wparentheses -Wswitch -Wunused-function -Wno-unused-label -Wno-unused-parameter -Wunused-variable -Wunused-value -Wempty-body -Wuninitialized -Wconditional-uninitialized -Wno-unknown-pragmas -Wno-shadow -Wno-four-char-constants -Wno-conversion -Wconstant-conversion -Wint-conversion -Wbool-conversion -Wenum-conversion -Wno-float-conversion -Wnon-literal-null-conversion -Wobjc-literal-conversion -Wshorten-64-to-32 -Wno-newline-eof -Wno-c++11-extensions -Wno-implicit-fallthrough -fstrict-aliasing -Wdeprecated-declarations -Winvalid-offsetof -Wno-sign-conversion -Winfinite-recursion -Wmove -Wcomma -Wblock-capture-autoreleasing -Wstrict-prototypes -Wrange-loop-analysis -Wno-semicolon-before-method-body -Wunguarded-availability -index-store-path /Users/momtajhusen/Library/Developer/Xcode/DerivedData/UnderOneRoof-bvjuhnhcwjrvzafftvptbetbcgcq/Index.noindex/DataStore @/Users/momtajhusen/Library/Developer/Xcode/DerivedData/UnderOneRoof-bvjuhnhcwjrvzafftvptbetbcgcq/Build/Intermediates.noindex/Pods.build/Debug-iphonesimulator/ReactCodegen.build/Objects-normal/arm64/82b82416624d2658e5098eb0a28c15c5-common-args.resp -DFOLLY_NO_CONFIG -DFOLLY_MOBILE\=1 -DFOLLY_USE_LIBCPP\=1 -DFOLLY_CFG_NO_COROUTINES\=1 -DFOLLY_HAVE_CLOCK_GETTIME\=1 -Wno-comma -Wno-shorten-64-to-32 -Wno-documentation -Wno-nullability-completeness -std\=c++20 -include /Users/momtajhusen/Desktop/UnderOneRoof/ios/Pods/Target\ Support\ Files/ReactCodegen/ReactCodegen-prefix.pch -MMD -MT dependencies -MF /Users/momtajhusen/Library/Developer/Xcode/DerivedData/UnderOneRoof-bvjuhnhcwjrvzafftvptbetbcgcq/Build/Intermediates.noindex/Pods.build/Debug-iphonesimulator/ReactCodegen.build/Objects-normal/arm64/rnreanimatedJSI-generated.d --serialize-diagnostics /Users/momtajhusen/Library/Developer/Xcode/DerivedData/UnderOneRoof-bvjuhnhcwjrvzafftvptbetbcgcq/Build/Intermediates.noindex/Pods.build/Debug-iphonesimulator/ReactCodegen.build/Objects-normal/arm64/rnreanimatedJSI-generated.dia -c /Users/momtajhusen/Desktop/UnderOneRoof/ios/build/generated/ios/rnreanimatedJSI-generated.cpp -
debug o /Users/momtajhusen/Library/Developer/Xcode/DerivedData/UnderOneRoof-bvjuhnhcwjrvzafftvptbetbcgcq/Build/Intermediates.noindex/Pods.build/Debug-iphonesimulator/ReactCodegen.build/Objects-normal/arm64/rnreanimatedJSI-generated.o -index-unit-output-path /Pods.build/Debug-iphonesimulator/ReactCodegen.build/Objects-normal/arm64/rnreanimatedJSI-generated.o

debug 

debug CompileC /Users/momtajhusen/Library/Developer/Xcode/DerivedData/UnderOneRoof-bvjuhnhcwjrvzafftvptbetbcgcq/Build/Intermediates.noindex/Pods.build/Debug-iphonesimulator/ReactCodegen.build/Objects-normal/arm64/rnreanimated-generated.o /Users/momtajhusen/Desktop/UnderOneRoof/ios/build/generated/ios/rnreanimated/rnreanimated-generated.mm normal arm64 objective-c++ com.apple.compilers.llvm.clang.1_0.compiler (in target 'ReactCodegen' from project 'Pods')
    cd /Users/momtajhusen/Desktop/UnderOneRoof/ios/Pods
    
    Using response file: /Users/momtajhusen/Library/Developer/Xcode/DerivedData/UnderOneRoof-bvjuhnhcwjrvzafftvptbetbcgcq/Build/Intermediates.noindex/Pods.build/Debug-iphonesimulator/ReactCodegen.build/Objects-normal/arm64/af3fcb34312c57c0f52879cdce924b91-common-args.resp
    
    /Applications/Xcode.app/Contents/Developer/Toolchains/XcodeDefault.xctoolchain/usr/bin/clang -x objective-c++ -ivfsstatcache /Users/momtajhusen/Library/Developer/Xcode/DerivedData/SDKStatCaches.noindex/iphonesimulator18.5-22F76-d5fc8ad4295d2ef488fb7d0f804ce0c4.sdkstatcache -fmessage-length\=0 -fdiagnostics-show-note-include-stack -fmacro-backtrace-limit\=0 -fno-color-diagnostics -fmodules-prune-interval\=86400 -fmodules-prune-after\=345600 -fbuild-session-file\=/Users/momtajhusen/Library/Developer/Xcode/DerivedData/ModuleCache.noindex/Session.modulevalidation -fmodules-validate-once-per-build-session -Wnon-modular-include-in-framework-module -Werror\=non-modular-include-in-framework-module -Wno-trigraphs -Wno-missing-field-initializers -Wno-missing-prototypes -Werror\=return-type -Wdocumentation -Wunreachable-code -Wno-implicit-atomic-properties -Werror\=deprecated-objc-isa-usage -Wno-objc-interface-ivars -Werror\=objc-root-class -Wno-arc-repeated-use-of-weak -Wimplicit-retain-self -Wno-non-virtual-dtor -Wno-overloaded-virtual -Wno-exit-time-destructors -Wduplicate-method-match -Wno-missing-braces -Wparentheses -Wswitch -Wunused-function -Wno-unused-label -Wno-unused-parameter -Wunused-variable -Wunused-value -Wempty-body -Wuninitialized -Wconditional-uninitialized -Wno-unknown-pragmas -Wno-shadow -Wno-four-char-constants -Wno-conversion -Wconstant-conversion -Wint-conversion -Wbool-conversion -Wenum-conversion -Wno-float-conversion -Wnon-literal-null-conversion -Wobjc-literal-conversion -Wshorten-64-to-32 -Wno-newline-eof -Wno-selector -Wno-strict-selector-match -Wundeclared-selector -Wdeprecated-implementations -Wno-c++11-extensions -Wno-implicit-fallthrough -fstrict-aliasing -Wprotocol -Wdeprecated-declarations -Winvalid-offsetof -Wno-sign-conversion -Winfinite-recursion -Wmove -Wcomma -Wblock-capture-autoreleasing -Wstrict-prototypes -Wrange-loop-analysis -Wno-semicolon-before-method-body -Wunguarded-availability -index-store-path /Users/momtajhusen/Library/Developer/Xcode/DerivedData/UnderOneRoof-bvjuhnhcwjrvzafftvptbetbcgcq/Index.noindex/DataStore @/Users/momtajhusen/Library/Developer/Xcode/DerivedData/UnderOneRoof-bvjuhnhcwjrvzafftvptbetbcgcq/Build/Intermediates.noindex/Pods.build/Debug-iphonesimulator/ReactCodegen.build/Objects-normal/arm64/af3fcb34312c57c0f52879cdce924b91-common-args.resp -DFOLLY_NO_CONFIG -DFOLLY_MOBILE\=1 -DFOLLY_USE_LIBCPP\=1 -DFOLLY_CFG_NO_COROUTINES\=1 -DFOLLY_HAVE_CLOCK_GETTIME\=1 -Wno-comma -Wno-shorten-64-to-32 -Wno-documentation -Wno-nullability-completeness -std\=c++20 -include /Users/momtajhusen/Desktop/UnderOneRoof/ios/Pods/Target\ Support\ Files/ReactCodegen/ReactCodegen-prefix.pch -MMD -MT dependencies -MF /Users/momtajhusen/Library/Developer/Xcode/DerivedData/UnderOneRoof-bvjuhnhcwjrvzafftvptbetbcgcq/Build/Intermediates.noindex/Pods.build/Debug-iphonesimulator/ReactCodegen.build/Objects-normal/arm64/rnreanimated-generated.d --serialize-diagnostics /Users/momtajhusen/Library/Developer/Xcode/DerivedData/UnderOneRoof-bvjuhnhcwjrvzafftvptbetbcgcq/Build/Intermediates.noindex/Pods.build/Debug-iphonesimulator/ReactCodegen.build/Objects-normal/arm64/rnreanimated-generated.dia -c /Users/momtajhusen/Desktop/UnderOneRoof/ios/build/generated/ios/rnreanimated/rnreanimated-generated.mm -o /Users/momtajhusen/Library/Developer/Xcode/DerivedData/UnderOneRoof-bvjuhnhcwjrvzafftvptbetbcgcq/Build/Intermediates.noindex/Pods.build/Debug-iphonesimulator/ReactCodegen.build/Objects-normal/arm64/rnreanimated-generated.o -index-unit-output-path /Pods.build/Debug-iphonesimulator/ReactCodegen.build/Objects-normal/arm64/rnreanimated-generated.o

CompileC /Users/momtajhusen/Library/Developer/Xcode/DerivedData/UnderOneRoof-bvjuhnhcwjrvzafftvptbetbcgcq/Build/Intermediates.noindex/Pods.build/Debug-iphonesimulator/ReactCodegen.build/Objects-normal/arm64/rngesturehandler_codegenJSI-generated.o /Users/momtajhusen/Desktop/UnderOneRoof/ios/build/generated/ios/rngesturehandler_codegenJSI-generated.cpp normal arm64 c++ com.apple.compilers.llvm.clang.1_0.compiler (in target 'ReactCodegen' from project 'Pods')
    cd /Users/momtajhusen/Desktop/UnderOneRoof/ios/Pods
    
    Using response file: /Users/momtajhusen/Library/Developer/Xcode/DerivedData/UnderOneRoof-bvjuhnhcwjrvzafftvptbetbcgcq/Build/Intermediates.noindex/Pods.build/Debug-iphonesimulator/ReactCodegen.build/Objects-normal/arm64/82b82416624d2658e5098eb0a28c15c5-common-args.resp
    
    /Applications/Xcode.app/Contents/Developer/Toolchains/XcodeDefault.xctoolchain/usr/bin/clang -x c++ -ivfsstatcache /Users/momtajhusen/Library/Developer/Xcode/DerivedData/SDKStatCaches.noindex/iphonesimulator18.5-22F76-d5fc8ad4295d2ef488fb7d0f804ce0c4.sdkstatcache -fmessage-length\=0 -fdiagnostics-show-note-include-stack -fmacro-backtrace-limit\=0 -fno-color-diagnostics -fmodules-prune-interval\=86400 -fmodules-prune-after\=345600 -fbuild-session-file\=/Users/momtajhusen/Library/Developer/Xcode/DerivedData/ModuleCache.noindex/Session.modulevalidation -fmodules-validate-once-per-build-session -Wnon-modular-include-in-framework-module -Werror\=non-modular-include-in-framework-module -Wno-trigraphs -Wno-missing-field-initializers -Wno-missing-prototypes -Werror\=return-type -Wdocumentation -Wunreachable-code -Werror\=deprecated-objc-isa-usage -Werror\=objc-root-class -Wno-non-virtual-dtor -Wno-overloaded-virtual -Wno-exit-time-destructors -Wno-missing-braces -Wparentheses -Wswitch -Wunused-function -Wno-unused-label -Wno-unused-parameter -Wunused-variable -Wunused-value -Wempty-body -Wuninitialized -Wconditional-uninitialized -Wno-unknown-pragmas -Wno-shadow -Wno-four-char-constants -Wno-conversion -Wconstant-conversion -Wint-conversion -Wbool-conversion -Wenum-conversion -Wno-float-conversion -Wnon-literal-null-conversion -Wobjc-literal-conversion -Wshorten-64-to-32 -Wno-newline-eof -Wno-c++11-extensions -Wno-implicit-fallthrough -fstrict-aliasing -Wdeprecated-declarations -Winvalid-offsetof -Wno-sign-conversion -Winfinite-recursion -Wmove -Wcomma -Wblock-capture-autoreleasing -Wstrict-prototypes -Wrange-loop-analysis -Wno-semicolon-before-method-body -Wunguarded-availability -index-store-path /Users/momtajhusen/Library/Developer/Xcode/DerivedData/UnderOneRoof-bvjuhnhcwjrvzafftvptbetbcgcq/Index.noindex/DataStore @/Users/momtajhusen/Library/Developer/Xcode/DerivedData/UnderOneRoof-bvjuhnhcwjrvzafftvptbetbcgcq/Build/Intermediates.noindex/Pods.build/Debug-iphonesimulator/ReactCodegen.build/Objects-normal/arm64/82b82416624d2658e5098eb0a28c15c5-common-args.resp -DFOLLY_NO_CONFIG -DFOLLY_MOBILE\=1 -DFOLLY_USE_LIBCPP\=1 -DFOLLY_CFG_NO_COROUTINES\=1 -DFOLLY_HAVE_CLOCK_GETTIME\=1 -Wno-comma -Wno-shorten-64-to-32 -Wno-documentation -Wno-nullability-completeness -std\=c++20 -include /Users/momtajhusen/Desktop/UnderOneRoof/ios/Pods/Target\ Support\ Files/ReactCodegen/ReactCodegen-prefix.pch -MMD -MT dependencies -MF /Users/momtajhusen/Library/Developer/Xcode/DerivedData/UnderOneRoof-bvjuhnhcwjrvzafftvptbetbcgcq/Build/Intermediates.noindex/Pods.build/Debug-iphonesimulator/ReactCodegen.build/Objects-normal/arm64/rngesturehandler_codegenJSI-generated.d --serialize-diagnostics /Users/momtajhusen/Library/Developer/Xcode/DerivedData/UnderOneRoof-bvjuhnhcwjrvzafftvptbetbcgcq/Build/Intermediates.noindex/Pods.build/Debug-iphonesimulator/ReactCodegen.build/Objects-normal/arm64/rngesturehandler_codegenJSI-generated.dia -c /Users/momtajhusen/D
debug esktop/UnderOneRoof/ios/build/generated/ios/rngesturehandler_codegenJSI-generated.cpp -o /Users/momtajhusen/Library/Developer/Xcode/DerivedData/UnderOneRoof-bvjuhnhcwjrvzafftvptbetbcgcq/Build/Intermediates.noindex/Pods.build/Debug-iphonesimulator/ReactCodegen.build/Objects-normal/arm64/rngesturehandler_codegenJSI-generated.o -index-unit-output-path /Pods.build/Debug-iphonesimulator/ReactCodegen.build/Objects-normal/arm64/rngesturehandler_codegenJSI-generated.o

debug 

debug CompileC /Users/momtajhusen/Library/Developer/Xcode/DerivedData/UnderOneRoof-bvjuhnhcwjrvzafftvptbetbcgcq/Build/Intermediates.noindex/Pods.build/Debug-iphonesimulator/ReactCodegen.build/Objects-normal/arm64/rngesturehandler_codegen-generated.o /Users/momtajhusen/Desktop/UnderOneRoof/ios/build/generated/ios/rngesturehandler_codegen/rngesturehandler_codegen-generated.mm normal arm64 objective-c++ com.apple.compilers.llvm.clang.1_0.compiler (in target 'ReactCodegen' from project 'Pods')
    cd /Users/momtajhusen/Desktop/UnderOneRoof/ios/Pods
    
    Using response file: /Users/momtajhusen/Library/Developer/Xcode/DerivedData/UnderOneRoof-bvjuhnhcwjrvzafftvptbetbcgcq/Build/Intermediates.noindex/Pods.build/Debug-iphonesimulator/ReactCodegen.build/Objects-normal/arm64/af3fcb34312c57c0f52879cdce924b91-common-args.resp
    
    /Applications/Xcode.app/Contents/Developer/Toolchains/XcodeDefault.xctoolchain/usr/bin/clang -x objective-c++ -ivfsstatcache /Users/momtajhusen/Library/Developer/Xcode/DerivedData/SDKStatCaches.noindex/iphonesimulator18.5-22F76-d5fc8ad4295d2ef488fb7d0f804ce0c4.sdkstatcache -fmessage-length\=0 -fdiagnostics-show-note-include-stack -fmacro-backtrace-limit\=0 -fno-color-diagnostics -fmodules-prune-interval\=86400 -fmodules-prune-after\=345600 -fbuild-session-file\=/Users/momtajhusen/Library/Developer/Xcode/DerivedData/ModuleCache.noindex/Session.modulevalidation -fmodules-validate-once-per-build-session -Wnon-modular-include-in-framework-module -Werror\=non-modular-include-in-framework-module -Wno-trigraphs -Wno-missing-field-initializers -Wno-missing-prototypes -Werror\=return-type -Wdocumentation -Wunreachable-code -Wno-implicit-atomic-properties -Werror\=deprecated-objc-isa-usage -Wno-objc-interface-ivars -Werror\=objc-root-class -Wno-arc-repeated-use-of-weak -Wimplicit-retain-self -Wno-non-virtual-dtor -Wno-overloaded-virtual -Wno-exit-time-destructors -Wduplicate-method-match -Wno-missing-braces -Wparentheses -Wswitch -Wunused-function -Wno-unused-label -Wno-unused-parameter -Wunused-variable -Wunused-value -Wempty-body -Wuninitialized -Wconditional-uninitialized -Wno-unknown-pragmas -Wno-shadow -Wno-four-char-constants -Wno-conversion -Wconstant-conversion -Wint-conversion -Wbool-conversion -Wenum-conversion -Wno-float-conversion -Wnon-literal-null-conversion -Wobjc-literal-conversion -Wshorten-64-to-32 -Wno-newline-eof -Wno-selector -Wno-strict-selector-match -Wundeclared-selector -Wdeprecated-implementations -Wno-c++11-extensions -Wno-implicit-fallthrough -fstrict-aliasing -Wprotocol -Wdeprecated-declarations -Winvalid-offsetof -Wno-sign-conversion -Winfinite-recursion -Wmove -Wcomma -Wblock-capture-autoreleasing -Wstrict-prototypes -Wrange-loop-analysis -Wno-semicolon-before-method-body -Wunguarded-availability -index-store-path /Users/momtajhusen/Library/Developer/Xcode/DerivedData/UnderOneRoof-bvjuhnhcwjrvzafftvptbetbcgcq/Index.noindex/DataStore @/Users/momtajhusen/Library/Developer/Xcode/DerivedData/UnderOneRoof-bvjuhnhcwjrvzafftvptbetbcgcq/Build/Intermediates.noindex/Pods.build/Debug-iphonesimulator/ReactCodegen.build/Objects-normal/arm64/af3fcb34312c57c0f52879cdce924b91-common-args.resp -DFOLLY_NO_CONFIG -DFOLLY_MOBILE\=1 -DFOLLY_USE_LIBCPP\=1 -DFOLLY_CFG_NO_COROUTINES\=1 -DFOLLY_HAVE_CLOCK_GETTIME\=1 -Wno-comma -Wno-shorten-64-to-32 -Wno-documentation -Wno-nullability-completeness -std\=c++20 -include /Users/momtajhusen/Desktop/UnderOneRoof/ios/Pods/Target\ Support\ Files/ReactCodegen/ReactCodegen-prefix.pch -MMD -MT dependencies -MF /Users/momtajhusen/Library/Developer/Xcode/DerivedData/UnderOneRoof-bvjuhnhcwjrvzafftvptbetbcgcq/Build/Intermediates.noindex/Pods.build/Debug-iphonesimulator/ReactCodegen.build/Objects-normal/arm64/rngesturehandler_codegen-generated.d --serialize-diagnostics /Users/momtajhusen/Library/Developer/Xcode/DerivedData/UnderOneRoof-bvjuhnhcwjrvzafftvptbetbcgcq/Build/Intermediates.noindex/Pods.build/Debug-iphonesimulator/ReactCodegen.build/Objects-normal/arm64/rngesturehandler_codegen-generated.dia -c /Users/momtajhusen/Desktop/UnderOneRoof/ios/build/generated/ios/rngesturehandler_codegen/rngesturehandler_codegen-generated.mm -o /Users/momtajhusen/Library/Developer/Xcode/DerivedData/UnderOneRoof-bvjuhnhcwjrvzafftvptbetbcgcq/Build/Intermediates.noindex/Pods.build/Debug-iphonesimulator/ReactCodegen.build/Objects-normal/arm64/rngesturehandler_codegen-generated.o -index-unit-output-path /Pods.build/Debug-iphonesimulator/ReactCodegen.build/Objects-normal/arm64/rngesturehandler_codegen-generated.o

CompileC /Users/momtajhusen/Library/Developer/Xcode/DerivedData/UnderOneRoof-bvjuhnhcwjrvzafftvptbetbcgcq/Build/Intermediates.noindex/Pods.build/Debug-iphonesimulator/ReactCodegen.build/Objects-normal/arm64/rnasyncstorageJSI-generated.o /Users/momtajhusen/Desktop/UnderOneRoof/ios/build/generated/ios/rnasyncstorageJSI-generated.cpp normal arm64 c++ com.apple.compilers.llvm.clang.1_0.compiler (in target 'ReactCodegen' from project 'Pods')
    cd /Users/momtajhusen/Desktop/UnderOneRoof/ios/Pods
    
    Using response file: /Users/momtajhusen/Library/Developer/Xcode/DerivedData/UnderOneRoof-bvjuhnhcwjrvzafftvptbetbcgcq/Build/Intermediates.noindex/Pods.build/Debug-iphonesimulator/ReactCodegen.build/Objects-normal/arm64/82b82416624d2658e5098eb0a28c15c5-common-args.resp
    
    /Applications/Xcode.app/Contents/Developer/Toolchains/XcodeDefault.xctoolchain/usr/bin/clang -x c++ -ivfsstatcache /Users/momtajhusen/Library/Developer/Xcode/DerivedData/SDKStatCaches.noindex/iphonesimulator18.5-22F76-d5fc8ad4295d2ef488fb7d0f804ce0c4.sdkstatcache -fmessage-length\=0 -fdiagnostics-show-note-include-stack -fmacro-backtrace-limit\=0 -fno-color-diagnostics -fmodules-prune-interval\=86400 -fmodules-prune-after\=345600 -fbuild-session-file\=/Users/momtajhusen/Library/Developer/Xcode/DerivedData/ModuleCache.noindex/Session.modulevalidation -fmodules-validate-once-per-build-session -Wnon-modular-include-in-framework-module -Werror\=non-modular-include-in-framework-module -Wno-trigraphs -Wno-missing-field-initializers -Wno-missing-prototypes -Werror\=return-type -Wdocumentation -Wunreachable-code -Werror\=deprecated-objc-isa-usage -Werror\=objc-root-class -Wno-non-virtual-dtor -Wno-overloaded-virtual -Wno-exit-time-destructors -Wno-missing-braces -Wparentheses -Wswitch -Wunused-function -Wno-unused-label -Wno-unused-parameter -Wunused-variable -Wunused-value -Wempty-body -Wuninitialized -Wconditional-uninitialized -Wno-unknown-pragmas -Wno-shadow -Wno-four-char-constants -Wno-conversion -Wconstant-conversion -Wint-conversion -Wbool-conversion -Wenum-conversion -Wno-float-conversion -Wnon-literal-null-conversion -Wobjc-literal-conversion -Wshorten-64-to-32 -Wno-newline-eof -Wno-c++11-extensions -Wno-implicit-fallthrough -fstrict-aliasing -Wdeprecated-declarations -Winvalid-offsetof -Wno-sign-conversion -Winfinite-recursion -Wmove -Wcomma -Wblock-capture-autoreleasing -Wstrict-prototypes -Wrange-loop-analysis -Wno-semicolon-before-method-body -Wunguarded-availability -index-store-path /Users/momtajhusen/Library/Developer/Xcode/DerivedData/UnderOneRoof-bvjuhnhcwjrvzafftvptbetbcgcq/Index.noindex/DataStore @/Users/momtajhusen/Library/Developer/Xcode/DerivedData/UnderOneRoof-bvjuhnhcwjrvzafftvptbetbcgcq/Build/Intermediates.noindex/Pods.build/Debug-iphonesimulator/ReactCodegen.build/Objects-normal/arm64/82b82416624d2658e5098eb0a28c15c5-common-args.resp -DFOLLY_NO_CONFIG -DFOLLY_MOBILE\=1 -DFOLLY_USE_LIBCPP\=1 -DFOLLY_CFG_NO_COROUTINES\=1 -DFOLLY_HAVE_CLOCK_GETTIME\=1 -Wno-comma -Wno-shorten-64-to-32 -Wno-documentation -Wno-nullability-completeness -std\=c++20 -include /Users/momtajhusen/Desktop/UnderOneRoof/ios/Pods/Target\ Support\ Files/ReactCodegen/ReactCodegen-prefix.pch -MMD -MT dependencies -MF /Users/momtajhusen/Library/Developer/Xcode/DerivedData/UnderOneRoof-bvjuhnhcwjrvzafftvptbetbcgcq/Build/Intermediates.noindex/Pods.build/Debug-iphonesimulator/ReactCodegen.build/Objects-normal/arm64/rnasyncstorageJSI-generated.d --serialize-diagnostics /Users/momtajhusen/Library/Developer/Xcode/DerivedData/UnderOneRoof-bvjuhnhcwjrvzafftvptbetbcgcq/Build/Intermediates.noindex/Pods.build/Debug-iphonesimulator/ReactCodegen.build/Objects-
debug normal/arm64/rnasyncstorageJSI-generated.dia -c /Users/momtajhusen/Desktop/UnderOneRoof/ios/build/generated/ios/rnasyncstorageJSI-generated.cpp -o /Users/momtajhusen/Library/Developer/Xcode/DerivedData/UnderOneRoof-bvjuhnhcwjrvzafftvptbetbcgcq/Build/Intermediates.noindex/Pods.build/Debug-iphonesimulator/ReactCodegen.build/Objects-normal/arm64/rnasyncstorageJSI-generated.o -index-unit-output-path /Pods.build/Debug-iphonesimulator/ReactCodegen.build/Objects-normal/arm64/rnasyncstorageJSI-generated.o

CompileC /Users/momtajhusen/Library/Developer/Xcode/DerivedData/UnderOneRoof-bvjuhnhcwjrvzafftvptbetbcgcq/Build/Intermediates.noindex/Pods.build/Debug-iphonesimulator/ReactCodegen.build/Objects-normal/arm64/rnasyncstorage-generated.o /Users/momtajhusen/Desktop/UnderOneRoof/ios/build/generated/ios/rnasyncstorage/rnasyncstorage-generated.mm normal arm64 objective-c++ com.apple.compilers.llvm.clang.1_0.compiler (in target 'ReactCodegen' from project 'Pods')
    cd /Users/momtajhusen/Desktop/UnderOneRoof/ios/Pods
    
    Using response file: /Users/momtajhusen/Library/Developer/Xcode/DerivedData/UnderOneRoof-bvjuhnhcwjrvzafftvptbetbcgcq/Build/Intermediates.noindex/Pods.build/Debug-iphonesimulator/ReactCodegen.build/Objects-normal/arm64/af3fcb34312c57c0f52879cdce924b91-common-args.resp
    
    /Applications/Xcode.app/Contents/Developer/Toolchains/XcodeDefault.xctoolchain/usr/bin/clang -x objective-c++ -ivfsstatcache /Users/momtajhusen/Library/Developer/Xcode/DerivedData/SDKStatCaches.noindex/iphonesimulator18.5-22F76-d5fc8ad4295d2ef488fb7d0f804ce0c4.sdkstatcache -fmessage-length\=0 -fdiagnostics-show-note-include-stack -fmacro-backtrace-limit\=0 -fno-color-diagnostics -fmodules-prune-interval\=86400 -fmodules-prune-after\=345600 -fbuild-session-file\=/Users/momtajhusen/Library/Developer/Xcode/DerivedData/ModuleCache.noindex/Session.modulevalidation -fmodules-validate-once-per-build-session -Wnon-modular-include-in-framework-module -Werror\=non-modular-include-in-framework-module -Wno-trigraphs -Wno-missing-field-initializers -Wno-missing-prototypes -Werror\=return-type -Wdocumentation -Wunreachable-code -Wno-implicit-atomic-properties -Werror\=deprecated-objc-isa-usage -Wno-objc-interface-ivars -Werror\=objc-root-class -Wno-arc-repeated-use-of-weak -Wimplicit-retain-self -Wno-non-virtual-dtor -Wno-overloaded-virtual -Wno-exit-time-destructors -Wduplicate-method-match -Wno-missing-braces -Wparentheses -Wswitch -Wunused-function -Wno-unused-label -Wno-unused-parameter -Wunused-variable -Wunused-value -Wempty-body -Wuninitialized -Wconditional-uninitialized -Wno-unknown-pragmas -Wno-shadow -Wno-four-char-constants -Wno-conversion -Wconstant-conversion -Wint-conversion -Wbool-conversion -Wenum-conversion -Wno-float-conversion -Wnon-literal-null-conversion -Wobjc-literal-conversion -Wshorten-64-to-32 -Wno-newline-eof -Wno-selector -Wno-strict-selector-match -Wundeclared-selector -Wdeprecated-implementations -Wno-c++11-extensions -Wno-implicit-fallthrough -fstrict-aliasing -Wprotocol -Wdeprecated-declarations -Winvalid-offsetof -Wno-sign-conversion -Winfinite-recursion -Wmove -Wcomma -Wblock-capture-autoreleasing -Wstrict-prototypes -Wrange-loop-analysis -Wno-semicolon-before-method-body -Wunguarded-availability -index-store-path /Users/momtajhusen/Library/Developer/Xcode/DerivedData/UnderOneRoof-bvjuhnhcwjrvzafftvptbetbcgcq/Index.noindex/DataStore @/Users/momtajhusen/Library/Developer/Xcode/DerivedData/UnderOneRoof-bvjuhnhcwjrvzafftvptbetbcgcq/Build/Intermediates.noindex/Pods.build/Debug-iphonesimulator/ReactCodegen.build/Objects-normal/arm64/af3fcb34312c57c0f52879cdce924b91-common-args.resp -DFOLLY_NO_CONFIG -DFOLLY_MOBILE\=1 -DFOLLY_USE_LIBCPP\=1 -DFOLLY_CFG_NO_COROUTINES\=1 -DFOLLY_HAVE_CLOCK_GETTIME\=1 -Wno-comma -Wno-shorten-64-to-32 -Wno-documentation -Wno-nullability-completeness -std\=c++20 -include /Users/momtajhusen/Desktop/UnderOneRoof/ios/Pods/Target\ Support\ Files/ReactCodegen/ReactCodegen-prefix.pch -MMD -MT dependencies -MF /Users/momtajhusen/Library/Developer/Xcode/DerivedData/UnderOneRoof-bvjuhnhcwjrvzafftvptbetbcgcq/Build/Intermediates.noindex/Pods.build/Debug-iphonesimulator/ReactCodegen.build/Objects-normal/arm64/rnasyncstorage-generated.d --serialize-diagnostics /Users/momtajhusen/Library/Developer/Xcode/DerivedData/UnderOneRoof-bvjuhnhcwjrvzafftvptbetbcgcq/Build/Intermediates.noindex/Pods.build/Debug-iphonesimulator/ReactCodegen.build/Objects-normal/arm64/rnasyncstorage-generated.dia -c /Users/momtajhusen/Desktop/UnderOneRoof/ios/build/generated/ios/rnasyncstorage/rnasyncstorage-generated.mm -o /Users/momtajhusen/Library/Developer/Xcode/DerivedData/UnderOneRoof-bvjuhnhcwjrvzafftvptbetbcgcq/Build/Intermediates.noindex/Pods.build/Debug-iphonesimulator/ReactCodegen.build/Objects-normal/arm64/rnasyncstorage-generated.o -index-unit-output-path /Pods.build/Debug-iphonesimulator/ReactCodegen.build/Objects-normal/arm64/rnasyncstorage-generated.o


debug CompileC /Users/momtajhusen/Library/Developer/Xcode/DerivedData/UnderOneRoof-bvjuhnhcwjrvzafftvptbetbcgcq/Build/Intermediates.noindex/Pods.build/Debug-iphonesimulator/ReactCodegen.build/Objects-normal/arm64/States-f132bad9cc3928041afc519f426fd401.o /Users/momtajhusen/Desktop/UnderOneRoof/ios/build/generated/ios/react/renderer/components/RNCWebViewSpec/States.cpp normal arm64 c++ com.apple.compilers.llvm.clang.1_0.compiler (in target 'ReactCodegen' from project 'Pods')
    cd /Users/momtajhusen/Desktop/UnderOneRoof/ios/Pods
    
    Using response file: /Users/momtajhusen/Library/Developer/Xcode/DerivedData/UnderOneRoof-bvjuhnhcwjrvzafftvptbetbcgcq/Build/Intermediates.noindex/Pods.build/Debug-iphonesimulator/ReactCodegen.build/Objects-normal/arm64/82b82416624d2658e5098eb0a28c15c5-common-args.resp
    
    /Applications/Xcode.app/Contents/Developer/Toolchains/XcodeDefault.xctoolchain/usr/bin/clang -x c++ -ivfsstatcache /Users/momtajhusen/Library/Developer/Xcode/DerivedData/SDKStatCaches.noindex/iphonesimulator18.5-22F76-d5fc8ad4295d2ef488fb7d0f804ce0c4.sdkstatcache -fmessage-length\=0 -fdiagnostics-show-note-include-stack -fmacro-backtrace-limit\=0 -fno-color-diagnostics -fmodules-prune-interval\=86400 -fmodules-prune-after\=345600 -fbuild-session-file\=/Users/momtajhusen/Library/Developer/Xcode/DerivedData/ModuleCache.noindex/Session.modulevalidation -fmodules-validate-once-per-build-session -Wnon-modular-include-in-framework-module -Werror\=non-modular-include-in-framework-module -Wno-trigraphs -Wno-missing-field-initializers -Wno-missing-prototypes -Werror\=return-type -Wdocumentation -Wunreachable-code -Werror\=deprecated-objc-isa-usage -Werror\=objc-root-class -Wno-non-virtual-dtor -Wno-overloaded-virtual -Wno-exit-time-destructors -Wno-missing-braces -Wparentheses -Wswitch -Wunused-function -Wno-unused-label -Wno-unused-parameter -Wunused-variable -Wunused-value -Wempty-body -Wuninitialized -Wconditional-uninitialized -Wno-unknown-pragmas -Wno-shadow -Wno-four-char-constants -Wno-conversion -Wconstant-conversion -Wint-conversion -Wbool-conversion -Wenum-conversion -Wno-float-conversion -Wnon-literal-null-conversion -Wobjc-literal-conversion -Wshorten-64-to-32 -Wno-newline-eof -Wno-c++11-extensions -Wno-implicit-fallthrough -fstrict-aliasing -Wdeprecated-declarations -Winvalid-offsetof -Wno-sign-conversion -Winfinite-recursion -Wmove -Wcomma -Wblock-capture-autoreleasing -Wstrict-prototypes -Wrange-loop-analysis -Wno-semicolon-before-method-body -Wunguarded-availability -index-store-path /Users/momtajhusen/Library/Developer/Xcode/DerivedData/UnderOneRoof-bvjuhnhcwjrvzafftvptbetbcgcq/Index.noindex/DataStore @/Users/momtajhusen/Library/Developer/Xcode/DerivedData/UnderOneRoof-bvjuhnhcwjrvzafftvptbetbcgcq/Build/Intermediates.noindex/Pods.build/Debug-iphonesimulator/ReactCodegen.build/Objects-normal/arm64/82b82416624d2658e5098eb0a28c15c5-common-args.resp -DFOLLY_NO_CONFIG -DFOLLY_MOBILE\=1 -DFOLLY_USE_LIBCPP\=1 -DFOLLY_CFG_NO_COROUTINES\=1 -DFOLLY_HAVE_CLOCK_GETTIME\=1 -Wno-comma -Wno-shorten-64-to-32 -Wno-documentation -Wno-nullability-completeness -std\=c++20 -include /Users/momtajhusen/Desktop/UnderOneRoof/ios/Pods/Target\ Support\ Files/ReactCodegen/ReactCodegen-prefix.pch -MMD -MT dependencies -MF /Users/momtajhusen/Library/Developer/Xcode/DerivedData/UnderOneRoof-bvjuhnhcwjrvzafftvptbetbcgcq/Build/Intermediates.noindex/Pods.build/Debug-iphonesimulator/ReactCodegen.build/Objects-normal/arm64/States-f132bad9cc3928041afc519f426fd401.d --serialize-diagnostics /Users/momtajhusen/Library/Developer/Xcode/DerivedData/UnderOneRoof-bvjuhnhcwjrvzafftvptbetbcgcq/Build/Intermediates.noindex/Pods.build/Debug-iphonesimulator/ReactCodegen.build/Objects-normal/arm64/States-f132bad9cc3928041afc519f426fd401.dia -c /Users/momtajhusen/Desktop/UnderOneRoof/ios/build/generated/ios/react/renderer/components/RNCWebViewSpec/States.cpp -o /Users/momtajhusen/Library/Developer/Xcode/DerivedData/UnderOneRoof-bvjuhnhcwjrvzafftvptbetbcgcq/Build/Intermediates.noindex/Pods.build/Debug-iphonesimulator/ReactCodegen.build/Objects-normal/arm64/States-f132bad9cc3928041afc519f426fd401.o -index-unit-output-path /Pods.build/Debug-iphonesimulator/ReactCodegen.build/Objects-normal/arm64/States-f132bad9cc3928041afc519f426fd401.o

CompileC /Users/momtajhusen/Library/Developer/Xcode/DerivedData/UnderOneRoof-bvjuhnhcwjrvzafftvptbetbcgcq/Build/Intermediates.noindex/Pods.build/Debug-iphonesimulator/ReactCodegen.build/Objects-normal/arm64/States-bbb4d3f84fa5fe7fef1371e53208ce67.o /Users/momtajhusen/Desktop/UnderOneRoof/ios/build/generated/ios/react/renderer/components/rnscreens/States.cpp normal arm64 c++ com.apple.compilers.llvm.clang.1_0.compiler (in target 'ReactCodegen' from project 'Pods')
    cd /Users/momtajhusen/Desktop/UnderOneRoof/ios/Pods
    
    Using response file: /Users/momtajhusen/Library/Developer/Xcode/DerivedData/UnderOneRoof-bvjuhnhcwjrvzafftvptbetbcgcq/Build/Intermediates.noindex/Pods.build/Debug-iphonesimulator/ReactCodegen.build/Objects-normal/arm64/82b82416624d2658e5098eb0a28c15c5-common-args.resp
    
    /Applications/Xcode.app/Contents/Developer/Toolchains/XcodeDefault.xctoolchain/usr/bin/clang -x c++ -ivfsstatcache /Users/momtajhusen/Library/Developer/Xcode/DerivedData/SDKStatCaches.noindex/iphonesimulator18.5-22F76-d5fc8ad4295d2ef488fb7d0f804ce0c4.sdkstatcache -fmessage-length\=0 -fdiagnostics-show-note-include-stack -fmacro-backtrace-limit\=0 -fno-color-diagnostics -fmodules-prune-interval\=86400 -fmodules-prune-after\=345600 -fbuild-session-file\=/Users/momtajhusen/Library/Developer/Xcode/DerivedData/ModuleCache.noindex/Session.modulevalidation -fmodules-validate-once-per-build-session -Wnon-modular-include-in-framework-module -Werror\=non-modular-include-in-framework-module -Wno-trigraphs -Wno-missing-field-initializers -Wno-missing-prototypes -Werror\=return-type -Wdocumentation -Wunreachable-code -Werror\=deprecated-objc-isa-usage -Werror\=objc-root-class -Wno-non-virtual-dtor -Wno-overloaded-virtual -Wno-exit-time-destructors -Wno-missing-braces -Wparentheses -Wswitch -Wunused-function -Wno-unused-label -Wno-unused-parameter -Wunused-variable -Wunused-value -Wempty-body -Wuninitialized -Wconditional-uninitialized -Wno-unknown-pragmas -Wno-shadow -Wno-four-char-constants -Wno-conversion -Wconstant-conversion -Wint-conversion -Wbool-conversion -Wenum-conversion -Wno-float-conversion -Wnon-literal-null-conversion -Wobjc-literal-conversion -Wshorten-64-to-32 -Wno-newline-eof -Wno-c++11-extensions -Wno-implicit-fallthrough -fstrict-aliasing -Wdeprecated-declarations -Winvalid-offsetof -Wno-sign-conversion -Winfinite-recursion -Wmove -Wcomma -Wblock-capture-autoreleasing -Wstrict-prototypes -Wrange-loop-analysis -Wno-semicolon-before-method-body -Wunguarded-availability -index-store-path /Users/momtajhusen/Library/Developer/Xcode/DerivedData/UnderOneRoof-bvjuhnhcwjrvzafftvptbetbcgcq/Index.noindex/DataStore @/Users/momtajhusen/Library/Developer/Xcode/DerivedData/UnderOneRoof-bvjuhnhcwjrvzafftvptbetbcgcq/Build/Intermediates.noindex/Pods.build/Debug-iphonesimulator/ReactCodegen.build/Objects-normal/arm64/82b82416624d2658e5098eb0a28c15c5-common-args.resp -DFOLLY_NO_CONFIG -DFOLLY_MOBILE\=1 -DFOLLY_USE_LIBCPP\=1 -DFOLLY_CFG_NO_COROUTINES\=1 -DFOLLY_HAVE_CLOCK_GETTIME\=1 -Wno-comma -Wno-shorten-64-to-32 -Wno-documentation -Wno-nullability-completeness -std\=c++20 -include /Users/momtajhusen/Desktop/UnderOneRoof/ios/Pods/Target\ Support\ Files/ReactCodegen/ReactCodegen-prefix.pch -MMD -MT dependencies -MF /Users/momtajhusen/Library/Developer/Xcode/DerivedData/UnderOneRoof-bvjuhnhcwjrvzafftvptbetbcgcq/Build/Intermediates.noindex/Pods.build/Debug-iphonesimulator/ReactCodegen.build/Objects-normal/arm64/States-bbb4d3f84fa5fe7fef1371e53208ce67.d --serialize-diagnostics /Users/momtajhusen/Library/Developer/Xcode/DerivedData/UnderOneRoof-bvjuhnhcwjrvzafftvptbetbcgcq/Build/Intermediates.noindex/Pods.build/Debug-iphonesimulator/ReactCodegen.build/Objects-normal/arm64/States-bbb4d3f84fa5fe7fef1371e53208ce67.dia -c /Users/momtajhusen/Desktop/UnderOneRoof/ios/build/generated/ios/react/renderer/components/rnscreens/States.cpp -o /Users/momtajhusen/Library/Developer/Xcode/
debug DerivedData/UnderOneRoof-bvjuhnhcwjrvzafftvptbetbcgcq/Build/Intermediates.noindex/Pods.build/Debug-iphonesimulator/ReactCodegen.build/Objects-normal/arm64/States-bbb4d3f84fa5fe7fef1371e53208ce67.o -index-unit-output-path /Pods.build/Debug-iphonesimulator/ReactCodegen.build/Objects-normal/arm64/States-bbb4d3f84fa5fe7fef1371e53208ce67.o

CompileC /Users/momtajhusen/Library/Developer/Xcode/DerivedData/UnderOneRoof-bvjuhnhcwjrvzafftvptbetbcgcq/Build/Intermediates.noindex/Pods.build/Debug-iphonesimulator/ReactCodegen.build/Objects-normal/arm64/States-b9d957c726d4b231c3c1896f966c38ec.o /Users/momtajhusen/Desktop/UnderOneRoof/ios/build/generated/ios/react/renderer/components/RNDateTimePickerCGen/States.cpp normal arm64 c++ com.apple.compilers.llvm.clang.1_0.compiler (in target 'ReactCodegen' from project 'Pods')
    cd /Users/momtajhusen/Desktop/UnderOneRoof/ios/Pods
    
    Using response file: /Users/momtajhusen/Library/Developer/Xcode/DerivedData/UnderOneRoof-bvjuhnhcwjrvzafftvptbetbcgcq/Build/Intermediates.noindex/Pods.build/Debug-iphonesimulator/ReactCodegen.build/Objects-normal/arm64/82b82416624d2658e5098eb0a28c15c5-common-args.resp
    
    /Applications/Xcode.app/Contents/Developer/Toolchains/XcodeDefault.xctoolchain/usr/bin/clang -x c++ -ivfsstatcache /Users/momtajhusen/Library/Developer/Xcode/DerivedData/SDKStatCaches.noindex/iphonesimulator18.5-22F76-d5fc8ad4295d2ef488fb7d0f804ce0c4.sdkstatcache -fmessage-length\=0 -fdiagnostics-show-note-include-stack -fmacro-backtrace-limit\=0 -fno-color-diagnostics -fmodules-prune-interval\=86400 -fmodules-prune-after\=345600 -fbuild-session-file\=/Users/momtajhusen/Library/Developer/Xcode/DerivedData/ModuleCache.noindex/Session.modulevalidation -fmodules-validate-once-per-build-session -Wnon-modular-include-in-framework-module -Werror\=non-modular-include-in-framework-module -Wno-trigraphs -Wno-missing-field-initializers -Wno-missing-prototypes -Werror\=return-type -Wdocumentation -Wunreachable-code -Werror\=deprecated-objc-isa-usage -Werror\=objc-root-class -Wno-non-virtual-dtor -Wno-overloaded-virtual -Wno-exit-time-destructors -Wno-missing-braces -Wparentheses -Wswitch -Wunused-function -Wno-unused-label -Wno-unused-parameter -Wunused-variable -Wunused-value -Wempty-body -Wuninitialized -Wconditional-uninitialized -Wno-unknown-pragmas -Wno-shadow -Wno-four-char-constants -Wno-conversion -Wconstant-conversion -Wint-conversion -Wbool-conversion -Wenum-conversion -Wno-float-conversion -Wnon-literal-null-conversion -Wobjc-literal-conversion -Wshorten-64-to-32 -Wno-newline-eof -Wno-c++11-extensions -Wno-implicit-fallthrough -fstrict-aliasing -Wdeprecated-declarations -Winvalid-offsetof -Wno-sign-conversion -Winfinite-recursion -Wmove -Wcomma -Wblock-capture-autoreleasing -Wstrict-prototypes -Wrange-loop-analysis -Wno-semicolon-before-method-body -Wunguarded-availability -index-store-path /Users/momtajhusen/Library/Developer/Xcode/DerivedData/UnderOneRoof-bvjuhnhcwjrvzafftvptbetbcgcq/Index.noindex/DataStore @/Users/momtajhusen/Library/Developer/Xcode/DerivedData/UnderOneRoof-bvjuhnhcwjrvzafftvptbetbcgcq/Build/Intermediates.noindex/Pods.build/Debug-iphonesimulator/ReactCodegen.build/Objects-normal/arm64/82b82416624d2658e5098eb0a28c15c5-common-args.resp -DFOLLY_NO_CONFIG -DFOLLY_MOBILE\=1 -DFOLLY_USE_LIBCPP\=1 -DFOLLY_CFG_NO_COROUTINES\=1 -DFOLLY_HAVE_CLOCK_GETTIME\=1 -Wno-comma -Wno-shorten-64-to-32 -Wno-documentation -Wno-nullability-completeness -std\=c++20 -include /Users/momtajhusen/Desktop/UnderOneRoof/ios/Pods/Target\ Support\ Files/ReactCodegen/ReactCodegen-prefix.pch -MMD -MT dependencies -MF /Users/momtajhusen/Library/Developer/Xcode/DerivedData/UnderOneRoof-bvjuhnhcwjrvzafftvptbetbcgcq/Build/Intermediates.noindex/Pods.build/Debug-iphonesimulator/ReactCodegen.build/Objects-normal/arm64/States-b9d957c726d4b231c3c1896f966c38ec.d --serialize-diagnostics /Users/momtajhusen/Library/Developer/Xcode/DerivedData/UnderOneRoof-bvjuhnhcwjrvzafftvptbetbcgcq/Build/Intermediates.noindex/Pods.build/Debug-iphonesimulator/ReactCodegen.build/Objects-normal/arm64/States-b9d957c726d4b231c3c1896f966c38ec.dia -c /Users/momtajhusen/Desktop/UnderOneRoof/ios/build/generated/ios/react/renderer/components/RNDateTimePickerCGen/States.cpp -o /Users/momtajhusen/Library/Developer/Xcode/DerivedData/UnderOneRoof-bvjuhnhcwjrvzafftvptbetbcgcq/Build/Intermediates.noindex/Pods.build/Debug-iphonesimulator/ReactCodegen.build/Objects-normal/arm64/States-b9d957c726d4b231c3c1896f966c38ec.o -index-unit-output-path /Pods.build/Debug-iphonesimulator/ReactCodegen.build/Objects-normal/arm64/States-b9d957c726d4b231c3c1896f966c38ec.o


debug CompileC /Users/momtajhusen/Library/Developer/Xcode/DerivedData/UnderOneRoof-bvjuhnhcwjrvzafftvptbetbcgcq/Build/Intermediates.noindex/Pods.build/Debug-iphonesimulator/ReactCodegen.build/Objects-normal/arm64/States-8d5a298eb8d1f4e23e27e95c4fc7abd4.o /Users/momtajhusen/Desktop/UnderOneRoof/ios/build/generated/ios/react/renderer/components/rnpicker/States.cpp normal arm64 c++ com.apple.compilers.llvm.clang.1_0.compiler (in target 'ReactCodegen' from project 'Pods')
    cd /Users/momtajhusen/Desktop/UnderOneRoof/ios/Pods
    
    Using response file: /Users/momtajhusen/Library/Developer/Xcode/DerivedData/UnderOneRoof-bvjuhnhcwjrvzafftvptbetbcgcq/Build/Intermediates.noindex/Pods.build/Debug-iphonesimulator/ReactCodegen.build/Objects-normal/arm64/82b82416624d2658e5098eb0a28c15c5-common-args.resp
    
    /Applications/Xcode.app/Contents/Developer/Toolchains/XcodeDefault.xctoolchain/usr/bin/clang -x c++ -ivfsstatcache /Users/momtajhusen/Library/Developer/Xcode/DerivedData/SDKStatCaches.noindex/iphonesimulator18.5-22F76-d5fc8ad4295d2ef488fb7d0f804ce0c4.sdkstatcache -fmessage-length\=0 -fdiagnostics-show-note-include-stack -fmacro-backtrace-limit\=0 -fno-color-diagnostics -fmodules-prune-interval\=86400 -fmodules-prune-after\=345600 -fbuild-session-file\=/Users/momtajhusen/Library/Developer/Xcode/DerivedData/ModuleCache.noindex/Session.modulevalidation -fmodules-validate-once-per-build-session -Wnon-modular-include-in-framework-module -Werror\=non-modular-include-in-framework-module -Wno-trigraphs -Wno-missing-field-initializers -Wno-missing-prototypes -Werror\=return-type -Wdocumentation -Wunreachable-code -Werror\=deprecated-objc-isa-usage -Werror\=objc-root-class -Wno-non-virtual-dtor -Wno-overloaded-virtual -Wno-exit-time-destructors -Wno-missing-braces -Wparentheses -Wswitch -Wunused-function -Wno-unused-label -Wno-unused-parameter -Wunused-variable -Wunused-value -Wempty-body -Wuninitialized -Wconditional-uninitialized -Wno-unknown-pragmas -Wno-shadow -Wno-four-char-constants -Wno-conversion -Wconstant-conversion -Wint-conversion -Wbool-conversion -Wenum-conversion -Wno-float-conversion -Wnon-literal-null-conversion -Wobjc-literal-conversion -Wshorten-64-to-32 -Wno-newline-eof -Wno-c++11-extensions -Wno-implicit-fallthrough -fstrict-aliasing -Wdeprecated-declarations -Winvalid-offsetof -Wno-sign-conversion -Winfinite-recursion -Wmove -Wcomma -Wblock-capture-autoreleasing -Wstrict-prototypes -Wrange-loop-analysis -Wno-semicolon-before-method-body -Wunguarded-availability -index-store-path /Users/momtajhusen/Library/Developer/Xcode/DerivedData/UnderOneRoof-bvjuhnhcwjrvzafftvptbetbcgcq/Index.noindex/DataStore @/Users/momtajhusen/Library/Developer/Xcode/DerivedData/UnderOneRoof-bvjuhnhcwjrvzafftvptbetbcgcq/Build/Intermediates.noindex/Pods.build/Debug-iphonesimulator/ReactCodegen.build/Objects-normal/arm64/82b82416624d2658e5098eb0a28c15c5-common-args.resp -DFOLLY_NO_CONFIG -DFOLLY_MOBILE\=1 -DFOLLY_USE_LIBCPP\=1 -DFOLLY_CFG_NO_COROUTINES\=1 -DFOLLY_HAVE_CLOCK_GETTIME\=1 -Wno-comma -Wno-shorten-64-to-32 -Wno-documentation -Wno-nullability-completeness -std\=c++20 -include /Users/momtajhusen/Desktop/UnderOneRoof/ios/Pods/Target\ Support\ Files/ReactCodegen/ReactCodegen-prefix.pch -MMD -MT dependencies -MF /Users/momtajhusen/Library/Developer/Xcode/DerivedData/UnderOneRoof-bvjuhnhcwjrvzafftvptbetbcgcq/Build/Intermediates.noindex/Pods.build/Debug-iphonesimulator/ReactCodegen.build/Objects-normal/arm64/States-8d5a298eb8d1f4e23e27e95c4fc7abd4.d --serialize-diagnostics /Users/momtajhusen/Library/Developer/Xcode/DerivedData/UnderOneRoof-bvjuhnhcwjrvzafftvptbetbcgcq/Build/Intermediates.noindex/Pods.build/Debug-iphonesimulator/ReactCodegen.build/Objects-normal/arm64/States-8d5a298eb8d1f4e23e27e95c4fc7abd4.dia -c /Users/momtajhusen/Desktop/UnderOneRoof/ios/build/generated/ios/react/renderer/components/rnpicker/States.cpp -o /Users/momtajhusen/Library/Developer/Xcode/DerivedData/UnderOneRoof-bvjuhnhcwjrvzafftvptbetbcgcq/Build/Intermediates.noindex/Pods.build/Debug-iphonesimulator/ReactCodegen.build/Objects-normal/arm64/States-8d5a298eb8d1f4e23e27e95c4fc7abd4.o -index-unit-output-path /Pods.build/Debug-iphonesimulator/ReactCodegen.build/Objects-normal/arm64/States-8d5a298eb8d1f4e23e27e95c4fc7abd4.o


debug CompileC /Users/momtajhusen/Library/Developer/Xcode/DerivedData/UnderOneRoof-bvjuhnhcwjrvzafftvptbetbcgcq/Build/Intermediates.noindex/Pods.build/Debug-iphonesimulator/ReactCodegen.build/Objects-normal/arm64/States-6f1f42812b102967b0fe9b9898471c8d.o /Users/momtajhusen/Desktop/UnderOneRoof/ios/build/generated/ios/react/renderer/components/safeareacontext/States.cpp normal arm64 c++ com.apple.compilers.llvm.clang.1_0.compiler (in target 'ReactCodegen' from project 'Pods')
    cd /Users/momtajhusen/Desktop/UnderOneRoof/ios/Pods
    
    Using response file: /Users/momtajhusen/Library/Developer/Xcode/DerivedData/UnderOneRoof-bvjuhnhcwjrvzafftvptbetbcgcq/Build/Intermediates.noindex/Pods.build/Debug-iphonesimulator/ReactCodegen.build/Objects-normal/arm64/82b82416624d2658e5098eb0a28c15c5-common-args.resp
    
    /Applications/Xcode.app/Contents/Developer/Toolchains/XcodeDefault.xctoolchain/usr/bin/clang -x c++ -ivfsstatcache /Users/momtajhusen/Library/Developer/Xcode/DerivedData/SDKStatCaches.noindex/iphonesimulator18.5-22F76-d5fc8ad4295d2ef488fb7d0f804ce0c4.sdkstatcache -fmessage-length\=0 -fdiagnostics-show-note-include-stack -fmacro-backtrace-limit\=0 -fno-color-diagnostics -fmodules-prune-interval\=86400 -fmodules-prune-after\=345600 -fbuild-session-file\=/Users/momtajhusen/Library/Developer/Xcode/DerivedData/ModuleCache.noindex/Session.modulevalidation -fmodules-validate-once-per-build-session -Wnon-modular-include-in-framework-module -Werror\=non-modular-include-in-framework-module -Wno-trigraphs -Wno-missing-field-initializers -Wno-missing-prototypes -Werror\=return-type -Wdocumentation -Wunreachable-code -Werror\=deprecated-objc-isa-usage -Werror\=objc-root-class -Wno-non-virtual-dtor -Wno-overloaded-virtual -Wno-exit-time-destructors -Wno-missing-braces -Wparentheses -Wswitch -Wunused-function -Wno-unused-label -Wno-unused-parameter -Wunused-variable -Wunused-value -Wempty-body -Wuninitialized -Wconditional-uninitialized -Wno-unknown-pragmas -Wno-shadow -Wno-four-char-constants -Wno-conversion -Wconstant-conversion -Wint-conversion -Wbool-conversion -Wenum-conversion -Wno-float-conversion -Wnon-literal-null-conversion -Wobjc-literal-conversion -Wshorten-64-to-32 -Wno-newline-eof -Wno-c++11-extensions -Wno-implicit-fallthrough -fstrict-aliasing -Wdeprecated-declarations -Winvalid-offsetof -Wno-sign-conversion -Winfinite-recursion -Wmove -Wcomma -Wblock-capture-autoreleasing -Wstrict-prototypes -Wrange-loop-analysis -Wno-semicolon-before-method-body -Wunguarded-availability -index-store-path /Users/momtajhusen/Library/Developer/Xcode/DerivedData/UnderOneRoof-bvjuhnhcwjrvzafftvptbetbcgcq/Index.noindex/DataStore @/Users/momtajhusen/Library/Developer/Xcode/DerivedData/UnderOneRoof-bvjuhnhcwjrvzafftvptbetbcgcq/Build/Intermediates.noindex/Pods.build/Debug-iphonesimulator/ReactCodegen.build/Objects-normal/arm64/82b82416624d2658e5098eb0a28c15c5-common-args.resp -DFOLLY_NO_CONFIG -DFOLLY_MOBILE\=1 -DFOLLY_USE_LIBCPP\=1 -DFOLLY_CFG_NO_COROUTINES\=1 -DFOLLY_HAVE_CLOCK_GETTIME\=1 -Wno-comma -Wno-shorten-64-to-32 -Wno-documentation -Wno-nullability-completeness -std\=c++20 -include /Users/momtajhusen/Desktop/UnderOneRoof/ios/Pods/Target\ Support\ Files/ReactCodegen/ReactCodegen-prefix.pch -MMD -MT dependencies -MF /Users/momtajhusen/Library/Developer/Xcode/DerivedData/UnderOneRoof-bvjuhnhcwjrvzafftvptbetbcgcq/Build/Intermediates.noindex/Pods.build/Debug-iphonesimulator/ReactCodegen.build/Objects-normal/arm64/States-6f1f42812b102967b0fe9b9898471c8d.d --serialize-diagnostics /Users/momtajhusen/Library/Developer/Xcode/DerivedData/UnderOneRoof-bvjuhnhcwjrvzafftvptbetbcgcq/Build/Intermediates.noindex/Pods.build/Debug-iphonesimulator/ReactCodegen.build/Objects-normal/arm64/States-6f1f42812b102967b0fe9b9898471c8d.dia -c /Users/momtajhusen/Desktop/UnderOneRoof/ios/build/generated/ios/react/renderer/components/safeareacontext/States.cpp -o /Users/momtajhusen/Library/Developer/Xcode/DerivedData/UnderOneRoof-bvjuhnhcwjrvzafftvptbetbcgcq/Build/Intermediates.noindex/Pods.build/Debug-iphonesimulator/ReactCodegen.build/Objects-normal/arm64/States-6f1f42812b102967b0fe9b9898471c8d.o -index-unit-output-path /Pods.build/Debug-iphonesimulator/ReactCodegen.build/Objects-normal/arm64/States-6f1f42812b102967b0fe9b9898471c8d.o


debug CompileC /Users/momtajhusen/Library/Developer/Xcode/DerivedData/UnderOneRoof-bvjuhnhcwjrvzafftvptbetbcgcq/Build/Intermediates.noindex/Pods.build/Debug-iphonesimulator/ReactCodegen.build/Objects-normal/arm64/States-22e467dba3b753718cae671479268c81.o /Users/momtajhusen/Desktop/UnderOneRoof/ios/build/generated/ios/react/renderer/components/rnpdf/States.cpp normal arm64 c++ com.apple.compilers.llvm.clang.1_0.compiler (in target 'ReactCodegen' from project 'Pods')
    cd /Users/momtajhusen/Desktop/UnderOneRoof/ios/Pods
    
    Using response file: /Users/momtajhusen/Library/Developer/Xcode/DerivedData/UnderOneRoof-bvjuhnhcwjrvzafftvptbetbcgcq/Build/Intermediates.noindex/Pods.build/Debug-iphonesimulator/ReactCodegen.build/Objects-normal/arm64/82b82416624d2658e5098eb0a28c15c5-common-args.resp
    
    /Applications/Xcode.app/Contents/Developer/Toolchains/XcodeDefault.xctoolchain/usr/bin/clang -x c++ -ivfsstatcache /Users/momtajhusen/Library/Developer/Xcode/DerivedData/SDKStatCaches.noindex/iphonesimulator18.5-22F76-d5fc8ad4295d2ef488fb7d0f804ce0c4.sdkstatcache -fmessage-length\=0 -fdiagnostics-show-note-include-stack -fmacro-backtrace-limit\=0 -fno-color-diagnostics -fmodules-prune-interval\=86400 -fmodules-prune-after\=345600 -fbuild-session-file\=/Users/momtajhusen/Library/Developer/Xcode/DerivedData/ModuleCache.noindex/Session.modulevalidation -fmodules-validate-once-per-build-session -Wnon-modular-include-in-framework-module -Werror\=non-modular-include-in-framework-module -Wno-trigraphs -Wno-missing-field-initializers -Wno-missing-prototypes -Werror\=return-type -Wdocumentation -Wunreachable-code -Werror\=deprecated-objc-isa-usage -Werror\=objc-root-class -Wno-non-virtual-dtor -Wno-overloaded-virtual -Wno-exit-time-destructors -Wno-missing-braces -Wparentheses -Wswitch -Wunused-function -Wno-unused-label -Wno-unused-parameter -Wunused-variable -Wunused-value -Wempty-body -Wuninitialized -Wconditional-uninitialized -Wno-unknown-pragmas -Wno-shadow -Wno-four-char-constants -Wno-conversion -Wconstant-conversion -Wint-conversion -Wbool-conversion -Wenum-conversion -Wno-float-conversion -Wnon-literal-null-conversion -Wobjc-literal-conversion -Wshorten-64-to-32 -Wno-newline-eof -Wno-c++11-extensions -Wno-implicit-fallthrough -fstrict-aliasing -Wdeprecated-declarations -Winvalid-offsetof -Wno-sign-conversion -Winfinite-recursion -Wmove -Wcomma -Wblock-capture-autoreleasing -Wstrict-prototypes -Wrange-loop-analysis -Wno-semicolon-before-method-body -Wunguarded-availability -index-store-path /Users/momtajhusen/Library/Developer/Xcode/DerivedData/UnderOneRoof-bvjuhnhcwjrvzafftvptbetbcgcq/Index.noindex/DataStore @/Users/momtajhusen/Library/Developer/Xcode/DerivedData/UnderOneRoof-bvjuhnhcwjrvzafftvptbetbcgcq/Build/Intermediates.noindex/Pods.build/Debug-iphonesimulator/ReactCodegen.build/Objects-normal/arm64/82b82416624d2658e5098eb0a28c15c5-common-args.resp -DFOLLY_NO_CONFIG -DFOLLY_MOBILE\=1 -DFOLLY_USE_LIBCPP\=1 -DFOLLY_CFG_NO_COROUTINES\=1 -DFOLLY_HAVE_CLOCK_GETTIME\=1 -Wno-comma -Wno-shorten-64-to-32 -Wno-documentation -Wno-nullability-completeness -std\=c++20 -include /Users/momtajhusen/Desktop/UnderOneRoof/ios/Pods/Target\ Support\ Files/ReactCodegen/ReactCodegen-prefix.pch -MMD -MT dependencies -MF /Users/momtajhusen/Library/Developer/Xcode/DerivedData/UnderOneRoof-bvjuhnhcwjrvzafftvptbetbcgcq/Build/Intermediates.noindex/Pods.build/Debug-iphonesimulator/ReactCodegen.build/Objects-normal/arm64/States-22e467dba3b753718cae671479268c81.d --serialize-diagnostics /Users/momtajhusen/Library/Developer/Xcode/DerivedData/UnderOneRoof-bvjuhnhcwjrvzafftvptbetbcgcq/Build/Intermediates.noindex/Pods.build/Debug-iphonesimulator/ReactCodegen.build/Objects-normal/arm64/States-22e467dba3b753718cae671479268c81.dia -c /Users/momtajhusen/Desktop/UnderOneRoof/ios/build/generated/ios/react/renderer/components/rnpdf/States.cpp -o /Users/momtajhusen/Library/Developer/Xcode/DerivedData/UnderOneRoof-bvjuhnhcwjrvzafftvptbetbcgcq/Build/Intermediates.noindex/Pods.build/Debug-iphonesimulator/ReactCodegen.build/Objects-normal/arm64/States-22e467dba3b753718cae671479268c81.o -index-unit-output-path /Pods.build/Debug-iphonesimulator/ReactCodegen.build/Objects-normal/arm64/States-22e467dba3b753718cae671479268c81.o


debug CompileC /Users/momtajhusen/Library/Developer/Xcode/DerivedData/UnderOneRoof-bvjuhnhcwjrvzafftvptbetbcgcq/Build/Intermediates.noindex/Pods.build/Debug-iphonesimulator/ReactCodegen.build/Objects-normal/arm64/States-2130f221a0725fe15490ad5a99503ff4.o /Users/momtajhusen/Desktop/UnderOneRoof/ios/build/generated/ios/react/renderer/components/rngesturehandler_codegen/States.cpp normal arm64 c++ com.apple.compilers.llvm.clang.1_0.compiler (in target 'ReactCodegen' from project 'Pods')
    cd /Users/momtajhusen/Desktop/UnderOneRoof/ios/Pods
    
    Using response file: /Users/momtajhusen/Library/Developer/Xcode/DerivedData/UnderOneRoof-bvjuhnhcwjrvzafftvptbetbcgcq/Build/Intermediates.noindex/Pods.build/Debug-iphonesimulator/ReactCodegen.build/Objects-normal/arm64/82b82416624d2658e5098eb0a28c15c5-common-args.resp
    
    /Applications/Xcode.app/Contents/Developer/Toolchains/XcodeDefault.xctoolchain/usr/bin/clang -x c++ -ivfsstatcache /Users/momtajhusen/Library/Developer/Xcode/DerivedData/SDKStatCaches.noindex/iphonesimulator18.5-22F76-d5fc8ad4295d2ef488fb7d0f804ce0c4.sdkstatcache -fmessage-length\=0 -fdiagnostics-show-note-include-stack -fmacro-backtrace-limit\=0 -fno-color-diagnostics -fmodules-prune-interval\=86400 -fmodules-prune-after\=345600 -fbuild-session-file\=/Users/momtajhusen/Library/Developer/Xcode/DerivedData/ModuleCache.noindex/Session.modulevalidation -fmodules-validate-once-per-build-session -Wnon-modular-include-in-framework-module -Werror\=non-modular-include-in-framework-module -Wno-trigraphs -Wno-missing-field-initializers -Wno-missing-prototypes -Werror\=return-type -Wdocumentation -Wunreachable-code -Werror\=deprecated-objc-isa-usage -Werror\=objc-root-class -Wno-non-virtual-dtor -Wno-overloaded-virtual -Wno-exit-time-destructors -Wno-missing-braces -Wparentheses -Wswitch -Wunused-function -Wno-unused-label -Wno-unused-parameter -Wunused-variable -Wunused-value -Wempty-body -Wuninitialized -Wconditional-uninitialized -Wno-unknown-pragmas -Wno-shadow -Wno-four-char-constants -Wno-conversion -Wconstant-conversion -Wint-conversion -Wbool-conversion -Wenum-conversion -Wno-float-conversion -Wnon-literal-null-conversion -Wobjc-literal-conversion -Wshorten-64-to-32 -Wno-newline-eof -Wno-c++11-extensions -Wno-implicit-fallthrough -fstrict-aliasing -Wdeprecated-declarations -Winvalid-offsetof -Wno-sign-conversion -Winfinite-recursion -Wmove -Wcomma -Wblock-capture-autoreleasing -Wstrict-prototypes -Wrange-loop-analysis -Wno-semicolon-before-method-body -Wunguarded-availability -index-store-path /Users/momtajhusen/Library/Developer/Xcode/DerivedData/UnderOneRoof-bvjuhnhcwjrvzafftvptbetbcgcq/Index.noindex/DataStore @/Users/momtajhusen/Library/Developer/Xcode/DerivedData/UnderOneRoof-bvjuhnhcwjrvzafftvptbetbcgcq/Build/Intermediates.noindex/Pods.build/Debug-iphonesimulator/ReactCodegen.build/Objects-normal/arm64/82b82416624d2658e5098eb0a28c15c5-common-args.resp -DFOLLY_NO_CONFIG -DFOLLY_MOBILE\=1 -DFOLLY_USE_LIBCPP\=1 -DFOLLY_CFG_NO_COROUTINES\=1 -DFOLLY_HAVE_CLOCK_GETTIME\=1 -Wno-comma -Wno-shorten-64-to-32 -Wno-documentation -Wno-nullability-completeness -std\=c++20 -include /Users/momtajhusen/Desktop/UnderOneRoof/ios/Pods/Target\ Support\ Files/ReactCodegen/ReactCodegen-prefix.pch -MMD -MT dependencies -MF /Users/momtajhusen/Library/Developer/Xcode/DerivedData/UnderOneRoof-bvjuhnhcwjrvzafftvptbetbcgcq/Build/Intermediates.noindex/Pods.build/Debug-iphonesimulator/ReactCodegen.build/Objects-normal/arm64/States-2130f221a0725fe15490ad5a99503ff4.d --serialize-diagnostics /Users/momtajhusen/Library/Developer/Xcode/DerivedData/UnderOneRoof-bvjuhnhcwjrvzafftvptbetbcgcq/Build/Intermediates.noindex/Pods.build/Debug-iphonesimulator/ReactCodegen.build/Objects-normal/arm64/States-2130f221a0725fe15490ad5a99503ff4.dia -c /Users/momtajhusen/Desktop/UnderOneRoof/ios/build/generated/ios/react/renderer/components/rngesturehandler_codegen/States.cpp -o /Users/momtajhusen/Library/Developer/Xcode/DerivedData/UnderOneRoof-bvjuhnhcwjrvzafftvptbetbcgcq/Build/Intermediates.noindex/Pods.build/Debug-iphonesimulator/ReactCodegen.build/Objects-normal/arm64/States-2130f221a0725fe15490ad5a99503ff4.o -index-unit-output-path /Pods.build/Debug-iphonesimulator/ReactCodegen.build/Objects-normal/arm64/States-2130f221a0725fe15490ad5a99503ff4.o


debug CompileC /Users/momtajhusen/Library/Developer/Xcode/DerivedData/UnderOneRoof-bvjuhnhcwjrvzafftvptbetbcgcq/Build/Intermediates.noindex/Pods.build/Debug-iphonesimulator/ReactCodegen.build/Objects-normal/arm64/ShadowNodes-c694915d05b1f53f7c3ddbf5ba0b80cd.o /Users/momtajhusen/Desktop/UnderOneRoof/ios/build/generated/ios/react/renderer/components/safeareacontext/ShadowNodes.cpp normal arm64 c++ com.apple.compilers.llvm.clang.1_0.compiler (in target 'ReactCodegen' from project 'Pods')
    cd /Users/momtajhusen/Desktop/UnderOneRoof/ios/Pods
    
    Using response file: /Users/momtajhusen/Library/Developer/Xcode/DerivedData/UnderOneRoof-bvjuhnhcwjrvzafftvptbetbcgcq/Build/Intermediates.noindex/Pods.build/Debug-iphonesimulator/ReactCodegen.build/Objects-normal/arm64/82b82416624d2658e5098eb0a28c15c5-common-args.resp
    
    /Applications/Xcode.app/Contents/Developer/Toolchains/XcodeDefault.xctoolchain/usr/bin/clang -x c++ -ivfsstatcache /Users/momtajhusen/Library/Developer/Xcode/DerivedData/SDKStatCaches.noindex/iphonesimulator18.5-22F76-d5fc8ad4295d2ef488fb7d0f804ce0c4.sdkstatcache -fmessage-length\=0 -fdiagnostics-show-note-include-stack -fmacro-backtrace-limit\=0 -fno-color-diagnostics -fmodules-prune-interval\=86400 -fmodules-prune-after\=345600 -fbuild-session-file\=/Users/momtajhusen/Library/Developer/Xcode/DerivedData/ModuleCache.noindex/Session.modulevalidation -fmodules-validate-once-per-build-session -Wnon-modular-include-in-framework-module -Werror\=non-modular-include-in-framework-module -Wno-trigraphs -Wno-missing-field-initializers -Wno-missing-prototypes -Werror\=return-type -Wdocumentation -Wunreachable-code -Werror\=deprecated-objc-isa-usage -Werror\=objc-root-class -Wno-non-virtual-dtor -Wno-overloaded-virtual -Wno-exit-time-destructors -Wno-missing-braces -Wparentheses -Wswitch -Wunused-function -Wno-unused-label -Wno-unused-parameter -Wunused-variable -Wunused-value -Wempty-body -Wuninitialized -Wconditional-uninitialized -Wno-unknown-pragmas -Wno-shadow -Wno-four-char-constants -Wno-conversion -Wconstant-conversion -Wint-conversion -Wbool-conversion -Wenum-conversion -Wno-float-conversion -Wnon-literal-null-conversion -Wobjc-literal-conversion -Wshorten-64-to-32 -Wno-newline-eof -Wno-c++11-extensions -Wno-implicit-fallthrough -fstrict-aliasing -Wdeprecated-declarations -Winvalid-offsetof -Wno-sign-conversion -Winfinite-recursion -Wmove -Wcomma -Wblock-capture-autoreleasing -Wstrict-prototypes -Wrange-loop-analysis -Wno-semicolon-before-method-body -Wunguarded-availability -index-store-path /Users/momtajhusen/Library/Developer/Xcode/DerivedData/UnderOneRoof-bvjuhnhcwjrvzafftvptbetbcgcq/Index.noindex/DataStore @/Users/momtajhusen/Library/Developer/Xcode/DerivedData/UnderOneRoof-bvjuhnhcwjrvzafftvptbetbcgcq/Build/Intermediates.noindex/Pods.build/Debug-iphonesimulator/ReactCodegen.build/Objects-normal/arm64/82b82416624d2658e5098eb0a28c15c5-common-args.resp -DFOLLY_NO_CONFIG -DFOLLY_MOBILE\=1 -DFOLLY_USE_LIBCPP\=1 -DFOLLY_CFG_NO_COROUTINES\=1 -DFOLLY_HAVE_CLOCK_GETTIME\=1 -Wno-comma -Wno-shorten-64-to-32 -Wno-documentation -Wno-nullability-completeness -std\=c++20 -include /Users/momtajhusen/Desktop/UnderOneRoof/ios/Pods/Target\ Support\ Files/ReactCodegen/ReactCodegen-prefix.pch -MMD -MT dependencies -MF /Users/momtajhusen/Library/Developer/Xcode/DerivedData/UnderOneRoof-bvjuhnhcwjrvzafftvptbetbcgcq/Build/Intermediates.noindex/Pods.build/Debug-iphonesimulator/ReactCodegen.build/Objects-normal/arm64/ShadowNodes-c694915d05b1f53f7c3ddbf5ba0b80cd.d --serialize-diagnostics /Users/momtajhusen/Library/Developer/Xcode/DerivedData/UnderOneRoof-bvjuhnhcwjrvzafftvptbetbcgcq/Build/Intermediates.noindex/Pods.build/Debug-iphonesimulator/ReactCodegen.build/Objects-normal/arm64/ShadowNodes-c694915d05b1f53f7c3ddbf5ba0b80cd.dia -c /Users/momtajhusen/Desktop/UnderOneRoof/ios/build/generated/ios/react/renderer/components/safeareacontext/ShadowNodes.cpp -o /Users/momtajhusen/Library/Developer/Xcode/DerivedData/UnderOneRoof-bvjuhnhcwjrvzafftvptbetbcgcq/Build/Intermediates.noindex/Pods.build/Debug-iphonesimulator/ReactCodegen.build/Objects-normal/arm64/ShadowNodes-c694915d05b1f53f7c3ddbf5ba0b80cd.o -index-unit-output-path /Pods.build/Debug-iphonesimulator/ReactCodegen.build/Objects-normal/arm64/ShadowNodes-c694915d05b1f53f7c3ddbf5ba0b80cd.o

debug 

debug CompileC /Users/momtajhusen/Library/Developer/Xcode/DerivedData/UnderOneRoof-bvjuhnhcwjrvzafftvptbetbcgcq/Build/Intermediates.noindex/Pods.build/Debug-iphonesimulator/ReactCodegen.build/Objects-normal/arm64/ShadowNodes-c47242379dbcc032421883742c32255f.o /Users/momtajhusen/Desktop/UnderOneRoof/ios/build/generated/ios/react/renderer/components/RNCWebViewSpec/ShadowNodes.cpp normal arm64 c++ com.apple.compilers.llvm.clang.1_0.compiler (in target 'ReactCodegen' from project 'Pods')
    cd /Users/momtajhusen/Desktop/UnderOneRoof/ios/Pods
    
    Using response file: /Users/momtajhusen/Library/Developer/Xcode/DerivedData/UnderOneRoof-bvjuhnhcwjrvzafftvptbetbcgcq/Build/Intermediates.noindex/Pods.build/Debug-iphonesimulator/ReactCodegen.build/Objects-normal/arm64/82b82416624d2658e5098eb0a28c15c5-common-args.resp
    
    /Applications/Xcode.app/Contents/Developer/Toolchains/XcodeDefault.xctoolchain/usr/bin/clang -x c++ -ivfsstatcache /Users/momtajhusen/Library/Developer/Xcode/DerivedData/SDKStatCaches.noindex/iphonesimulator18.5-22F76-d5fc8ad4295d2ef488fb7d0f804ce0c4.sdkstatcache -fmessage-length\=0 -fdiagnostics-show-note-include-stack -fmacro-backtrace-limit\=0 -fno-color-diagnostics -fmodules-prune-interval\=86400 -fmodules-prune-after\=345600 -fbuild-session-file\=/Users/momtajhusen/Library/Developer/Xcode/DerivedData/ModuleCache.noindex/Session.modulevalidation -fmodules-validate-once-per-build-session -Wnon-modular-include-in-framework-module -Werror\=non-modular-include-in-framework-module -Wno-trigraphs -Wno-missing-field-initializers -Wno-missing-prototypes -Werror\=return-type -Wdocumentation -Wunreachable-code -Werror\=deprecated-objc-isa-usage -Werror\=objc-root-class -Wno-non-virtual-dtor -Wno-overloaded-virtual -Wno-exit-time-destructors -Wno-missing-braces -Wparentheses -Wswitch -Wunused-function -Wno-unused-label -Wno-unused-parameter -Wunused-variable -Wunused-value -Wempty-body -Wuninitialized -Wconditional-uninitialized -Wno-unknown-pragmas -Wno-shadow -Wno-four-char-constants -Wno-conversion -Wconstant-conversion -Wint-conversion -Wbool-conversion -Wenum-conversion -Wno-float-conversion -Wnon-literal-null-conversion -Wobjc-literal-conversion -Wshorten-64-to-32 -Wno-newline-eof -Wno-c++11-extensions -Wno-implicit-fallthrough -fstrict-aliasing -Wdeprecated-declarations -Winvalid-offsetof -Wno-sign-conversion -Winfinite-recursion -Wmove -Wcomma -Wblock-capture-autoreleasing -Wstrict-prototypes -Wrange-loop-analysis -Wno-semicolon-before-method-body -Wunguarded-availability -index-store-path /Users/momtajhusen/Library/Developer/Xcode/DerivedData/UnderOneRoof-bvjuhnhcwjrvzafftvptbetbcgcq/Index.noindex/DataStore @/Users/momtajhusen/Library/Developer/Xcode/DerivedData/UnderOneRoof-bvjuhnhcwjrvzafftvptbetbcgcq/Build/Intermediates.noindex/Pods.build/Debug-iphonesimulator/ReactCodegen.build/Objects-normal/arm64/82b82416624d2658e5098eb0a28c15c5-common-args.resp -DFOLLY_NO_CONFIG -DFOLLY_MOBILE\=1 -DFOLLY_USE_LIBCPP\=1 -DFOLLY_CFG_NO_COROUTINES\=1 -DFOLLY_HAVE_CLOCK_GETTIME\=1 -Wno-comma -Wno-shorten-64-to-32 -Wno-documentation -Wno-nullability-completeness -std\=c++20 -include /Users/momtajhusen/Desktop/UnderOneRoof/ios/Pods/Target\ Support\ Files/ReactCodegen/ReactCodegen-prefix.pch -MMD -MT dependencies -MF /Users/momtajhusen/Library/Developer/Xcode/DerivedData/UnderOneRoof-bvjuhnhcwjrvzafftvptbetbcgcq/Build/Intermediates.noindex/Pods.build/Debug-iphonesimulator/ReactCodegen.build/Objects-normal/arm64/ShadowNodes-c47242379dbcc032421883742c32255f.d --serialize-diagnostics /Users/momtajhusen/Library/Developer/Xcode/DerivedData/UnderOneRoof-bvjuhnhcwjrvzafftvptbetbcgcq/Build/Intermediates.noindex/Pods.build/Debug-iphonesimulator/ReactCodegen.build/Objects-normal/arm64/ShadowNodes-c47242379dbcc032421883742c32255f.dia -c /Users/momtajhusen/Desktop/UnderOneRoof/ios/build/generated/ios/react/renderer/components/RNCWebViewSpec/ShadowNodes.cpp -o /Users/momtajhusen/Library/Developer/Xcode/DerivedData/UnderOneRoof-bvjuhnhcwjrvzafftvptbetbcgcq/Build/Intermediates.noindex/Pods.build/Debug-iphonesimulator/ReactCodegen.build/Objects-normal/arm64/ShadowNodes-c47242379dbcc032421883742c32255f.o -index-unit-output-path /Pods.build/Debug-iphonesimulator/ReactCodegen.build/Objects-normal/arm64/ShadowNodes-c47242379dbcc032421883742c32255f.o

debug 
CompileC /Users/momtajhusen/Library/Developer/Xcode/DerivedData/UnderOneRoof-bvjuhnhcwjrvzafftvptbetbcgcq/Build/Intermediates.noindex/Pods.build/Debug-iphonesimulator/ReactCodegen.build/Objects-normal/arm64/ShadowNodes-b1ce20e5d8a38b982892699792536d81.o /Users/momtajhusen/Desktop/UnderOneRoof/ios/build/generated/ios/react/renderer/components/RNDateTimePickerCGen/ShadowNodes.cpp normal arm64 c++ com.apple.compilers.llvm.clang.1_0.compiler (in target 'ReactCodegen' from project 'Pods')
    cd /Users/momtajhusen/Desktop/UnderOneRoof/ios/Pods
    
    Using response file: /Users/momtajhusen/Library/Developer/Xcode/DerivedData/UnderOneRoof-bvjuhnhcwjrvzafftvptbetbcgcq/Build/Intermediates.noindex/Pods.build/Debug-iphonesimulator/ReactCodegen.build/Objects-normal/arm64/82b82416624d2658e5098eb0a28c15c5-common-args.resp
    
    /Applications/Xcode.app/Contents/Developer/Toolchains/XcodeDefault.xctoolchain/usr/bin/clang -x c++ -ivfsstatcache /Users/momtajhusen/Library/Developer/Xcode/DerivedData/SDKStatCaches.noindex/iphonesimulator18.5-22F76-d5fc8ad4295d2ef488fb7d0f804ce0c4.sdkstatcache -fmessage-length\=0 -fdiagnostics-show-note-include-stack -fmacro-backtrace-limit\=0 -fno-color-diagnostics -fmodules-prune-interval\=86400 -fmodules-prune-after\=345600 -fbuild-session-file\=/Users/momtajhusen/Library/Developer/Xcode/DerivedData/ModuleCache.noindex/Session.modulevalidation -fmodules-validate-once-per-build-session -Wnon-modular-include-in-framework-module -Werror\=non-modular-include-in-framework-module -Wno-trigraphs -Wno-missing-field-initializers -Wno-missing-prototypes -Werror\=return-type -Wdocumentation -Wunreachable-code -Werror\=deprecated-objc-isa-usage -Werror\=objc-root-class -Wno-non-virtual-dtor -Wno-overloaded-virtual -Wno-exit-time-destructors -Wno-missing-braces -Wparentheses -Wswitch -Wunused-function -Wno-unused-label -Wno-unused-parameter -Wunused-variable -Wunused-value -Wempty-body -Wuninitialized -Wconditional-uninitialized -Wno-unknown-pragmas -Wno-shadow -Wno-four-char-constants -Wno-conversion -Wconstant-conversion -Wint-conversion -Wbool-conversion -Wenum-conversion -Wno-float-conversion -Wnon-literal-null-conversion -Wobjc-literal-conversion -Wshorten-64-to-32 -Wno-newline-eof -Wno-c++11-extensions -Wno-implicit-fallthrough -fstrict-aliasing -Wdeprecated-declarations -Winvalid-offsetof -Wno-sign-conversion -Winfinite-recursion -Wmove -Wcomma -Wblock-capture-autoreleasing -Wstrict-prototypes -Wrange-loop-analysis -Wno-semicolon-before-method-body -Wunguarded-availability -index-store-path /Users/momtajhusen/Library/Developer/Xcode/DerivedData/UnderOneRoof-bvjuhnhcwjrvzafftvptbetbcgcq/Index.noindex/DataStore @/Users/momtajhusen/Library/Developer/Xcode/DerivedData/UnderOneRoof-bvjuhnhcwjrvzafftvptbetbcgcq/Build/Intermediates.noindex/Pods.build/Debug-iphonesimulator/ReactCodegen.build/Objects-normal/arm64/82b82416624d2658e5098eb0a28c15c5-common-args.resp -DFOLLY_NO_CONFIG -DFOLLY_MOBILE\=1 -DFOLLY_USE_LIBCPP\=1 -DFOLLY_CFG_NO_COROUTINES\=1 -DFOLLY_HAVE_CLOCK_GETTIME\=1 -Wno-comma -Wno-shorten-64-to-32 -Wno-documentation -Wno-nullability-completeness -std\=c++20 -include /Users/momtajhusen/Desktop/UnderOneRoof/ios/Pods/Target\ Support\ Files/ReactCodegen/ReactCodegen-prefix.pch -MMD -MT dependencies -MF /Users/momtajhusen/Library/Developer/Xcode/DerivedData/UnderOneRoof-bvjuhnhcwjrvzafftvptbetbcgcq/Build/Intermediates.noindex/Pods.build/Debug-iphonesimulator/ReactCodegen.build/Objects-normal/arm64/ShadowNodes-b1ce20e5d8a38b982892699792536d81.d --serialize-diagnostics /Users/momtajhusen/Library/Developer/Xcode/DerivedData/UnderOneRoof-bvjuhnhcwjrvzafftvptbetbcgcq/Build/Intermediates.noindex/Pods.build/Debug-iphonesimulator/ReactCodegen.build/Objects-normal/arm64/ShadowNodes-b1ce20e5d8a38b982892699792536d81.dia -c /Users/momtajhusen/Desktop/UnderOneRoof/ios/build/generated/ios/react/renderer/components/RNDateTimePickerCGen/ShadowNodes.cpp -o /Users/momtajhusen/Library/Developer/Xcode/DerivedData/UnderOneRoof-bvjuhnhcwjrvzafftvptbetbcgcq/Build/Intermediates.noindex/Pods.build/Debug-iphonesimulator/ReactCodegen.build/Objects-normal/arm64/ShadowNodes-b1ce20e5d8a38b982892699792536d81.o -index-unit-output-path /Pods.build/Debug-iphonesimulator/ReactCodegen.build/Objects-normal/arm64/ShadowNodes-b1ce20e5d8a38b982892699792536d81.o

debug 

debug CompileC /Users/momtajhusen/Library/Developer/Xcode/DerivedData/UnderOneRoof-bvjuhnhcwjrvzafftvptbetbcgcq/Build/Intermediates.noindex/Pods.build/Debug-iphonesimulator/ReactCodegen.build/Objects-normal/arm64/ShadowNodes-7b422747a4256979d9e8c5e9c39add24.o /Users/momtajhusen/Desktop/UnderOneRoof/ios/build/generated/ios/react/renderer/components/rngesturehandler_codegen/ShadowNodes.cpp normal arm64 c++ com.apple.compilers.llvm.clang.1_0.compiler (in target 'ReactCodegen' from project 'Pods')
    cd /Users/momtajhusen/Desktop/UnderOneRoof/ios/Pods
    
    Using response file: /Users/momtajhusen/Library/Developer/Xcode/DerivedData/UnderOneRoof-bvjuhnhcwjrvzafftvptbetbcgcq/Build/Intermediates.noindex/Pods.build/Debug-iphonesimulator/ReactCodegen.build/Objects-normal/arm64/82b82416624d2658e5098eb0a28c15c5-common-args.resp
    
    /Applications/Xcode.app/Contents/Developer/Toolchains/XcodeDefault.xctoolchain/usr/bin/clang -x c++ -ivfsstatcache /Users/momtajhusen/Library/Developer/Xcode/DerivedData/SDKStatCaches.noindex/iphonesimulator18.5-22F76-d5fc8ad4295d2ef488fb7d0f804ce0c4.sdkstatcache -fmessage-length\=0 -fdiagnostics-show-note-include-stack -fmacro-backtrace-limit\=0 -fno-color-diagnostics -fmodules-prune-interval\=86400 -fmodules-prune-after\=345600 -fbuild-session-file\=/Users/momtajhusen/Library/Developer/Xcode/DerivedData/ModuleCache.noindex/Session.modulevalidation -fmodules-validate-once-per-build-session -Wnon-modular-include-in-framework-module -Werror\=non-modular-include-in-framework-module -Wno-trigraphs -Wno-missing-field-initializers -Wno-missing-prototypes -Werror\=return-type -Wdocumentation -Wunreachable-code -Werror\=deprecated-objc-isa-usage -Werror\=objc-root-class -Wno-non-virtual-dtor -Wno-overloaded-virtual -Wno-exit-time-destructors -Wno-missing-braces -Wparentheses -Wswitch -Wunused-function -Wno-unused-label -Wno-unused-parameter -Wunused-variable -Wunused-value -Wempty-body -Wuninitialized -Wconditional-uninitialized -Wno-unknown-pragmas -Wno-shadow -Wno-four-char-constants -Wno-conversion -Wconstant-conversion -Wint-conversion -Wbool-conversion -Wenum-conversion -Wno-float-conversion -Wnon-literal-null-conversion -Wobjc-literal-conversion -Wshorten-64-to-32 -Wno-newline-eof -Wno-c++11-extensions -Wno-implicit-fallthrough -fstrict-aliasing -Wdeprecated-declarations -Winvalid-offsetof -Wno-sign-conversion -Winfinite-recursion -Wmove -Wcomma -Wblock-capture-autoreleasing -Wstrict-prototypes -Wrange-loop-analysis -Wno-semicolon-before-method-body -Wunguarded-availability -index-store-path /Users/momtajhusen/Library/Developer/Xcode/DerivedData/UnderOneRoof-bvjuhnhcwjrvzafftvptbetbcgcq/Index.noindex/DataStore @/Users/momtajhusen/Library/Developer/Xcode/DerivedData/UnderOneRoof-bvjuhnhcwjrvzafftvptbetbcgcq/Build/Intermediates.noindex/Pods.build/Debug-iphonesimulator/ReactCodegen.build/Objects-normal/arm64/82b82416624d2658e5098eb0a28c15c5-common-args.resp -DFOLLY_NO_CONFIG -DFOLLY_MOBILE\=1 -DFOLLY_USE_LIBCPP\=1 -DFOLLY_CFG_NO_COROUTINES\=1 -DFOLLY_HAVE_CLOCK_GETTIME\=1 -Wno-comma -Wno-shorten-64-to-32 -Wno-documentation -Wno-nullability-completeness -std\=c++20 -include /Users/momtajhusen/Desktop/UnderOneRoof/ios/Pods/Target\ Support\ Files/ReactCodegen/ReactCodegen-prefix.pch -MMD -MT dependencies -MF /Users/momtajhusen/Library/Developer/Xcode/DerivedData/UnderOneRoof-bvjuhnhcwjrvzafftvptbetbcgcq/Build/Intermediates.noindex/Pods.build/Debug-iphonesimulator/ReactCodegen.build/Objects-normal/arm64/ShadowNodes-7b422747a4256979d9e8c5e9c39add24.d --serialize-diagnostics /Users/momtajhusen/Library/Developer/Xcode/DerivedData/UnderOneRoof-bvjuhnhcwjrvzafftvptbetbcgcq/Build/Intermediates.noindex/Pods.build/Debug-iphonesimulator/ReactCodegen.build/Objects-normal/arm64/ShadowNodes-7b422747a4256979d9e8c5e9c39add24.dia -c /Users/momtajhusen/Desktop/UnderOneRoof/ios/build/generated/ios/react/renderer/components/rngesturehandler_codegen/ShadowNodes.cpp -o /Users/momtajhusen/Library/Developer/Xcode/DerivedData/UnderOneRoof-bvjuhnhcwjrvzafftvptbetbcgcq/Build/Intermediates.noindex/Pods.build/Debug-iphonesimulator/ReactCodegen.build/Objects-normal/arm64/ShadowNodes-7b422747a4256979d9e8c5e9c39add24.o -index-unit-output-path /Pods.build/Debug-iphonesimulator/ReactCodegen.build/Objects-normal/arm64/ShadowNodes-7b422747a4256979d9e8c5e9c39add24.o

debug 

debug CompileC /Users/momtajhusen/Library/Developer/Xcode/DerivedData/UnderOneRoof-bvjuhnhcwjrvzafftvptbetbcgcq/Build/Intermediates.noindex/Pods.build/Debug-iphonesimulator/ReactCodegen.build/Objects-normal/arm64/ShadowNodes-6c10d8a6097a29d3bf463e23856d1650.o /Users/momtajhusen/Desktop/UnderOneRoof/ios/build/generated/ios/react/renderer/components/rnscreens/ShadowNodes.cpp normal arm64 c++ com.apple.compilers.llvm.clang.1_0.compiler (in target 'ReactCodegen' from project 'Pods')
    cd /Users/momtajhusen/Desktop/UnderOneRoof/ios/Pods
    
    Using response file: /Users/momtajhusen/Library/Developer/Xcode/DerivedData/UnderOneRoof-bvjuhnhcwjrvzafftvptbetbcgcq/Build/Intermediates.noindex/Pods.build/Debug-iphonesimulator/ReactCodegen.build/Objects-normal/arm64/82b82416624d2658e5098eb0a28c15c5-common-args.resp
    
    /Applications/Xcode.app/Contents/Developer/Toolchains/XcodeDefault.xctoolchain/usr/bin/clang -x c++ -ivfsstatcache /Users/momtajhusen/Library/Developer/Xcode/DerivedData/SDKStatCaches.noindex/iphonesimulator18.5-22F76-d5fc8ad4295d2ef488fb7d0f804ce0c4.sdkstatcache -fmessage-length\=0 -fdiagnostics-show-note-include-stack -fmacro-backtrace-limit\=0 -fno-color-diagnostics -fmodules-prune-interval\=86400 -fmodules-prune-after\=345600 -fbuild-session-file\=/Users/momtajhusen/Library/Developer/Xcode/DerivedData/ModuleCache.noindex/Session.modulevalidation -fmodules-validate-once-per-build-session -Wnon-modular-include-in-framework-module -Werror\=non-modular-include-in-framework-module -Wno-trigraphs -Wno-missing-field-initializers -Wno-missing-prototypes -Werror\=return-type -Wdocumentation -Wunreachable-code -Werror\=deprecated-objc-isa-usage -Werror\=objc-root-class -Wno-non-virtual-dtor -Wno-overloaded-virtual -Wno-exit-time-destructors -Wno-missing-braces -Wparentheses -Wswitch -Wunused-function -Wno-unused-label -Wno-unused-parameter -Wunused-variable -Wunused-value -Wempty-body -Wuninitialized -Wconditional-uninitialized -Wno-unknown-pragmas -Wno-shadow -Wno-four-char-constants -Wno-conversion -Wconstant-conversion -Wint-conversion -Wbool-conversion -Wenum-conversion -Wno-float-conversion -Wnon-literal-null-conversion -Wobjc-literal-conversion -Wshorten-64-to-32 -Wno-newline-eof -Wno-c++11-extensions -Wno-implicit-fallthrough -fstrict-aliasing -Wdeprecated-declarations -Winvalid-offsetof -Wno-sign-conversion -Winfinite-recursion -Wmove -Wcomma -Wblock-capture-autoreleasing -Wstrict-prototypes -Wrange-loop-analysis -Wno-semicolon-before-method-body -Wunguarded-availability -index-store-path /Users/momtajhusen/Library/Developer/Xcode/DerivedData/UnderOneRoof-bvjuhnhcwjrvzafftvptbetbcgcq/Index.noindex/DataStore @/Users/momtajhusen/Library/Developer/Xcode/DerivedData/UnderOneRoof-bvjuhnhcwjrvzafftvptbetbcgcq/Build/Intermediates.noindex/Pods.build/Debug-iphonesimulator/ReactCodegen.build/Objects-normal/arm64/82b82416624d2658e5098eb0a28c15c5-common-args.resp -DFOLLY_NO_CONFIG -DFOLLY_MOBILE\=1 -DFOLLY_USE_LIBCPP\=1 -DFOLLY_CFG_NO_COROUTINES\=1 -DFOLLY_HAVE_CLOCK_GETTIME\=1 -Wno-comma -Wno-shorten-64-to-32 -Wno-documentation -Wno-nullability-completeness -std\=c++20 -include /Users/momtajhusen/Desktop/UnderOneRoof/ios/Pods/Target\ Support\ Files/ReactCodegen/ReactCodegen-prefix.pch -MMD -MT dependencies -MF /Users/momtajhusen/Library/Developer/Xcode/DerivedData/UnderOneRoof-bvjuhnhcwjrvzafftvptbetbcgcq/Build/Intermediates.noindex/Pods.build/Debug-iphonesimulator/ReactCodegen.build/Objects-normal/arm64/ShadowNodes-6c10d8a6097a29d3bf463e23856d1650.d --serialize-diagnostics /Users/momtajhusen/Library/Developer/Xcode/DerivedData/UnderOneRoof-bvjuhnhcwjrvzafftvptbetbcgcq/Build/Intermediates.noindex/Pods.build/Debug-iphonesimulator/ReactCodegen.build/Objects-normal/arm64/ShadowNodes-6c10d8a6097a29d3bf463e23856d1650.dia -c /Users/momtajhusen/Desktop/UnderOneRoof/ios/build/generated/ios/react/renderer/components/rnscreens/ShadowNodes.cpp -o /Users/momtajhusen/Library/Developer/Xcode/DerivedData/UnderOneRoof-bvjuhnhcwjrvzafftvptbetbcgcq/Build/Intermediates.noindex/Pods.build/Debug-iphonesimulator/ReactCodegen.build/Objects-normal/arm64/ShadowNodes-6c10d8a6097a29d3bf463e23856d1650.o -index-unit-output-path /Pods.build/Debug-iphonesimulator/ReactCodegen.build/Objects-normal/arm64/ShadowNodes-6c10d8a6097a29d3bf463e23856d1650.o

debug 

debug CompileC /Users/momtajhusen/Library/Developer/Xcode/DerivedData/UnderOneRoof-bvjuhnhcwjrvzafftvptbetbcgcq/Build/Intermediates.noindex/Pods.build/Debug-iphonesimulator/ReactCodegen.build/Objects-normal/arm64/ShadowNodes-1c2c6fc84af54df3d4750a507833462f.o /Users/momtajhusen/Desktop/UnderOneRoof/ios/build/generated/ios/react/renderer/components/rnpdf/ShadowNodes.cpp normal arm64 c++ com.apple.compilers.llvm.clang.1_0.compiler (in target 'ReactCodegen' from project 'Pods')
    cd /Users/momtajhusen/Desktop/UnderOneRoof/ios/Pods
    
    Using response file: /Users/momtajhusen/Library/Developer/Xcode/DerivedData/UnderOneRoof-bvjuhnhcwjrvzafftvptbetbcgcq/Build/Intermediates.noindex/Pods.build/Debug-iphonesimulator/ReactCodegen.build/Objects-normal/arm64/82b82416624d2658e5098eb0a28c15c5-common-args.resp
    
    /Applications/Xcode.app/Contents/Developer/Toolchains/XcodeDefault.xctoolchain/usr/bin/clang -x c++ -ivfsstatcache /Users/momtajhusen/Library/Developer/Xcode/DerivedData/SDKStatCaches.noindex/iphonesimulator18.5-22F76-d5fc8ad4295d2ef488fb7d0f804ce0c4.sdkstatcache -fmessage-length\=0 -fdiagnostics-show-note-include-stack -fmacro-backtrace-limit\=0 -fno-color-diagnostics -fmodules-prune-interval\=86400 -fmodules-prune-after\=345600 -fbuild-session-file\=/Users/momtajhusen/Library/Developer/Xcode/DerivedData/ModuleCache.noindex/Session.modulevalidation -fmodules-validate-once-per-build-session -Wnon-modular-include-in-framework-module -Werror\=non-modular-include-in-framework-module -Wno-trigraphs -Wno-missing-field-initializers -Wno-missing-prototypes -Werror\=return-type -Wdocumentation -Wunreachable-code -Werror\=deprecated-objc-isa-usage -Werror\=objc-root-class -Wno-non-virtual-dtor -Wno-overloaded-virtual -Wno-exit-time-destructors -Wno-missing-braces -Wparentheses -Wswitch -Wunused-function -Wno-unused-label -Wno-unused-parameter -Wunused-variable -Wunused-value -Wempty-body -Wuninitialized -Wconditional-uninitialized -Wno-unknown-pragmas -Wno-shadow -Wno-four-char-constants -Wno-conversion -Wconstant-conversion -Wint-conversion -Wbool-conversion -Wenum-conversion -Wno-float-conversion -Wnon-literal-null-conversion -Wobjc-literal-conversion -Wshorten-64-to-32 -Wno-newline-eof -Wno-c++11-extensions -Wno-implicit-fallthrough -fstrict-aliasing -Wdeprecated-declarations -Winvalid-offsetof -Wno-sign-conversion -Winfinite-recursion -Wmove -Wcomma -Wblock-capture-autoreleasing -Wstrict-prototypes -Wrange-loop-analysis -Wno-semicolon-before-method-body -Wunguarded-availability -index-store-path /Users/momtajhusen/Library/Developer/Xcode/DerivedData/UnderOneRoof-bvjuhnhcwjrvzafftvptbetbcgcq/Index.noindex/DataStore @/Users/momtajhusen/Library/Developer/Xcode/DerivedData/UnderOneRoof-bvjuhnhcwjrvzafftvptbetbcgcq/Build/Intermediates.noindex/Pods.build/Debug-iphonesimulator/ReactCodegen.build/Objects-normal/arm64/82b82416624d2658e5098eb0a28c15c5-common-args.resp -DFOLLY_NO_CONFIG -DFOLLY_MOBILE\=1 -DFOLLY_USE_LIBCPP\=1 -DFOLLY_CFG_NO_COROUTINES\=1 -DFOLLY_HAVE_CLOCK_GETTIME\=1 -Wno-comma -Wno-shorten-64-to-32 -Wno-documentation -Wno-nullability-completeness -std\=c++20 -include /Users/momtajhusen/Desktop/UnderOneRoof/ios/Pods/Target\ Support\ Files/ReactCodegen/ReactCodegen-prefix.pch -MMD -MT dependencies -MF /Users/momtajhusen/Library/Developer/Xcode/DerivedData/UnderOneRoof-bvjuhnhcwjrvzafftvptbetbcgcq/Build/Intermediates.noindex/Pods.build/Debug-iphonesimulator/ReactCodegen.build/Objects-normal/arm64/ShadowNodes-1c2c6fc84af54df3d4750a507833462f.d --serialize-diagnostics /Users/momtajhusen/Library/Developer/Xcode/DerivedData/UnderOneRoof-bvjuhnhcwjrvzafftvptbetbcgcq/Build/Intermediates.noindex/Pods.build/Debug-iphonesimulator/ReactCodegen.build/Objects-normal/arm64/ShadowNodes-1c2c6fc84af54df3d4750a507833462f.dia -c /Users/momtajhusen/Desktop/UnderOneRoof/ios/build/generated/ios/react/renderer/components/rnpdf/ShadowNodes.cpp -o /Users/momtajhusen/Library/Developer/Xcode/DerivedData/UnderOneRoof-bvjuhnhcwjrvzafftvptbetbcgcq/Build/Intermediates.noindex/Pods.build/Debug-iphonesimulator/ReactCodegen.build/Objects-normal/arm64/ShadowNodes-1c2c6fc84af54df3d4750a507833462f.o -index-unit-output-path /Pods.build/Debug-iphonesimulator/ReactCodegen.build/Objects-normal/arm64/ShadowNodes-1c2c6fc84af54df3d4750a507833462f.o

CompileC /Users/momtajhusen/Library/Developer/Xcode/DerivedData/UnderOneRoof-bvjuhnhcwjrvzafftvptbetbcgcq/Build/Intermediates.noindex/Pods.build/Debug-iphonesimulator/ReactCodegen.build/Objects-normal/arm64/ShadowNodes-076ab14556a583784c28339e00450563.o /Users/momtajhusen/Desktop/UnderOneRoof/ios/build/generated/ios/react/renderer/components/rnpicker/ShadowNodes.cpp normal arm64 c++ com.apple.compilers.llvm.clang.1_0.compiler (in target 'ReactCodegen' from project 'Pods')
    cd /Users/momtajhusen/Desktop/UnderOneRoof/ios/Pods
    
    Using response file: /Users/momtajhusen/Library/Developer/Xcode/DerivedData/UnderOneRoof-bvjuhnhcwjrvzafftvptbetbcgcq/Build/Intermediates.noindex/Pods.build/Debug-iphonesimulator/ReactCodegen.build/Objects-normal/arm64/82b82416624d2658e5098eb0a28c15c5-common-args.resp
    
    /Applications/Xcode.app/Contents/Developer/Toolchains/XcodeDefault.xctoolchain/usr/bin/clang -x c++ -ivfsstatcache /Users/momtajhusen/Library/Developer/Xcode/DerivedData/SDKStatCaches.noindex/iphonesimulator18.5-22F76-d5fc8ad4295d2ef488fb7d0f804ce0c4.sdkstatcache -fmessage-length\=0 -fdiagnostics-show-note-include-stack -fmacro-backtrace-limit\=0 -fno-color-diagnostics -fmodules-prune-interval\=86400 -fmodules-prune-after\=345600 -fbuild-session-file\=/Users/momtajhusen/Library/Developer/Xcode/DerivedData/ModuleCache.noindex/Session.modulevalidation -fmodules-validate-once-per-build-session -Wnon-modular-include-in-framework-module -Werror\=non-modular-include-in-framework-module -Wno-trigraphs -Wno-missing-field-initializers -Wno-missing-prototypes -Werror\=return-type -Wdocumentation -Wunreachable-code -Werror\=deprecated-objc-isa-usage -Werror\=objc-root-class -Wno-non-virtual-dtor -Wno-overloaded-virtual -Wno-exit-time-destructors -Wno-missing-braces -Wparentheses -Wswitch -Wunused-function -Wno-unused-label -Wno-unused-parameter -Wunused-variable -Wunused-value -Wempty-body -Wuninitialized -Wconditional-uninitialized -Wno-unknown-pragmas -Wno-shadow -Wno-four-char-constants -Wno-conversion -Wconstant-conversion -Wint-conversion -Wbool-conversion -Wenum-conversion -Wno-float-conversion -Wnon-literal-null-conversion -Wobjc-literal-conversion -Wshorten-64-to-32 -Wno-newline-eof -Wno-c++11-extensions -Wno-implicit-fallthrough -fstrict-aliasing -Wdeprecated-declarations -Winvalid-offsetof -Wno-sign-conversion -Winfinite-recursion -Wmove -Wcomma -Wblock-capture-autoreleasing -Wstrict-prototypes -Wrange-loop-analysis -Wno-semicolon-before-method-body -Wunguarded-availability -index-store-path /Users/momtajhusen/Library/Developer/Xcode/DerivedData/UnderOneRoof-bvjuhnhcwjrvzafftvptbetbcgcq/Index.noindex/DataStore @/Users/momtajhusen/Library/Developer/Xcode/DerivedData/UnderOneRoof-bvjuhnhcwjrvzafftvptbetbcgcq/Build/Intermediates.noindex/Pods.build/Debug-iphonesimulator/ReactCodegen.build/Objects-normal/arm64/82b82416624d2658e5098eb0a28c15c5-common-args.resp -DFOLLY_NO_CONFIG -DFOLLY_MOBILE\=1 -DFOLLY_USE_LIBCPP\=1 -DFOLLY_CFG_NO_COROUTINES\=1 -DFOLLY_HAVE_CLOCK_GETTIME\=1 -Wno-comma -Wno-shorten-64-to-32 -Wno-documentation -Wno-nullability-completeness -std\=c++20 -include /Users/momtajhusen/Desktop/UnderOneRoof/ios/Pods/Target\ Support\ Files/ReactCodegen/ReactCodegen-prefix.pch -MMD -MT dependencies -MF /Users/momtajhusen/Library/Developer/Xcode/DerivedData/UnderOneRoof-bvjuhnhcwjrvzafftvptbetbcgcq/Build/Intermediates.noindex/Pods.build/Debug-iphonesimulator/ReactCodegen.build/Objects-normal/arm64/ShadowNodes-076ab14556a583784c28339e00450563.d --serialize-diagnostics /Users/momtajhusen/Library/Developer/Xcode/DerivedData/UnderOneRoof-bvjuhnhcwjrvzafftvptbetbcgcq/Build/Intermediates.noindex/Pods.build/Debug-iphonesimulator/ReactCodegen.build/Objects-normal/arm64/ShadowNodes-076ab14556a583784c28339e00450563.dia -c /Users/momtajhusen/Desktop/UnderOneRoof/ios/build/generated/ios/react/renderer/components/rnpicker/ShadowNodes.cpp -o /Us
debug ers/momtajhusen/Library/Developer/Xcode/DerivedData/UnderOneRoof-bvjuhnhcwjrvzafftvptbetbcgcq/Build/Intermediates.noindex/Pods.build/Debug-iphonesimulator/ReactCodegen.build/Objects-normal/arm64/ShadowNodes-076ab14556a583784c28339e00450563.o -index-unit-output-path /Pods.build/Debug-iphonesimulator/ReactCodegen.build/Objects-normal/arm64/ShadowNodes-076ab14556a583784c28339e00450563.o

debug 
CompileC /Users/momtajhusen/Library/Developer/Xcode/DerivedData/UnderOneRoof-bvjuhnhcwjrvzafftvptbetbcgcq/Build/Intermediates.noindex/Pods.build/Debug-iphonesimulator/ReactCodegen.build/Objects-normal/arm64/RNVectorIconsSpecJSI-generated.o /Users/momtajhusen/Desktop/UnderOneRoof/ios/build/generated/ios/RNVectorIconsSpecJSI-generated.cpp normal arm64 c++ com.apple.compilers.llvm.clang.1_0.compiler (in target 'ReactCodegen' from project 'Pods')
    cd /Users/momtajhusen/Desktop/UnderOneRoof/ios/Pods
    
    Using response file: /Users/momtajhusen/Library/Developer/Xcode/DerivedData/UnderOneRoof-bvjuhnhcwjrvzafftvptbetbcgcq/Build/Intermediates.noindex/Pods.build/Debug-iphonesimulator/ReactCodegen.build/Objects-normal/arm64/82b82416624d2658e5098eb0a28c15c5-common-args.resp
    
    /Applications/Xcode.app/Contents/Developer/Toolchains/XcodeDefault.xctoolchain/usr/bin/clang -x c++ -ivfsstatcache /Users/momtajhusen/Library/Developer/Xcode/DerivedData/SDKStatCaches.noindex/iphonesimulator18.5-22F76-d5fc8ad4295d2ef488fb7d0f804ce0c4.sdkstatcache -fmessage-length\=0 -fdiagnostics-show-note-include-stack -fmacro-backtrace-limit\=0 -fno-color-diagnostics -fmodules-prune-interval\=86400 -fmodules-prune-after\=345600 -fbuild-session-file\=/Users/momtajhusen/Library/Developer/Xcode/DerivedData/ModuleCache.noindex/Session.modulevalidation -fmodules-validate-once-per-build-session -Wnon-modular-include-in-framework-module -Werror\=non-modular-include-in-framework-module -Wno-trigraphs -Wno-missing-field-initializers -Wno-missing-prototypes -Werror\=return-type -Wdocumentation -Wunreachable-code -Werror\=deprecated-objc-isa-usage -Werror\=objc-root-class -Wno-non-virtual-dtor -Wno-overloaded-virtual -Wno-exit-time-destructors -Wno-missing-braces -Wparentheses -Wswitch -Wunused-function -Wno-unused-label -Wno-unused-parameter -Wunused-variable -Wunused-value -Wempty-body -Wuninitialized -Wconditional-uninitialized -Wno-unknown-pragmas -Wno-shadow -Wno-four-char-constants -Wno-conversion -Wconstant-conversion -Wint-conversion -Wbool-conversion -Wenum-conversion -Wno-float-conversion -Wnon-literal-null-conversion -Wobjc-literal-conversion -Wshorten-64-to-32 -Wno-newline-eof -Wno-c++11-extensions -Wno-implicit-fallthrough -fstrict-aliasing -Wdeprecated-declarations -Winvalid-offsetof -Wno-sign-conversion -Winfinite-recursion -Wmove -Wcomma -Wblock-capture-autoreleasing -Wstrict-prototypes -Wrange-loop-analysis -Wno-semicolon-before-method-body -Wunguarded-availability -index-store-path /Users/momtajhusen/Library/Developer/Xcode/DerivedData/UnderOneRoof-bvjuhnhcwjrvzafftvptbetbcgcq/Index.noindex/DataStore @/Users/momtajhusen/Library/Developer/Xcode/DerivedData/UnderOneRoof-bvjuhnhcwjrvzafftvptbetbcgcq/Build/Intermediates.noindex/Pods.build/Debug-iphonesimulator/ReactCodegen.build/Objects-normal/arm64/82b82416624d2658e5098eb0a28c15c5-common-args.resp -DFOLLY_NO_CONFIG -DFOLLY_MOBILE\=1 -DFOLLY_USE_LIBCPP\=1 -DFOLLY_CFG_NO_COROUTINES\=1 -DFOLLY_HAVE_CLOCK_GETTIME\=1 -Wno-comma -Wno-shorten-64-to-32 -Wno-documentation -Wno-nullability-completeness -std\=c++20 -include /Users/momtajhusen/Desktop/UnderOneRoof/ios/Pods/Target\ Support\ Files/ReactCodegen/ReactCodegen-prefix.pch -MMD -MT dependencies -MF /Users/momtajhusen/Library/Developer/Xcode/DerivedData/UnderOneRoof-bvjuhnhcwjrvzafftvptbetbcgcq/Build/Intermediates.noindex/Pods.build/Debug-iphonesimulator/ReactCodegen.build/Objects-normal/arm64/RNVectorIconsSpecJSI-generated.d --serialize-diagnostics /Users/momtajhusen/Library/Developer/Xcode/DerivedData/UnderOneRoof-bvjuhnhcwjrvzafftvptbetbcgcq/Build/Intermediates.noindex/Pods.build/Debug-iphonesimulator/ReactCodegen.build/Objects-normal/arm64/RNVectorIconsSpecJSI-generated.dia -c /Users/momtajhusen/Desktop/UnderOneRoof/ios/build/generated/ios/RNVectorIconsSpecJSI-generated.cpp -o /Users/momtajhusen/Library/Developer/Xcode/DerivedData/UnderOneRoof-bvjuhnhcwjrvzafftvptbetbcgcq/Build/Intermediates.noindex/Pods.build/Debug-iphonesimulator/ReactCodegen.build/Objects-normal/arm64/RNVectorIconsSpecJSI-generated.o -index-unit-output-path /Pods.build/Debug-iphonesimulator/ReactCodegen.build/Objects-normal/arm64/RNVectorIconsSpecJSI-generated.o

CompileC /Users/momtajhusen/Library/Developer/Xcode/DerivedData/UnderOneRoof-bvjuhnhcwjrvzafftvptbetbcgcq/Build/Intermediates.noindex/Pods.build/Debug-iphonesimulator/ReactCodegen.build/Objects-normal/arm64/RNVectorIconsSpec-generated.o /Users/momtajhusen/Desktop/UnderOneRoof/ios/build/generated/ios/RNVectorIconsSpec/RNVectorIconsSpec-generated.mm normal arm64 objective-c++ com.apple.compilers.llvm.clang.1_0.compiler (in target 'ReactCodegen' from project 'Pods')
    cd /Users/momtajhusen/Desktop/UnderOneRoof/ios/Pods
    
    Using response file: /Users/momtajhusen/Library/Developer/Xcode/DerivedData/UnderOneRoof-bvjuhnhcwjrvzafftvptbetbcgcq/Build/Intermediates.noindex/Pods.build/Debug-iphonesimulator/ReactCodegen.build/Objects-normal/arm64/af3fcb34312c57c0f52879cdce924b91-common-args.resp
    
    /Applications/Xcode.app/Contents/Developer/Toolchains/XcodeDefault.xctoolchain/usr/bin/clang -x objective-c++ -ivfsstatcache /Users/momtajhusen/Library/Developer/Xcode/DerivedData/SDKStatCaches.noindex/iphonesimulator18.5-22F76-d5fc8ad4295d2ef488fb7d0f804ce0c4.sdkstatcache -fmessage-length\=0 -fdiagnostics-show-note-include-stack -fmacro-backtrace-limit\=0 -fno-color-diagnostics -fmodules-prune-interval\=86400 -fmodules-prune-after\=345600 -fbuild-session-file\=/Users/momtajhusen/Library/Developer/Xcode/DerivedData/ModuleCache.noindex/Session.modulevalidation -fmodules-validate-once-per-build-session -Wnon-modular-include-in-framework-module -Werror\=non-modular-include-in-framework-module -Wno-trigraphs -Wno-missing-field-initializers -Wno-missing-prototypes -Werror\=return-type -Wdocumentation -Wunreachable-code -Wno-implicit-atomic-properties -Werror\=deprecated-objc-isa-usage -Wno-objc-interface-ivars -Werror\=objc-root-class -Wno-arc-repeated-use-of-weak -Wimplicit-retain-self -Wno-non-virtual-dtor -Wno-overloaded-virtual -Wno-exit-time-destructors -Wduplicate-method-match -Wno-missing-braces -Wparentheses -Wswitch -Wunused-function -Wno-unused-label -Wno-unused-parameter -Wunused-variable -Wunused-value -Wempty-body -Wuninitialized -Wconditional-uninitialized -Wno-unknown-pragmas -Wno-shadow -Wno-four-char-constants -Wno-conversion -Wconstant-conversion -Wint-conversion -Wbool-conversion -Wenum-conversion -Wno-float-conversion -Wnon-literal-null-conversion -Wobjc-literal-conversion -Wshorten-64-to-32 -Wno-newline-eof -Wno-selector -Wno-strict-selector-match -Wundeclared-selector -Wdeprecated-implementations -Wno-c++11-extensions -Wno-implicit-fallthrough -fstrict-aliasing -Wprotocol -Wdeprecated-declarations -Winvalid-offsetof -Wno-sign-conversion -Winfinite-recursion -Wmove -Wcomma -Wblock-capture-autoreleasing -Wstrict-prototypes -Wrange-loop-analysis -Wno-semicolon-before-method-body -Wunguarded-availability -index-store-path /Users/momtajhusen/Library/Developer/Xcode/DerivedData/UnderOneRoof-bvjuhnhcwjrvzafftvptbetbcgcq/Index.noindex/DataStore @/Users/momtajhusen/Library/Developer/Xcode/DerivedData/UnderOneRoof-bvjuhnhcwjrvzafftvptbetbcgcq/Build/Intermediates.noindex/Pods.build/Debug-iphonesimulator/ReactCodegen.build/Objects-normal/arm64/af3fcb34312c57c0f52879cdce924b91-common-args.resp -DFOLLY_NO_CONFIG -DFOLLY_MOBILE\=1 -DFOLLY_USE_LIBCPP\=1 -DFOLLY_CFG_NO_COROUTINES\=1 -DFOLLY_HAVE_CLOCK_GETTIME\=1 -Wno-comma -Wno-shorten-64-to-32 -Wno-documentation -Wno-nullability-completeness -std\=c++20 -include /Users/momtajhusen/Desktop/UnderOneRoof/ios/Pods/Target\ Support\ Files/ReactCodegen/ReactCodegen-prefix.pch -MMD -MT dependencies -MF /Users/momtajhusen/Library/Developer/Xcode/DerivedData/UnderOneRoof-bvjuhnhcwjrvzafftvptbetbcgcq/Build/Intermediates.noindex/Pods.build/Debug-iphonesimulator/ReactCodegen.build/Objects-normal/arm64/RNVectorIconsSpec-generated.d --serialize-diagnostics /Users/momtajhusen/Library/Developer/Xcode/DerivedData/UnderOneRoof-bvjuhnhcwjrvzafftvptbetbcgcq/Build/Intermediates.noindex/Pods.build/Debug-iphonesimulator/ReactCodegen.build/Objects-normal/arm64/RNVectorIconsSpec-generated.dia -c /Users/mom
debug tajhusen/Desktop/UnderOneRoof/ios/build/generated/ios/RNVectorIconsSpec/RNVectorIconsSpec-generated.mm -o /Users/momtajhusen/Library/Developer/Xcode/DerivedData/UnderOneRoof-bvjuhnhcwjrvzafftvptbetbcgcq/Build/Intermediates.noindex/Pods.build/Debug-iphonesimulator/ReactCodegen.build/Objects-normal/arm64/RNVectorIconsSpec-generated.o -index-unit-output-path /Pods.build/Debug-iphonesimulator/ReactCodegen.build/Objects-normal/arm64/RNVectorIconsSpec-generated.o

CompileC /Users/momtajhusen/Library/Developer/Xcode/DerivedData/UnderOneRoof-bvjuhnhcwjrvzafftvptbetbcgcq/Build/Intermediates.noindex/Pods.build/Debug-iphonesimulator/ReactCodegen.build/Objects-normal/arm64/RNDateTimePickerCGenJSI-generated.o /Users/momtajhusen/Desktop/UnderOneRoof/ios/build/generated/ios/RNDateTimePickerCGenJSI-generated.cpp normal arm64 c++ com.apple.compilers.llvm.clang.1_0.compiler (in target 'ReactCodegen' from project 'Pods')
    cd /Users/momtajhusen/Desktop/UnderOneRoof/ios/Pods
    
    Using response file: /Users/momtajhusen/Library/Developer/Xcode/DerivedData/UnderOneRoof-bvjuhnhcwjrvzafftvptbetbcgcq/Build/Intermediates.noindex/Pods.build/Debug-iphonesimulator/ReactCodegen.build/Objects-normal/arm64/82b82416624d2658e5098eb0a28c15c5-common-args.resp
    
    /Applications/Xcode.app/Contents/Developer/Toolchains/XcodeDefault.xctoolchain/usr/bin/clang -x c++ -ivfsstatcache /Users/momtajhusen/Library/Developer/Xcode/DerivedData/SDKStatCaches.noindex/iphonesimulator18.5-22F76-d5fc8ad4295d2ef488fb7d0f804ce0c4.sdkstatcache -fmessage-length\=0 -fdiagnostics-show-note-include-stack -fmacro-backtrace-limit\=0 -fno-color-diagnostics -fmodules-prune-interval\=86400 -fmodules-prune-after\=345600 -fbuild-session-file\=/Users/momtajhusen/Library/Developer/Xcode/DerivedData/ModuleCache.noindex/Session.modulevalidation -fmodules-validate-once-per-build-session -Wnon-modular-include-in-framework-module -Werror\=non-modular-include-in-framework-module -Wno-trigraphs -Wno-missing-field-initializers -Wno-missing-prototypes -Werror\=return-type -Wdocumentation -Wunreachable-code -Werror\=deprecated-objc-isa-usage -Werror\=objc-root-class -Wno-non-virtual-dtor -Wno-overloaded-virtual -Wno-exit-time-destructors -Wno-missing-braces -Wparentheses -Wswitch -Wunused-function -Wno-unused-label -Wno-unused-parameter -Wunused-variable -Wunused-value -Wempty-body -Wuninitialized -Wconditional-uninitialized -Wno-unknown-pragmas -Wno-shadow -Wno-four-char-constants -Wno-conversion -Wconstant-conversion -Wint-conversion -Wbool-conversion -Wenum-conversion -Wno-float-conversion -Wnon-literal-null-conversion -Wobjc-literal-conversion -Wshorten-64-to-32 -Wno-newline-eof -Wno-c++11-extensions -Wno-implicit-fallthrough -fstrict-aliasing -Wdeprecated-declarations -Winvalid-offsetof -Wno-sign-conversion -Winfinite-recursion -Wmove -Wcomma -Wblock-capture-autoreleasing -Wstrict-prototypes -Wrange-loop-analysis -Wno-semicolon-before-method-body -Wunguarded-availability -index-store-path /Users/momtajhusen/Library/Developer/Xcode/DerivedData/UnderOneRoof-bvjuhnhcwjrvzafftvptbetbcgcq/Index.noindex/DataStore @/Users/momtajhusen/Library/Developer/Xcode/DerivedData/UnderOneRoof-bvjuhnhcwjrvzafftvptbetbcgcq/Build/Intermediates.noindex/Pods.build/Debug-iphonesimulator/ReactCodegen.build/Objects-normal/arm64/82b82416624d2658e5098eb0a28c15c5-common-args.resp -DFOLLY_NO_CONFIG -DFOLLY_MOBILE\=1 -DFOLLY_USE_LIBCPP\=1 -DFOLLY_CFG_NO_COROUTINES\=1 -DFOLLY_HAVE_CLOCK_GETTIME\=1 -Wno-comma -Wno-shorten-64-to-32 -Wno-documentation -Wno-nullability-completeness -std\=c++20 -include /Users/momtajhusen/Desktop/UnderOneRoof/ios/Pods/Target\ Support\ Files/ReactCodegen/ReactCodegen-prefix.pch -MMD -MT dependencies -MF /Users/momtajhusen/Library/Developer/Xcode/DerivedData/UnderOneRoof-bvjuhnhcwjrvzafftvptbetbcgcq/Build/Intermediates.noindex/Pods.build/Debug-iphonesimulator/ReactCodegen.build/Objects-normal/arm64/RNDateTimePickerCGenJSI-generated.d --serialize-diagnostics /Users/momtajhusen/Library/Developer/Xcode/DerivedData/UnderOneRoof-bvjuhnhcwjrvzafftvptbetbcgcq/Build/Intermediates.noindex/Pods.build/Debug-iphonesimulator/ReactCodegen.build/Objects-normal/arm64/RNDateTimePickerCGenJSI-generated.dia -c /Users/momtajhusen/Desktop/UnderOneRoof/ios/build/generated/ios/RNDateTimePickerCGenJSI-generated.cpp -o /Users/momtajhusen/Library/Developer/Xcode/DerivedData/UnderOneRoof-bvjuhnhcwjrvzafftvptbetbcgcq/Build/Intermediates.noindex/Pods.build/Debug-iphonesimulator/ReactCodegen.build/Objects-normal/arm64/RNDateTimePickerCGenJSI-generated.o -index-unit-output-path /Pods.build/Debug-iphonesimulator/ReactCodegen.build/Objects-normal/arm64/RNDateTimePickerCGenJSI-generated.o

CompileC /Users/momtajhusen/Library/Developer/Xcode/DerivedData/UnderOneRoof-bvjuhnhcwjrvzafftvptbetbcgcq/Build/Intermediates.noindex/Pods.build/Debug-iphonesimulator/ReactCodegen.build/Objects-normal/arm64/RNDateTimePickerCGen-generated.o /Users/momtajhusen/Desktop/UnderOneRoof/ios/build/generated/ios/RNDateTimePickerCGen/RNDateTimePickerCGen-generated.mm normal arm64 objective-c++ com.apple.compilers.llvm.clang.1_0.compiler (in target 'ReactCodegen' from project 'Pods')
    cd /Users/momtajhusen/Desktop/UnderOneRoof/ios/Pods
    
    Using response file: /Users/momtajhusen/Library/Developer/Xcode/DerivedData/UnderOneRoof-bvjuhnhcwjrvzafftvptbetbcgcq/Build/Intermediates.noindex/Pods.build/Debug-iphonesimulator/ReactCodegen.build/Objects-normal/arm64/af3fcb34312c57c0f52879cdce924b91-common-args.resp
    
    /Applications/Xcode.app/Contents/Developer/Toolchains/XcodeDefault.xctoolchain/usr/bin/clang -x objective-c++ -ivfsstatcache /Users/momtajhusen/Library/Developer/Xcode/DerivedData/SDKStatCaches.noindex/iphonesimulator18.5-22F76-d5fc8ad4295d2ef488fb7d0f804ce0c4.sdkstatcache -fmessage-length\=0 -fdiagnostics-show-note-include-stack -fmacro-backtrace-limit\=0 -fno-color-diagnostics -fmodules-prune-interval\=86400 -fmodules-prune-after\=345600 -fbuild-session-file\=/Users/momtajhusen/Library/Developer/Xcode/DerivedData/ModuleCache.noindex/Session.modulevalidation -fmodules-validate-once-per-build-session -Wnon-modular-include-in-framework-module -Werror\=non-modular-include-in-framework-module -Wno-trigraphs -Wno-missing-field-initializers -Wno-missing-prototypes -Werror\=return-type -Wdocumentation -Wunreachable-code -Wno-implicit-atomic-properties -Werror\=deprecated-objc-isa-usage -Wno-objc-interface-ivars -Werror\=objc-root-class -Wno-arc-repeated-use-of-weak -Wimplicit-retain-self -Wno-non-virtual-dtor -Wno-overloaded-virtual -Wno-exit-time-destructors -Wduplicate-method-match -Wno-missing-braces -Wparentheses -Wswitch -Wunused-function -Wno-unused-label -Wno-unused-parameter -Wunused-variable -Wunused-value -Wempty-body -Wuninitialized -Wconditional-uninitialized -Wno-unknown-pragmas -Wno-shadow -Wno-four-char-constants -Wno-conversion -Wconstant-conversion -Wint-conversion -Wbool-conversion -Wenum-conversion -Wno-float-conversion -Wnon-literal-null-conversion -Wobjc-literal-conversion -Wshorten-64-to-32 -Wno-newline-eof -Wno-selector -Wno-strict-selector-match -Wundeclared-selector -Wdeprecated-implementations -Wno-c++11-extensions -Wno-implicit-fallthrough -fstrict-aliasing -Wprotocol -Wdeprecated-declarations -Winvalid-offsetof -Wno-sign-conversion -Winfinite-recursion -Wmove -Wcomma -Wblock-capture-autoreleasing -Wstrict-prototypes -Wrange-loop-analysis -Wno-semicolon-before-method-body -Wunguarded-availability -index-store-path /Users/momtajhusen/Library/Developer/Xcode/DerivedData/UnderOneRoof-bvjuhnhcwjrvzafftvptbetbcgcq/Index.noindex/DataStore @/Users/momtajhusen/Library/Developer/Xcode/DerivedData/UnderOneRoof-bvjuhnhcwjrvzafftvptbetbcgcq/Build/Intermediates.noindex/Pods.build/Debug-iphonesimulator/ReactCodegen.build/Objects-normal/arm64/af3fcb34312c57c0f52879cdce924b91-common-args.resp -DFOLLY_NO_CONFIG -DFOLLY_MOBILE\=1 -DFOLLY_USE_LIBCPP\=1 -DFOLLY_CFG_NO_COROUTINES\=1 -DFOLLY_HAVE_CLOCK_GETTIME\=1 -Wno-comma -Wno-shorten-64-to-32 -Wno-documentation -Wno-nullability-completeness -std\=c++20 -include /Users/momtajhusen/Desktop/UnderOneRoof/ios/Pods/Target\ Support\ Files/ReactCodegen/ReactCodegen-prefix.pch -MMD -MT dependencies -MF /Us
debug ers/momtajhusen/Library/Developer/Xcode/DerivedData/UnderOneRoof-bvjuhnhcwjrvzafftvptbetbcgcq/Build/Intermediates.noindex/Pods.build/Debug-iphonesimulator/ReactCodegen.build/Objects-normal/arm64/RNDateTimePickerCGen-generated.d --serialize-diagnostics /Users/momtajhusen/Library/Developer/Xcode/DerivedData/UnderOneRoof-bvjuhnhcwjrvzafftvptbetbcgcq/Build/Intermediates.noindex/Pods.build/Debug-iphonesimulator/ReactCodegen.build/Objects-normal/arm64/RNDateTimePickerCGen-generated.dia -c /Users/momtajhusen/Desktop/UnderOneRoof/ios/build/generated/ios/RNDateTimePickerCGen/RNDateTimePickerCGen-generated.mm -o /Users/momtajhusen/Library/Developer/Xcode/DerivedData/UnderOneRoof-bvjuhnhcwjrvzafftvptbetbcgcq/Build/Intermediates.noindex/Pods.build/Debug-iphonesimulator/ReactCodegen.build/Objects-normal/arm64/RNDateTimePickerCGen-generated.o -index-unit-output-path /Pods.build/Debug-iphonesimulator/ReactCodegen.build/Objects-normal/arm64/RNDateTimePickerCGen-generated.o

debug 
CompileC /Users/momtajhusen/Library/Developer/Xcode/DerivedData/UnderOneRoof-bvjuhnhcwjrvzafftvptbetbcgcq/Build/Intermediates.noindex/Pods.build/Debug-iphonesimulator/ReactCodegen.build/Objects-normal/arm64/RNCWebViewSpecJSI-generated.o /Users/momtajhusen/Desktop/UnderOneRoof/ios/build/generated/ios/RNCWebViewSpecJSI-generated.cpp normal arm64 c++ com.apple.compilers.llvm.clang.1_0.compiler (in target 'ReactCodegen' from project 'Pods')
    cd /Users/momtajhusen/Desktop/UnderOneRoof/ios/Pods
    
    Using response file: /Users/momtajhusen/Library/Developer/Xcode/DerivedData/UnderOneRoof-bvjuhnhcwjrvzafftvptbetbcgcq/Build/Intermediates.noindex/Pods.build/Debug-iphonesimulator/ReactCodegen.build/Objects-normal/arm64/82b82416624d2658e5098eb0a28c15c5-common-args.resp
    
    /Applications/Xcode.app/Contents/Developer/Toolchains/XcodeDefault.xctoolchain/usr/bin/clang -x c++ -ivfsstatcache /Users/momtajhusen/Library/Developer/Xcode/DerivedData/SDKStatCaches.noindex/iphonesimulator18.5-22F76-d5fc8ad4295d2ef488fb7d0f804ce0c4.sdkstatcache -fmessage-length\=0 -fdiagnostics-show-note-include-stack -fmacro-backtrace-limit\=0 -fno-color-diagnostics -fmodules-prune-interval\=86400 -fmodules-prune-after\=345600 -fbuild-session-file\=/Users/momtajhusen/Library/Developer/Xcode/DerivedData/ModuleCache.noindex/Session.modulevalidation -fmodules-validate-once-per-build-session -Wnon-modular-include-in-framework-module -Werror\=non-modular-include-in-framework-module -Wno-trigraphs -Wno-missing-field-initializers -Wno-missing-prototypes -Werror\=return-type -Wdocumentation -Wunreachable-code -Werror\=deprecated-objc-isa-usage -Werror\=objc-root-class -Wno-non-virtual-dtor -Wno-overloaded-virtual -Wno-exit-time-destructors -Wno-missing-braces -Wparentheses -Wswitch -Wunused-function -Wno-unused-label -Wno-unused-parameter -Wunused-variable -Wunused-value -Wempty-body -Wuninitialized -Wconditional-uninitialized -Wno-unknown-pragmas -Wno-shadow -Wno-four-char-constants -Wno-conversion -Wconstant-conversion -Wint-conversion -Wbool-conversion -Wenum-conversion -Wno-float-conversion -Wnon-literal-null-conversion -Wobjc-literal-conversion -Wshorten-64-to-32 -Wno-newline-eof -Wno-c++11-extensions -Wno-implicit-fallthrough -fstrict-aliasing -Wdeprecated-declarations -Winvalid-offsetof -Wno-sign-conversion -Winfinite-recursion -Wmove -Wcomma -Wblock-capture-autoreleasing -Wstrict-prototypes -Wrange-loop-analysis -Wno-semicolon-before-method-body -Wunguarded-availability -index-store-path /Users/momtajhusen/Library/Developer/Xcode/DerivedData/UnderOneRoof-bvjuhnhcwjrvzafftvptbetbcgcq/Index.noindex/DataStore @/Users/momtajhusen/Library/Developer/Xcode/DerivedData/UnderOneRoof-bvjuhnhcwjrvzafftvptbetbcgcq/Build/Intermediates.noindex/Pods.build/Debug-iphonesimulator/ReactCodegen.build/Objects-normal/arm64/82b82416624d2658e5098eb0a28c15c5-common-args.resp -DFOLLY_NO_CONFIG -DFOLLY_MOBILE\=1 -DFOLLY_USE_LIBCPP\=1 -DFOLLY_CFG_NO_COROUTINES\=1 -DFOLLY_HAVE_CLOCK_GETTIME\=1 -Wno-comma -Wno-shorten-64-to-32 -Wno-documentation -Wno-nullability-completeness -std\=c++20 -include /Users/momtajhusen/Desktop/UnderOneRoof/ios/Pods/Target\ Support\ Files/ReactCodegen/ReactCodegen-prefix.pch -MMD -MT dependencies -MF /Users/momtajhusen/Library/Developer/Xcode/DerivedData/UnderOneRoof-bvjuhnhcwjrvzafftvptbetbcgcq/Build/Intermediates.noindex/Pods.build/Debug-iphonesimulator/ReactCodegen.build/Objects-normal/arm64/RNCWebViewSpecJSI-generated.d --serialize-diagnostics /Users/momtajhusen/Library/Developer/Xcode/DerivedData/UnderOneRoof-bvjuhnhcwjrvzafftvptbetbcgcq/Build/Intermediates.noindex/Pods.build/Debug-iphonesimulator/ReactCodegen.build/Objects-normal/arm64/RNCWebViewSpecJSI-generated.dia -c /Users/momtajhusen/Desktop/UnderOneRoof/ios/build/generated/ios/RNCWebViewSpecJSI-generated.cpp -o /Users/momtajhusen/Library/Developer/Xcode/DerivedData/UnderOneRoof-bvjuhnhcwjrvzafftvptbetbcgcq/Build/Intermediates.noindex/Pods.build/Debug-iphonesimulator/ReactCodegen.build/Objects-normal/arm64/RNCWebViewSpecJSI-generated.o -index-unit-output-path /Pods.build/Debug-iphonesimulator/ReactCodegen.build/Objects-normal/arm64/RNCWebViewSpecJSI-generated.o

debug 

debug CompileC /Users/momtajhusen/Library/Developer/Xcode/DerivedData/UnderOneRoof-bvjuhnhcwjrvzafftvptbetbcgcq/Build/Intermediates.noindex/Pods.build/Debug-iphonesimulator/ReactCodegen.build/Objects-normal/arm64/RNCWebViewSpec-generated.o /Users/momtajhusen/Desktop/UnderOneRoof/ios/build/generated/ios/RNCWebViewSpec/RNCWebViewSpec-generated.mm normal arm64 objective-c++ com.apple.compilers.llvm.clang.1_0.compiler (in target 'ReactCodegen' from project 'Pods')
    cd /Users/momtajhusen/Desktop/UnderOneRoof/ios/Pods
    
    Using response file: /Users/momtajhusen/Library/Developer/Xcode/DerivedData/UnderOneRoof-bvjuhnhcwjrvzafftvptbetbcgcq/Build/Intermediates.noindex/Pods.build/Debug-iphonesimulator/ReactCodegen.build/Objects-normal/arm64/af3fcb34312c57c0f52879cdce924b91-common-args.resp
    
    /Applications/Xcode.app/Contents/Developer/Toolchains/XcodeDefault.xctoolchain/usr/bin/clang -x objective-c++ -ivfsstatcache /Users/momtajhusen/Library/Developer/Xcode/DerivedData/SDKStatCaches.noindex/iphonesimulator18.5-22F76-d5fc8ad4295d2ef488fb7d0f804ce0c4.sdkstatcache -fmessage-length\=0 -fdiagnostics-show-note-include-stack -fmacro-backtrace-limit\=0 -fno-color-diagnostics -fmodules-prune-interval\=86400 -fmodules-prune-after\=345600 -fbuild-session-file\=/Users/momtajhusen/Library/Developer/Xcode/DerivedData/ModuleCache.noindex/Session.modulevalidation -fmodules-validate-once-per-build-session -Wnon-modular-include-in-framework-module -Werror\=non-modular-include-in-framework-module -Wno-trigraphs -Wno-missing-field-initializers -Wno-missing-prototypes -Werror\=return-type -Wdocumentation -Wunreachable-code -Wno-implicit-atomic-properties -Werror\=deprecated-objc-isa-usage -Wno-objc-interface-ivars -Werror\=objc-root-class -Wno-arc-repeated-use-of-weak -Wimplicit-retain-self -Wno-non-virtual-dtor -Wno-overloaded-virtual -Wno-exit-time-destructors -Wduplicate-method-match -Wno-missing-braces -Wparentheses -Wswitch -Wunused-function -Wno-unused-label -Wno-unused-parameter -Wunused-variable -Wunused-value -Wempty-body -Wuninitialized -Wconditional-uninitialized -Wno-unknown-pragmas -Wno-shadow -Wno-four-char-constants -Wno-conversion -Wconstant-conversion -Wint-conversion -Wbool-conversion -Wenum-conversion -Wno-float-conversion -Wnon-literal-null-conversion -Wobjc-literal-conversion -Wshorten-64-to-32 -Wno-newline-eof -Wno-selector -Wno-strict-selector-match -Wundeclared-selector -Wdeprecated-implementations -Wno-c++11-extensions -Wno-implicit-fallthrough -fstrict-aliasing -Wprotocol -Wdeprecated-declarations -Winvalid-offsetof -Wno-sign-conversion -Winfinite-recursion -Wmove -Wcomma -Wblock-capture-autoreleasing -Wstrict-prototypes -Wrange-loop-analysis -Wno-semicolon-before-method-body -Wunguarded-availability -index-store-path /Users/momtajhusen/Library/Developer/Xcode/DerivedData/UnderOneRoof-bvjuhnhcwjrvzafftvptbetbcgcq/Index.noindex/DataStore @/Users/momtajhusen/Library/Developer/Xcode/DerivedData/UnderOneRoof-bvjuhnhcwjrvzafftvptbetbcgcq/Build/Intermediates.noindex/Pods.build/Debug-iphonesimulator/ReactCodegen.build/Objects-normal/arm64/af3fcb34312c57c0f52879cdce924b91-common-args.resp -DFOLLY_NO_CONFIG -DFOLLY_MOBILE\=1 -DFOLLY_USE_LIBCPP\=1 -DFOLLY_CFG_NO_COROUTINES\=1 -DFOLLY_HAVE_CLOCK_GETTIME\=1 -Wno-comma -Wno-shorten-64-to-32 -Wno-documentation -Wno-nullability-completeness -std\=c++20 -include /Users/momtajhusen/Desktop/UnderOneRoof/ios/Pods/Target\ Support\ Files/ReactCodegen/ReactCodegen-prefix.pch -MMD -MT dependencies -MF /Users/momtajhusen/Library/Developer/Xcode/DerivedData/UnderOneRoof-bvjuhnhcwjrvzafftvptbetbcgcq/Build/Intermediates.noindex/Pods.build/Debug-iphonesimulator/ReactCodegen.build/Objects-normal/arm64/RNCWebViewSpec-generated.d --serialize-diagnostics /Users/momtajhusen/Library/Developer/Xcode/DerivedData/UnderOneRoof-bvjuhnhcwjrvzafftvptbetbcgcq/Build/Intermediates.noindex/Pods.build/Debug-iphonesimulator/ReactCodegen.build/Objects-normal/arm64/RNCWebViewSpec-generated.dia -c /Users/momtajhusen/Desktop/UnderOneRoof/ios/build/generated/ios/RNCWebViewSpec/RNCWebViewSpec-generated.mm -o /Users/momtajhusen/Library/Developer/Xcode/DerivedData/UnderOneRoof-bvjuhnhcwjrvzafftvptbetbcgcq/Build/Intermediates.noindex/Pods.build/Debug-iphonesimulator/ReactCodegen.build/Objects-normal/arm64/RNCWebViewSpec-generated.o -index-unit-output-path /Pods.build/Debug-iphonesimulator/ReactCodegen.build/Objects-normal/arm64/RNCWebViewSpec-generated.o

debug 

debug CompileC /Users/momtajhusen/Library/Developer/Xcode/DerivedData/UnderOneRoof-bvjuhnhcwjrvzafftvptbetbcgcq/Build/Intermediates.noindex/Pods.build/Debug-iphonesimulator/ReactCodegen.build/Objects-normal/arm64/Props-5e369a405c45a1856ab85c80ad3d50e6.o /Users/momtajhusen/Desktop/UnderOneRoof/ios/build/generated/ios/react/renderer/components/rnpdf/Props.cpp normal arm64 c++ com.apple.compilers.llvm.clang.1_0.compiler (in target 'ReactCodegen' from project 'Pods')
    cd /Users/momtajhusen/Desktop/UnderOneRoof/ios/Pods
    
    Using response file: /Users/momtajhusen/Library/Developer/Xcode/DerivedData/UnderOneRoof-bvjuhnhcwjrvzafftvptbetbcgcq/Build/Intermediates.noindex/Pods.build/Debug-iphonesimulator/ReactCodegen.build/Objects-normal/arm64/82b82416624d2658e5098eb0a28c15c5-common-args.resp
    
    /Applications/Xcode.app/Contents/Developer/Toolchains/XcodeDefault.xctoolchain/usr/bin/clang -x c++ -ivfsstatcache /Users/momtajhusen/Library/Developer/Xcode/DerivedData/SDKStatCaches.noindex/iphonesimulator18.5-22F76-d5fc8ad4295d2ef488fb7d0f804ce0c4.sdkstatcache -fmessage-length\=0 -fdiagnostics-show-note-include-stack -fmacro-backtrace-limit\=0 -fno-color-diagnostics -fmodules-prune-interval\=86400 -fmodules-prune-after\=345600 -fbuild-session-file\=/Users/momtajhusen/Library/Developer/Xcode/DerivedData/ModuleCache.noindex/Session.modulevalidation -fmodules-validate-once-per-build-session -Wnon-modular-include-in-framework-module -Werror\=non-modular-include-in-framework-module -Wno-trigraphs -Wno-missing-field-initializers -Wno-missing-prototypes -Werror\=return-type -Wdocumentation -Wunreachable-code -Werror\=deprecated-objc-isa-usage -Werror\=objc-root-class -Wno-non-virtual-dtor -Wno-overloaded-virtual -Wno-exit-time-destructors -Wno-missing-braces -Wparentheses -Wswitch -Wunused-function -Wno-unused-label -Wno-unused-parameter -Wunused-variable -Wunused-value -Wempty-body -Wuninitialized -Wconditional-uninitialized -Wno-unknown-pragmas -Wno-shadow -Wno-four-char-constants -Wno-conversion -Wconstant-conversion -Wint-conversion -Wbool-conversion -Wenum-conversion -Wno-float-conversion -Wnon-literal-null-conversion -Wobjc-literal-conversion -Wshorten-64-to-32 -Wno-newline-eof -Wno-c++11-extensions -Wno-implicit-fallthrough -fstrict-aliasing -Wdeprecated-declarations -Winvalid-offsetof -Wno-sign-conversion -Winfinite-recursion -Wmove -Wcomma -Wblock-capture-autoreleasing -Wstrict-prototypes -Wrange-loop-analysis -Wno-semicolon-before-method-body -Wunguarded-availability -index-store-path /Users/momtajhusen/Library/Developer/Xcode/DerivedData/UnderOneRoof-bvjuhnhcwjrvzafftvptbetbcgcq/Index.noindex/DataStore @/Users/momtajhusen/Library/Developer/Xcode/DerivedData/UnderOneRoof-bvjuhnhcwjrvzafftvptbetbcgcq/Build/Intermediates.noindex/Pods.build/Debug-iphonesimulator/ReactCodegen.build/Objects-normal/arm64/82b82416624d2658e5098eb0a28c15c5-common-args.resp -DFOLLY_NO_CONFIG -DFOLLY_MOBILE\=1 -DFOLLY_USE_LIBCPP\=1 -DFOLLY_CFG_NO_COROUTINES\=1 -DFOLLY_HAVE_CLOCK_GETTIME\=1 -Wno-comma -Wno-shorten-64-to-32 -Wno-documentation -Wno-nullability-completeness -std\=c++20 -include /Users/momtajhusen/Desktop/UnderOneRoof/ios/Pods/Target\ Support\ Files/ReactCodegen/ReactCodegen-prefix.pch -MMD -MT dependencies -MF /Users/momtajhusen/Library/Developer/Xcode/DerivedData/UnderOneRoof-bvjuhnhcwjrvzafftvptbetbcgcq/Build/Intermediates.noindex/Pods.build/Debug-iphonesimulator/ReactCodegen.build/Objects-normal/arm64/Props-5e369a405c45a1856ab85c80ad3d50e6.d --serialize-diagnostics /Users/momtajhusen/Library/Developer/Xcode/DerivedData/UnderOneRoof-bvjuhnhcwjrvzafftvptbetbcgcq/Build/Intermediates.noindex/Pods.build/Debug-iphonesimulator/ReactCodegen.build/Objects-normal/arm64/Props-5e369a405c45a1856ab85c80ad3d50e6.dia -c /Users/momtajhusen/Desktop/UnderOneRoof/ios/build/generated/ios/react/renderer/components/rnpdf/Props.cpp -o /Users/momtajhusen/Library/Developer/Xcode/DerivedData/UnderOneRoof-bvjuhnhcwjrvzafftvptbetbcgcq/Build/Intermediates.noindex/Pods.build/Debug-iphonesimulator/ReactCodegen.build/Objects-normal/arm64/Props-5e369a405c45a1856ab85c80ad3d50e6.o -index-unit-output-path /Pods.build/Debug-iphonesimulator/ReactCodegen.build/Objects-normal/arm64/Props-5e369a405c45a1856ab85c80ad3d50e6.o

debug 

debug CompileC /Users/momtajhusen/Library/Developer/Xcode/DerivedData/UnderOneRoof-bvjuhnhcwjrvzafftvptbetbcgcq/Build/Intermediates.noindex/Pods.build/Debug-iphonesimulator/ReactCodegen.build/Objects-normal/arm64/Props-5a914825c5208825eab7796ae56e8589.o /Users/momtajhusen/Desktop/UnderOneRoof/ios/build/generated/ios/react/renderer/components/rnscreens/Props.cpp normal arm64 c++ com.apple.compilers.llvm.clang.1_0.compiler (in target 'ReactCodegen' from project 'Pods')
    cd /Users/momtajhusen/Desktop/UnderOneRoof/ios/Pods
    
    Using response file: /Users/momtajhusen/Library/Developer/Xcode/DerivedData/UnderOneRoof-bvjuhnhcwjrvzafftvptbetbcgcq/Build/Intermediates.noindex/Pods.build/Debug-iphonesimulator/ReactCodegen.build/Objects-normal/arm64/82b82416624d2658e5098eb0a28c15c5-common-args.resp
    
    /Applications/Xcode.app/Contents/Developer/Toolchains/XcodeDefault.xctoolchain/usr/bin/clang -x c++ -ivfsstatcache /Users/momtajhusen/Library/Developer/Xcode/DerivedData/SDKStatCaches.noindex/iphonesimulator18.5-22F76-d5fc8ad4295d2ef488fb7d0f804ce0c4.sdkstatcache -fmessage-length\=0 -fdiagnostics-show-note-include-stack -fmacro-backtrace-limit\=0 -fno-color-diagnostics -fmodules-prune-interval\=86400 -fmodules-prune-after\=345600 -fbuild-session-file\=/Users/momtajhusen/Library/Developer/Xcode/DerivedData/ModuleCache.noindex/Session.modulevalidation -fmodules-validate-once-per-build-session -Wnon-modular-include-in-framework-module -Werror\=non-modular-include-in-framework-module -Wno-trigraphs -Wno-missing-field-initializers -Wno-missing-prototypes -Werror\=return-type -Wdocumentation -Wunreachable-code -Werror\=deprecated-objc-isa-usage -Werror\=objc-root-class -Wno-non-virtual-dtor -Wno-overloaded-virtual -Wno-exit-time-destructors -Wno-missing-braces -Wparentheses -Wswitch -Wunused-function -Wno-unused-label -Wno-unused-parameter -Wunused-variable -Wunused-value -Wempty-body -Wuninitialized -Wconditional-uninitialized -Wno-unknown-pragmas -Wno-shadow -Wno-four-char-constants -Wno-conversion -Wconstant-conversion -Wint-conversion -Wbool-conversion -Wenum-conversion -Wno-float-conversion -Wnon-literal-null-conversion -Wobjc-literal-conversion -Wshorten-64-to-32 -Wno-newline-eof -Wno-c++11-extensions -Wno-implicit-fallthrough -fstrict-aliasing -Wdeprecated-declarations -Winvalid-offsetof -Wno-sign-conversion -Winfinite-recursion -Wmove -Wcomma -Wblock-capture-autoreleasing -Wstrict-prototypes -Wrange-loop-analysis -Wno-semicolon-before-method-body -Wunguarded-availability -index-store-path /Users/momtajhusen/Library/Developer/Xcode/DerivedData/UnderOneRoof-bvjuhnhcwjrvzafftvptbetbcgcq/Index.noindex/DataStore @/Users/momtajhusen/Library/Developer/Xcode/DerivedData/UnderOneRoof-bvjuhnhcwjrvzafftvptbetbcgcq/Build/Intermediates.noindex/Pods.build/Debug-iphonesimulator/ReactCodegen.build/Objects-normal/arm64/82b82416624d2658e5098eb0a28c15c5-common-args.resp -DFOLLY_NO_CONFIG -DFOLLY_MOBILE\=1 -DFOLLY_USE_LIBCPP\=1 -DFOLLY_CFG_NO_COROUTINES\=1 -DFOLLY_HAVE_CLOCK_GETTIME\=1 -Wno-comma -Wno-shorten-64-to-32 -Wno-documentation -Wno-nullability-completeness -std\=c++20 -include /Users/momtajhusen/Desktop/UnderOneRoof/ios/Pods/Target\ Support\ Files/ReactCodegen/ReactCodegen-prefix.pch -MMD -MT dependencies -MF /Users/momtajhusen/Library/Developer/Xcode/DerivedData/UnderOneRoof-bvjuhnhcwjrvzafftvptbetbcgcq/Build/Intermediates.noindex/Pods.build/Debug-iphonesimulator/ReactCodegen.build/Objects-normal/arm64/Props-5a914825c5208825eab7796ae56e8589.d --serialize-diagnostics /Users/momtajhusen/Library/Developer/Xcode/DerivedData/UnderOneRoof-bvjuhnhcwjrvzafftvptbetbcgcq/Build/Intermediates.noindex/Pods.build/Debug-iphonesimulator/ReactCodegen.build/Objects-normal/arm64/Props-5a914825c5208825eab7796ae56e8589.dia -c /Users/momtajhusen/Desktop/UnderOneRoof/ios/build/generated/ios/react/renderer/components/rnscreens/Props.cpp -o /Users/momtajhusen/Library/Developer/Xcode/DerivedData/UnderOneRoof-bvjuhnhcwjrvzafftvptbetbcgcq/Build/Intermediates.noindex/Pods.build/Debug-iphonesimulator/ReactCodegen.build/Objects-normal/arm64/Props-5a914825c5208825eab7796ae56e8589.o -index-unit-output-path /Pods.build/Debug-iphonesimulator/ReactCodegen.build/Objects-normal/arm64/Props-5a914825c5208825eab7796ae56e8589.o

debug 

debug CompileC /Users/momtajhusen/Library/Developer/Xcode/DerivedData/UnderOneRoof-bvjuhnhcwjrvzafftvptbetbcgcq/Build/Intermediates.noindex/Pods.build/Debug-iphonesimulator/ReactCodegen.build/Objects-normal/arm64/Props-1af8ceb30c0e14278a23e37873ac4795.o /Users/momtajhusen/Desktop/UnderOneRoof/ios/build/generated/ios/react/renderer/components/rnpicker/Props.cpp normal arm64 c++ com.apple.compilers.llvm.clang.1_0.compiler (in target 'ReactCodegen' from project 'Pods')
    cd /Users/momtajhusen/Desktop/UnderOneRoof/ios/Pods
    
    Using response file: /Users/momtajhusen/Library/Developer/Xcode/DerivedData/UnderOneRoof-bvjuhnhcwjrvzafftvptbetbcgcq/Build/Intermediates.noindex/Pods.build/Debug-iphonesimulator/ReactCodegen.build/Objects-normal/arm64/82b82416624d2658e5098eb0a28c15c5-common-args.resp
    
    /Applications/Xcode.app/Contents/Developer/Toolchains/XcodeDefault.xctoolchain/usr/bin/clang -x c++ -ivfsstatcache /Users/momtajhusen/Library/Developer/Xcode/DerivedData/SDKStatCaches.noindex/iphonesimulator18.5-22F76-d5fc8ad4295d2ef488fb7d0f804ce0c4.sdkstatcache -fmessage-length\=0 -fdiagnostics-show-note-include-stack -fmacro-backtrace-limit\=0 -fno-color-diagnostics -fmodules-prune-interval\=86400 -fmodules-prune-after\=345600 -fbuild-session-file\=/Users/momtajhusen/Library/Developer/Xcode/DerivedData/ModuleCache.noindex/Session.modulevalidation -fmodules-validate-once-per-build-session -Wnon-modular-include-in-framework-module -Werror\=non-modular-include-in-framework-module -Wno-trigraphs -Wno-missing-field-initializers -Wno-missing-prototypes -Werror\=return-type -Wdocumentation -Wunreachable-code -Werror\=deprecated-objc-isa-usage -Werror\=objc-root-class -Wno-non-virtual-dtor -Wno-overloaded-virtual -Wno-exit-time-destructors -Wno-missing-braces -Wparentheses -Wswitch -Wunused-function -Wno-unused-label -Wno-unused-parameter -Wunused-variable -Wunused-value -Wempty-body -Wuninitialized -Wconditional-uninitialized -Wno-unknown-pragmas -Wno-shadow -Wno-four-char-constants -Wno-conversion -Wconstant-conversion -Wint-conversion -Wbool-conversion -Wenum-conversion -Wno-float-conversion -Wnon-literal-null-conversion -Wobjc-literal-conversion -Wshorten-64-to-32 -Wno-newline-eof -Wno-c++11-extensions -Wno-implicit-fallthrough -fstrict-aliasing -Wdeprecated-declarations -Winvalid-offsetof -Wno-sign-conversion -Winfinite-recursion -Wmove -Wcomma -Wblock-capture-autoreleasing -Wstrict-prototypes -Wrange-loop-analysis -Wno-semicolon-before-method-body -Wunguarded-availability -index-store-path /Users/momtajhusen/Library/Developer/Xcode/DerivedData/UnderOneRoof-bvjuhnhcwjrvzafftvptbetbcgcq/Index.noindex/DataStore @/Users/momtajhusen/Library/Developer/Xcode/DerivedData/UnderOneRoof-bvjuhnhcwjrvzafftvptbetbcgcq/Build/Intermediates.noindex/Pods.build/Debug-iphonesimulator/ReactCodegen.build/Objects-normal/arm64/82b82416624d2658e5098eb0a28c15c5-common-args.resp -DFOLLY_NO_CONFIG -DFOLLY_MOBILE\=1 -DFOLLY_USE_LIBCPP\=1 -DFOLLY_CFG_NO_COROUTINES\=1 -DFOLLY_HAVE_CLOCK_GETTIME\=1 -Wno-comma -Wno-shorten-64-to-32 -Wno-documentation -Wno-nullability-completeness -std\=c++20 -include /Users/momtajhusen/Desktop/UnderOneRoof/ios/Pods/Target\ Support\ Files/ReactCodegen/ReactCodegen-prefix.pch -MMD -MT dependencies -MF /Users/momtajhusen/Library/Developer/Xcode/DerivedData/UnderOneRoof-bvjuhnhcwjrvzafftvptbetbcgcq/Build/Intermediates.noindex/Pods.build/Debug-iphonesimulator/ReactCodegen.build/Objects-normal/arm64/Props-1af8ceb30c0e14278a23e37873ac4795.d --serialize-diagnostics /Users/momtajhusen/Library/Developer/Xcode/DerivedData/UnderOneRoof-bvjuhnhcwjrvzafftvptbetbcgcq/Build/Intermediates.noindex/Pods.build/Debug-iphonesimulator/ReactCodegen.build/Objects-normal/arm64/Props-1af8ceb30c0e14278a23e37873ac4795.dia -c /Users/momtajhusen/Desktop/UnderOneRoof/ios/build/generated/ios/react/renderer/components/rnpicker/Props.cpp -o /Users/momtajhusen/Library/Developer/Xcode/DerivedData/UnderOneRoof-bvjuhnhcwjrvzafftvptbetbcgcq/Build/Intermediates.noindex/Pods.build/Debug-iphonesimulator/ReactCodegen.build/Objects-normal/arm64/Props-1af8ceb30c0e14278a23e37873ac4795.o -index-unit-output-path /Pods.build/Debug-iphonesimulator/ReactCodegen.build/Objects-normal/arm64/Props-1af8ceb30c0e14278a23e37873ac4795.o

debug 
CompileC /Users/momtajhusen/Library/Developer/Xcode/DerivedData/UnderOneRoof-bvjuhnhcwjrvzafftvptbetbcgcq/Build/Intermediates.noindex/Pods.build/Debug-iphonesimulator/ReactCodegen.build/Objects-normal/arm64/FBReactNativeSpecJSI-generated.o /Users/momtajhusen/Desktop/UnderOneRoof/ios/build/generated/ios/FBReactNativeSpecJSI-generated.cpp normal arm64 c++ com.apple.compilers.llvm.clang.1_0.compiler (in target 'ReactCodegen' from project 'Pods')
    cd /Users/momtajhusen/Desktop/UnderOneRoof/ios/Pods
    
    Using response file: /Users/momtajhusen/Library/Developer/Xcode/DerivedData/UnderOneRoof-bvjuhnhcwjrvzafftvptbetbcgcq/Build/Intermediates.noindex/Pods.build/Debug-iphonesimulator/ReactCodegen.build/Objects-normal/arm64/82b82416624d2658e5098eb0a28c15c5-common-args.resp
    
    /Applications/Xcode.app/Contents/Developer/Toolchains/XcodeDefault.xctoolchain/usr/bin/clang -x c++ -ivfsstatcache /Users/momtajhusen/Library/Developer/Xcode/DerivedData/SDKStatCaches.noindex/iphonesimulator18.5-22F76-d5fc8ad4295d2ef488fb7d0f804ce0c4.sdkstatcache -fmessage-length\=0 -fdiagnostics-show-note-include-stack -fmacro-backtrace-limit\=0 -fno-color-diagnostics -fmodules-prune-interval\=86400 -fmodules-prune-after\=345600 -fbuild-session-file\=/Users/momtajhusen/Library/Developer/Xcode/DerivedData/ModuleCache.noindex/Session.modulevalidation -fmodules-validate-once-per-build-session -Wnon-modular-include-in-framework-module -Werror\=non-modular-include-in-framework-module -Wno-trigraphs -Wno-missing-field-initializers -Wno-missing-prototypes -Werror\=return-type -Wdocumentation -Wunreachable-code -Werror\=deprecated-objc-isa-usage -Werror\=objc-root-class -Wno-non-virtual-dtor -Wno-overloaded-virtual -Wno-exit-time-destructors -Wno-missing-braces -Wparentheses -Wswitch -Wunused-function -Wno-unused-label -Wno-unused-parameter -Wunused-variable -Wunused-value -Wempty-body -Wuninitialized -Wconditional-uninitialized -Wno-unknown-pragmas -Wno-shadow -Wno-four-char-constants -Wno-conversion -Wconstant-conversion -Wint-conversion -Wbool-conversion -Wenum-conversion -Wno-float-conversion -Wnon-literal-null-conversion -Wobjc-literal-conversion -Wshorten-64-to-32 -Wno-newline-eof -Wno-c++11-extensions -Wno-implicit-fallthrough -fstrict-aliasing -Wdeprecated-declarations -Winvalid-offsetof -Wno-sign-conversion -Winfinite-recursion -Wmove -Wcomma -Wblock-capture-autoreleasing -Wstrict-prototypes -Wrange-loop-analysis -Wno-semicolon-before-method-body -Wunguarded-availability -index-store-path /Users/momtajhusen/Library/Developer/Xcode/DerivedData/UnderOneRoof-bvjuhnhcwjrvzafftvptbetbcgcq/Index.noindex/DataStore @/Users/momtajhusen/Library/Developer/Xcode/DerivedData/UnderOneRoof-bvjuhnhcwjrvzafftvptbetbcgcq/Build/Intermediates.noindex/Pods.build/Debug-iphonesimulator/ReactCodegen.build/Objects-normal/arm64/82b82416624d2658e5098eb0a28c15c5-common-args.resp -DFOLLY_NO_CONFIG -DFOLLY_MOBILE\=1 -DFOLLY_USE_LIBCPP\=1 -DFOLLY_CFG_NO_COROUTINES\=1 -DFOLLY_HAVE_CLOCK_GETTIME\=1 -Wno-comma -Wno-shorten-64-to-32 -Wno-documentation -Wno-nullability-completeness -std\=c++20 -include /Users/momtajhusen/Desktop/UnderOneRoof/ios/Pods/Target\ Support\ Files/ReactCodegen/ReactCodegen-prefix.pch -MMD -MT dependencies -MF /Users/momtajhusen/Library/Developer/Xcode/DerivedData/UnderOneRoof-bvjuhnhcwjrvzafftvptbetbcgcq/Build/Intermediates.noindex/Pods.build/Debug-iphonesimulator/ReactCodegen.build/Objects-normal/arm64/FBReactNativeSpecJSI-generated.d --serialize-diagnostics /Users/momtajhusen/Library/Developer/Xcode/DerivedData/UnderOneRoof-bvjuhnhcwjrvzafftvptbetbcgcq/Build/Intermediates.noindex/Pods.build/Debug-iphonesimulator/ReactCodegen.build/Objects-normal/arm64/FBReactNativeSpecJSI-generated.dia -c /Users/momtajhusen/Desktop/UnderOneRoof/ios/build/generated/ios/FBReactNativeSpecJSI-generated.cpp -o /Users/momtajhusen/Library/Developer/Xcode/DerivedData/UnderOneRoof-bvjuhnhcwjrvzafftvptbetbcgcq/Build/Intermediates.noindex/Pods.build/Debug-iphonesimulator/ReactCodegen.build/Objects-normal/arm64/FBReactNativeSpecJSI-generated.o -index-unit-output-path /Pods.build/Debug-iphonesimulator/ReactCodegen.build/Objects-normal/arm64/FBReactNativeSpecJSI-generated.o

debug 

debug CompileC /Users/momtajhusen/Library/Developer/Xcode/DerivedData/UnderOneRoof-bvjuhnhcwjrvzafftvptbetbcgcq/Build/Intermediates.noindex/Pods.build/Debug-iphonesimulator/ReactCodegen.build/Objects-normal/arm64/FBReactNativeSpec-generated.o /Users/momtajhusen/Desktop/UnderOneRoof/ios/build/generated/ios/FBReactNativeSpec/FBReactNativeSpec-generated.mm normal arm64 objective-c++ com.apple.compilers.llvm.clang.1_0.compiler (in target 'ReactCodegen' from project 'Pods')
    cd /Users/momtajhusen/Desktop/UnderOneRoof/ios/Pods
    
    Using response file: /Users/momtajhusen/Library/Developer/Xcode/DerivedData/UnderOneRoof-bvjuhnhcwjrvzafftvptbetbcgcq/Build/Intermediates.noindex/Pods.build/Debug-iphonesimulator/ReactCodegen.build/Objects-normal/arm64/af3fcb34312c57c0f52879cdce924b91-common-args.resp
    
    /Applications/Xcode.app/Contents/Developer/Toolchains/XcodeDefault.xctoolchain/usr/bin/clang -x objective-c++ -ivfsstatcache /Users/momtajhusen/Library/Developer/Xcode/DerivedData/SDKStatCaches.noindex/iphonesimulator18.5-22F76-d5fc8ad4295d2ef488fb7d0f804ce0c4.sdkstatcache -fmessage-length\=0 -fdiagnostics-show-note-include-stack -fmacro-backtrace-limit\=0 -fno-color-diagnostics -fmodules-prune-interval\=86400 -fmodules-prune-after\=345600 -fbuild-session-file\=/Users/momtajhusen/Library/Developer/Xcode/DerivedData/ModuleCache.noindex/Session.modulevalidation -fmodules-validate-once-per-build-session -Wnon-modular-include-in-framework-module -Werror\=non-modular-include-in-framework-module -Wno-trigraphs -Wno-missing-field-initializers -Wno-missing-prototypes -Werror\=return-type -Wdocumentation -Wunreachable-code -Wno-implicit-atomic-properties -Werror\=deprecated-objc-isa-usage -Wno-objc-interface-ivars -Werror\=objc-root-class -Wno-arc-repeated-use-of-weak -Wimplicit-retain-self -Wno-non-virtual-dtor -Wno-overloaded-virtual -Wno-exit-time-destructors -Wduplicate-method-match -Wno-missing-braces -Wparentheses -Wswitch -Wunused-function -Wno-unused-label -Wno-unused-parameter -Wunused-variable -Wunused-value -Wempty-body -Wuninitialized -Wconditional-uninitialized -Wno-unknown-pragmas -Wno-shadow -Wno-four-char-constants -Wno-conversion -Wconstant-conversion -Wint-conversion -Wbool-conversion -Wenum-conversion -Wno-float-conversion -Wnon-literal-null-conversion -Wobjc-literal-conversion -Wshorten-64-to-32 -Wno-newline-eof -Wno-selector -Wno-strict-selector-match -Wundeclared-selector -Wdeprecated-implementations -Wno-c++11-extensions -Wno-implicit-fallthrough -fstrict-aliasing -Wprotocol -Wdeprecated-declarations -Winvalid-offsetof -Wno-sign-conversion -Winfinite-recursion -Wmove -Wcomma -Wblock-capture-autoreleasing -Wstrict-prototypes -Wrange-loop-analysis -Wno-semicolon-before-method-body -Wunguarded-availability -index-store-path /Users/momtajhusen/Library/Developer/Xcode/DerivedData/UnderOneRoof-bvjuhnhcwjrvzafftvptbetbcgcq/Index.noindex/DataStore @/Users/momtajhusen/Library/Developer/Xcode/DerivedData/UnderOneRoof-bvjuhnhcwjrvzafftvptbetbcgcq/Build/Intermediates.noindex/Pods.build/Debug-iphonesimulator/ReactCodegen.build/Objects-normal/arm64/af3fcb34312c57c0f52879cdce924b91-common-args.resp -DFOLLY_NO_CONFIG -DFOLLY_MOBILE\=1 -DFOLLY_USE_LIBCPP\=1 -DFOLLY_CFG_NO_COROUTINES\=1 -DFOLLY_HAVE_CLOCK_GETTIME\=1 -Wno-comma -Wno-shorten-64-to-32 -Wno-documentation -Wno-nullability-completeness -std\=c++20 -include /Users/momtajhusen/Desktop/UnderOneRoof/ios/Pods/Target\ Support\ Files/ReactCodegen/ReactCodegen-prefix.pch -MMD -MT dependencies -MF /Users/momtajhusen/Library/Developer/Xcode/DerivedData/UnderOneRoof-bvjuhnhcwjrvzafftvptbetbcgcq/Build/Intermediates.noindex/Pods.build/Debug-iphonesimulator/ReactCodegen.build/Objects-normal/arm64/FBReactNativeSpec-generated.d --serialize-diagnostics /Users/momtajhusen/Library/Developer/Xcode/DerivedData/UnderOneRoof-bvjuhnhcwjrvzafftvptbetbcgcq/Build/Intermediates.noindex/Pods.build/Debug-iphonesimulator/ReactCodegen.build/Objects-normal/arm64/FBReactNativeSpec-generated.dia -c /Users/momtajhusen/Desktop/UnderOneRoof/ios/build/generated/ios/FBReactNativeSpec/FBReactNativeSpec-generated.mm -o /Users/momtajhusen/Library/Developer/Xcode/DerivedData/UnderOneRoof-bvjuhnhcwjrvzafftvptbetbcgcq/Build/Intermediates.noindex/Pods.build/Debug-iphonesimulator/ReactCodegen.build/Objects-normal/arm64/FBReactNativeSpec-generated.o -index-unit-output-path /Pods.build/Debug-iphonesimulator/ReactCodegen.build/Objects-normal/arm64/FBReactNativeSpec-generated.o

debug 

debug CompileC /Users/momtajhusen/Library/Developer/Xcode/DerivedData/UnderOneRoof-bvjuhnhcwjrvzafftvptbetbcgcq/Build/Intermediates.noindex/Pods.build/Debug-iphonesimulator/ReactCodegen.build/Objects-normal/arm64/EventEmitters-f2270eb1277b10abcdcfbff13e082b4b.o /Users/momtajhusen/Desktop/UnderOneRoof/ios/build/generated/ios/react/renderer/components/rnpdf/EventEmitters.cpp normal arm64 c++ com.apple.compilers.llvm.clang.1_0.compiler (in target 'ReactCodegen' from project 'Pods')
    cd /Users/momtajhusen/Desktop/UnderOneRoof/ios/Pods
    
    Using response file: /Users/momtajhusen/Library/Developer/Xcode/DerivedData/UnderOneRoof-bvjuhnhcwjrvzafftvptbetbcgcq/Build/Intermediates.noindex/Pods.build/Debug-iphonesimulator/ReactCodegen.build/Objects-normal/arm64/82b82416624d2658e5098eb0a28c15c5-common-args.resp
    
    /Applications/Xcode.app/Contents/Developer/Toolchains/XcodeDefault.xctoolchain/usr/bin/clang -x c++ -ivfsstatcache /Users/momtajhusen/Library/Developer/Xcode/DerivedData/SDKStatCaches.noindex/iphonesimulator18.5-22F76-d5fc8ad4295d2ef488fb7d0f804ce0c4.sdkstatcache -fmessage-length\=0 -fdiagnostics-show-note-include-stack -fmacro-backtrace-limit\=0 -fno-color-diagnostics -fmodules-prune-interval\=86400 -fmodules-prune-after\=345600 -fbuild-session-file\=/Users/momtajhusen/Library/Developer/Xcode/DerivedData/ModuleCache.noindex/Session.modulevalidation -fmodules-validate-once-per-build-session -Wnon-modular-include-in-framework-module -Werror\=non-modular-include-in-framework-module -Wno-trigraphs -Wno-missing-field-initializers -Wno-missing-prototypes -Werror\=return-type -Wdocumentation -Wunreachable-code -Werror\=deprecated-objc-isa-usage -Werror\=objc-root-class -Wno-non-virtual-dtor -Wno-overloaded-virtual -Wno-exit-time-destructors -Wno-missing-braces -Wparentheses -Wswitch -Wunused-function -Wno-unused-label -Wno-unused-parameter -Wunused-variable -Wunused-value -Wempty-body -Wuninitialized -Wconditional-uninitialized -Wno-unknown-pragmas -Wno-shadow -Wno-four-char-constants -Wno-conversion -Wconstant-conversion -Wint-conversion -Wbool-conversion -Wenum-conversion -Wno-float-conversion -Wnon-literal-null-conversion -Wobjc-literal-conversion -Wshorten-64-to-32 -Wno-newline-eof -Wno-c++11-extensions -Wno-implicit-fallthrough -fstrict-aliasing -Wdeprecated-declarations -Winvalid-offsetof -Wno-sign-conversion -Winfinite-recursion -Wmove -Wcomma -Wblock-capture-autoreleasing -Wstrict-prototypes -Wrange-loop-analysis -Wno-semicolon-before-method-body -Wunguarded-availability -index-store-path /Users/momtajhusen/Library/Developer/Xcode/DerivedData/UnderOneRoof-bvjuhnhcwjrvzafftvptbetbcgcq/Index.noindex/DataStore @/Users/momtajhusen/Library/Developer/Xcode/DerivedData/UnderOneRoof-bvjuhnhcwjrvzafftvptbetbcgcq/Build/Intermediates.noindex/Pods.build/Debug-iphonesimulator/ReactCodegen.build/Objects-normal/arm64/82b82416624d2658e5098eb0a28c15c5-common-args.resp -DFOLLY_NO_CONFIG -DFOLLY_MOBILE\=1 -DFOLLY_USE_LIBCPP\=1 -DFOLLY_CFG_NO_COROUTINES\=1 -DFOLLY_HAVE_CLOCK_GETTIME\=1 -Wno-comma -Wno-shorten-64-to-32 -Wno-documentation -Wno-nullability-completeness -std\=c++20 -include /Users/momtajhusen/Desktop/UnderOneRoof/ios/Pods/Target\ Support\ Files/ReactCodegen/ReactCodegen-prefix.pch -MMD -MT dependencies -MF /Users/momtajhusen/Library/Developer/Xcode/DerivedData/UnderOneRoof-bvjuhnhcwjrvzafftvptbetbcgcq/Build/Intermediates.noindex/Pods.build/Debug-iphonesimulator/ReactCodegen.build/Objects-normal/arm64/EventEmitters-f2270eb1277b10abcdcfbff13e082b4b.d --serialize-diagnostics /Users/momtajhusen/Library/Developer/Xcode/DerivedData/UnderOneRoof-bvjuhnhcwjrvzafftvptbetbcgcq/Build/Intermediates.noindex/Pods.build/Debug-iphonesimulator/ReactCodegen.build/Objects-normal/arm64/EventEmitters-f2270eb1277b10abcdcfbff13e082b4b.dia -c /Users/momtajhusen/Desktop/UnderOneRoof/ios/build/generated/ios/react/renderer/components/rnpdf/EventEmitters.cpp -o /Users/momtajhusen/Library/Developer/Xcode/DerivedData/UnderOneRoof-bvjuhnhcwjrvzafftvptbetbcgcq/Build/Intermediates.noindex/Pods.build/Debug-iphonesimulator/ReactCodegen.build/Objects-normal/arm64/EventEmitters-f2270eb1277b10abcdcfbff13e082b4b.o -index-unit-output-path /Pods.build/Debug-iphonesimulator/ReactCodegen.build/Objects-normal/arm64/EventEmitters-f2270eb1277b10abcdcfbff13e082b4b.o

CompileC /Users/momtajhusen/Library/Developer/Xcode/DerivedData/UnderOneRoof-bvjuhnhcwjrvzafftvptbetbcgcq/Build/Intermediates.noindex/Pods.build/Debug-iphonesimulator/ReactCodegen.build/Objects-normal/arm64/EventEmitters-e903c4304215e6ceb87c14cc886ff780.o /Users/momtajhusen/Desktop/UnderOneRoof/ios/build/generated/ios/react/renderer/components/rngesturehandler_codegen/EventEmitters.cpp normal arm64 c++ com.apple.compilers.llvm.clang.1_0.compiler (in target 'ReactCodegen' from project 'Pods')
    cd /Users/momtajhusen/Desktop/UnderOneRoof/ios/Pods
    
    Using response file: /Users/momtajhusen/Library/Developer/Xcode/DerivedData/UnderOneRoof-bvjuhnhcwjrvzafftvptbetbcgcq/Build/Intermediates.noindex/Pods.build/Debug-iphonesimulator/ReactCodegen.build/Objects-normal/arm64/82b82416624d2658e5098eb0a28c15c5-common-args.resp
    
    /Applications/Xcode.app/Contents/Developer/Toolchains/XcodeDefault.xctoolchain/usr/bin/clang -x c++ -ivfsstatcache /Users/momtajhusen/Library/Developer/Xcode/DerivedData/SDKStatCaches.noindex/iphonesimulator18.5-22F76-d5fc8ad4295d2ef488fb7d0f804ce0c4.sdkstatcache -fmessage-length\=0 -fdiagnostics-show-note-include-stack -fmacro-backtrace-limit\=0 -fno-color-diagnostics -fmodules-prune-interval\=86400 -fmodules-prune-after\=345600 -fbuild-session-file\=/Users/momtajhusen/Library/Developer/Xcode/DerivedData/ModuleCache.noindex/Session.modulevalidation -fmodules-validate-once-per-build-session -Wnon-modular-include-in-framework-module -Werror\=non-modular-include-in-framework-module -Wno-trigraphs -Wno-missing-field-initializers -Wno-missing-prototypes -Werror\=return-type -Wdocumentation -Wunreachable-code -Werror\=deprecated-objc-isa-usage -Werror\=objc-root-class -Wno-non-virtual-dtor -Wno-overloaded-virtual -Wno-exit-time-destructors -Wno-missing-braces -Wparentheses -Wswitch -Wunused-function -Wno-unused-label -Wno-unused-parameter -Wunused-variable -Wunused-value -Wempty-body -Wuninitialized -Wconditional-uninitialized -Wno-unknown-pragmas -Wno-shadow -Wno-four-char-constants -Wno-conversion -Wconstant-conversion -Wint-conversion -Wbool-conversion -Wenum-conversion -Wno-float-conversion -Wnon-literal-null-conversion -Wobjc-literal-conversion -Wshorten-64-to-32 -Wno-newline-eof -Wno-c++11-extensions -Wno-implicit-fallthrough -fstrict-aliasing -Wdeprecated-declarations -Winvalid-offsetof -Wno-sign-conversion -Winfinite-recursion -Wmove -Wcomma -Wblock-capture-autoreleasing -Wstrict-prototypes -Wrange-loop-analysis -Wno-semicolon-before-method-body -Wunguarded-availability -index-store-path /Users/momtajhusen/Library/Developer/Xcode/DerivedData/UnderOneRoof-bvjuhnhcwjrvzafftvptbetbcgcq/Index.noindex/DataStore @/Users/momtajhusen/Library/Developer/Xcode/DerivedData/UnderOneRoof-bvjuhnhcwjrvzafftvptbetbcgcq/Build/Intermediates.noindex/Pods.build/Debug-iphonesimulator/ReactCodegen.build/Objects-normal/arm64/82b82416624d2658e5098eb0a28c15c5-common-args.resp -DFOLLY_NO_CONFIG -DFOLLY_MOBILE\=1 -DFOLLY_USE_LIBCPP\=1 -DFOLLY_CFG_NO_COROUTINES\=1 -DFOLLY_HAVE_CLOCK_GETTIME\=1 -Wno-comma -Wno-shorten-64-to-32 -Wno-documentation -Wno-nullability-completeness -std\=c++20 -include /Users/momtajhusen/Desktop/UnderOneRoof/ios/Pods/Target\ Support\ Files/ReactCodegen/ReactCodegen-prefix.pch -MMD -MT dependencies -MF /Users/momtajhusen/Library/Developer/Xcode/DerivedData/UnderOneRoof-bvjuhnhcwjrvzafftvptbetbcgcq/Build/Intermediates.noindex/Pods.build/Debug-iphonesimulator/ReactCodegen.build/Objects-normal/arm64/EventEmitters-e903c4304215e6ceb87c14cc886ff780.d --serialize-diagnostics /Users/momtajhusen/Library/Developer/Xcode/DerivedData/UnderOneRoof-bvjuhnhcwjrvzafftvptbetbcgcq/Build/Intermediates.noindex/Pods.build/Debug-iphonesimulator/ReactCodegen.build/Objects-normal/arm64/EventEmitters-e903c4304215e6ceb87c14cc886ff780.dia -c /Users/momtajhusen/Desktop/UnderOneRoof/ios/build/generated/ios/react/renderer/comp
debug onents/rngesturehandler_codegen/EventEmitters.cpp -o /Users/momtajhusen/Library/Developer/Xcode/DerivedData/UnderOneRoof-bvjuhnhcwjrvzafftvptbetbcgcq/Build/Intermediates.noindex/Pods.build/Debug-iphonesimulator/ReactCodegen.build/Objects-normal/arm64/EventEmitters-e903c4304215e6ceb87c14cc886ff780.o -index-unit-output-path /Pods.build/Debug-iphonesimulator/ReactCodegen.build/Objects-normal/arm64/EventEmitters-e903c4304215e6ceb87c14cc886ff780.o

CompileC /Users/momtajhusen/Library/Developer/Xcode/DerivedData/UnderOneRoof-bvjuhnhcwjrvzafftvptbetbcgcq/Build/Intermediates.noindex/Pods.build/Debug-iphonesimulator/ReactCodegen.build/Objects-normal/arm64/EventEmitters-bcb1a062193c04cf118c18ae91126044.o /Users/momtajhusen/Desktop/UnderOneRoof/ios/build/generated/ios/react/renderer/components/rnpicker/EventEmitters.cpp normal arm64 c++ com.apple.compilers.llvm.clang.1_0.compiler (in target 'ReactCodegen' from project 'Pods')
    cd /Users/momtajhusen/Desktop/UnderOneRoof/ios/Pods
    
    Using response file: /Users/momtajhusen/Library/Developer/Xcode/DerivedData/UnderOneRoof-bvjuhnhcwjrvzafftvptbetbcgcq/Build/Intermediates.noindex/Pods.build/Debug-iphonesimulator/ReactCodegen.build/Objects-normal/arm64/82b82416624d2658e5098eb0a28c15c5-common-args.resp
    
    /Applications/Xcode.app/Contents/Developer/Toolchains/XcodeDefault.xctoolchain/usr/bin/clang -x c++ -ivfsstatcache /Users/momtajhusen/Library/Developer/Xcode/DerivedData/SDKStatCaches.noindex/iphonesimulator18.5-22F76-d5fc8ad4295d2ef488fb7d0f804ce0c4.sdkstatcache -fmessage-length\=0 -fdiagnostics-show-note-include-stack -fmacro-backtrace-limit\=0 -fno-color-diagnostics -fmodules-prune-interval\=86400 -fmodules-prune-after\=345600 -fbuild-session-file\=/Users/momtajhusen/Library/Developer/Xcode/DerivedData/ModuleCache.noindex/Session.modulevalidation -fmodules-validate-once-per-build-session -Wnon-modular-include-in-framework-module -Werror\=non-modular-include-in-framework-module -Wno-trigraphs -Wno-missing-field-initializers -Wno-missing-prototypes -Werror\=return-type -Wdocumentation -Wunreachable-code -Werror\=deprecated-objc-isa-usage -Werror\=objc-root-class -Wno-non-virtual-dtor -Wno-overloaded-virtual -Wno-exit-time-destructors -Wno-missing-braces -Wparentheses -Wswitch -Wunused-function -Wno-unused-label -Wno-unused-parameter -Wunused-variable -Wunused-value -Wempty-body -Wuninitialized -Wconditional-uninitialized -Wno-unknown-pragmas -Wno-shadow -Wno-four-char-constants -Wno-conversion -Wconstant-conversion -Wint-conversion -Wbool-conversion -Wenum-conversion -Wno-float-conversion -Wnon-literal-null-conversion -Wobjc-literal-conversion -Wshorten-64-to-32 -Wno-newline-eof -Wno-c++11-extensions -Wno-implicit-fallthrough -fstrict-aliasing -Wdeprecated-declarations -Winvalid-offsetof -Wno-sign-conversion -Winfinite-recursion -Wmove -Wcomma -Wblock-capture-autoreleasing -Wstrict-prototypes -Wrange-loop-analysis -Wno-semicolon-before-method-body -Wunguarded-availability -index-store-path /Users/momtajhusen/Library/Developer/Xcode/DerivedData/UnderOneRoof-bvjuhnhcwjrvzafftvptbetbcgcq/Index.noindex/DataStore @/Users/momtajhusen/Library/Developer/Xcode/DerivedData/UnderOneRoof-bvjuhnhcwjrvzafftvptbetbcgcq/Build/Intermediates.noindex/Pods.build/Debug-iphonesimulator/ReactCodegen.build/Objects-normal/arm64/82b82416624d2658e5098eb0a28c15c5-common-args.resp -DFOLLY_NO_CONFIG -DFOLLY_MOBILE\=1 -DFOLLY_USE_LIBCPP\=1 -DFOLLY_CFG_NO_COROUTINES\=1 -DFOLLY_HAVE_CLOCK_GETTIME\=1 -Wno-comma -Wno-shorten-64-to-32 -Wno-documentation -Wno-nullability-completeness -std\=c++20 -include /Users/momtajhusen/Desktop/UnderOneRoof/ios/Pods/Target\ Support\ Files/ReactCodegen/ReactCodegen-prefix.pch -MMD -MT dependencies -MF /Users/momtajhusen/Library/Developer/Xcode/DerivedData/UnderOneRoof-bvjuhnhcwjrvzafftvptbetbcgcq/Build/Intermediates.noindex/Pods.build/Debug-iphonesimulator/ReactCodegen.build/Objects-normal/arm64/EventEmitters-bcb1a062193c04cf118c18ae91126044.d --serialize-diagnostics /Users/momtajhusen/Library/Developer/Xcode/DerivedData/UnderOneRoof-bvjuhnhcwjrvzafftvptbetbcgcq/Build/Intermediates.noindex/Pods.build/Debug-iphonesimulator/ReactCodegen.build/Objects-normal/arm64/EventEmitters-bcb1a062193c04cf118c18ae91126044.dia -c /Users/momtajhusen/Desktop/UnderOneRoof/ios/build/generated/ios/react/renderer/components/rnpicker/EventEmitters.cpp -o /Users/momtajhusen/Library/Developer/Xcode/DerivedData/UnderOneRoof-bvjuhnhcwjrvzafftvptbetbcgcq/Build/Intermediates.noindex/Pods.build/Debug-iphonesimulator/ReactCodegen.build/Objects-normal/arm64/EventEmitters-bcb1a062193c04cf118c18ae91126044.o -index-unit-output-path /Pods.build/Debug-iphonesimulator/ReactCodegen.build/Objects-normal/arm64/EventEmitters-bcb1a062193c04cf118c18ae91126044.o


debug CompileC /Users/momtajhusen/Library/Developer/Xcode/DerivedData/UnderOneRoof-bvjuhnhcwjrvzafftvptbetbcgcq/Build/Intermediates.noindex/Pods.build/Debug-iphonesimulator/ReactCodegen.build/Objects-normal/arm64/EventEmitters-4533ba6b5f085b15a3386202e5736aad.o /Users/momtajhusen/Desktop/UnderOneRoof/ios/build/generated/ios/react/renderer/components/RNCWebViewSpec/EventEmitters.cpp normal arm64 c++ com.apple.compilers.llvm.clang.1_0.compiler (in target 'ReactCodegen' from project 'Pods')
    cd /Users/momtajhusen/Desktop/UnderOneRoof/ios/Pods
    
    Using response file: /Users/momtajhusen/Library/Developer/Xcode/DerivedData/UnderOneRoof-bvjuhnhcwjrvzafftvptbetbcgcq/Build/Intermediates.noindex/Pods.build/Debug-iphonesimulator/ReactCodegen.build/Objects-normal/arm64/82b82416624d2658e5098eb0a28c15c5-common-args.resp
    
    /Applications/Xcode.app/Contents/Developer/Toolchains/XcodeDefault.xctoolchain/usr/bin/clang -x c++ -ivfsstatcache /Users/momtajhusen/Library/Developer/Xcode/DerivedData/SDKStatCaches.noindex/iphonesimulator18.5-22F76-d5fc8ad4295d2ef488fb7d0f804ce0c4.sdkstatcache -fmessage-length\=0 -fdiagnostics-show-note-include-stack -fmacro-backtrace-limit\=0 -fno-color-diagnostics -fmodules-prune-interval\=86400 -fmodules-prune-after\=345600 -fbuild-session-file\=/Users/momtajhusen/Library/Developer/Xcode/DerivedData/ModuleCache.noindex/Session.modulevalidation -fmodules-validate-once-per-build-session -Wnon-modular-include-in-framework-module -Werror\=non-modular-include-in-framework-module -Wno-trigraphs -Wno-missing-field-initializers -Wno-missing-prototypes -Werror\=return-type -Wdocumentation -Wunreachable-code -Werror\=deprecated-objc-isa-usage -Werror\=objc-root-class -Wno-non-virtual-dtor -Wno-overloaded-virtual -Wno-exit-time-destructors -Wno-missing-braces -Wparentheses -Wswitch -Wunused-function -Wno-unused-label -Wno-unused-parameter -Wunused-variable -Wunused-value -Wempty-body -Wuninitialized -Wconditional-uninitialized -Wno-unknown-pragmas -Wno-shadow -Wno-four-char-constants -Wno-conversion -Wconstant-conversion -Wint-conversion -Wbool-conversion -Wenum-conversion -Wno-float-conversion -Wnon-literal-null-conversion -Wobjc-literal-conversion -Wshorten-64-to-32 -Wno-newline-eof -Wno-c++11-extensions -Wno-implicit-fallthrough -fstrict-aliasing -Wdeprecated-declarations -Winvalid-offsetof -Wno-sign-conversion -Winfinite-recursion -Wmove -Wcomma -Wblock-capture-autoreleasing -Wstrict-prototypes -Wrange-loop-analysis -Wno-semicolon-before-method-body -Wunguarded-availability -index-store-path /Users/momtajhusen/Library/Developer/Xcode/DerivedData/UnderOneRoof-bvjuhnhcwjrvzafftvptbetbcgcq/Index.noindex/DataStore @/Users/momtajhusen/Library/Developer/Xcode/DerivedData/UnderOneRoof-bvjuhnhcwjrvzafftvptbetbcgcq/Build/Intermediates.noindex/Pods.build/Debug-iphonesimulator/ReactCodegen.build/Objects-normal/arm64/82b82416624d2658e5098eb0a28c15c5-common-args.resp -DFOLLY_NO_CONFIG -DFOLLY_MOBILE\=1 -DFOLLY_USE_LIBCPP\=1 -DFOLLY_CFG_NO_COROUTINES\=1 -DFOLLY_HAVE_CLOCK_GETTIME\=1 -Wno-comma -Wno-shorten-64-to-32 -Wno-documentation -Wno-nullability-completeness -std\=c++20 -include /Users/momtajhusen/Desktop/UnderOneRoof/ios/Pods/Target\ Support\ Files/ReactCodegen/ReactCodegen-prefix.pch -MMD -MT dependencies -MF /Users/momtajhusen/Library/Developer/Xcode/DerivedData/UnderOneRoof-bvjuhnhcwjrvzafftvptbetbcgcq/Build/Intermediates.noindex/Pods.build/Debug-iphonesimulator/ReactCodegen.build/Objects-normal/arm64/EventEmitters-4533ba6b5f085b15a3386202e5736aad.d --serialize-diagnostics /Users/momtajhusen/Library/Developer/Xcode/DerivedData/UnderOneRoof-bvjuhnhcwjrvzafftvptbetbcgcq/Build/Intermediates.noindex/Pods.build/Debug-iphonesimulator/ReactCodegen.build/Objects-normal/arm64/EventEmitters-4533ba6b5f085b15a3386202e5736aad.dia -c /Users/momtajhusen/Desktop/UnderOneRoof/ios/build/generated/ios/react/renderer/components/RNCWebViewSpec/EventEmitters.cpp -o /Users/momtajhusen/Library/Developer/Xcode/DerivedData/UnderOneRoof-bvjuhnhcwjrvzafftvptbetbcgcq/Build/Intermediates.noindex/Pods.build/Debug-iphonesimulator/ReactCodegen.build/Objects-normal/arm64/EventEmitters-4533ba6b5f085b15a3386202e5736aad.o -index-unit-output-path /Pods.build/Debug-iphonesimulator/ReactCodegen.build/Objects-normal/arm64/EventEmitters-4533ba6b5f085b15a3386202e5736aad.o

debug 

debug CompileC /Users/momtajhusen/Library/Developer/Xcode/DerivedData/UnderOneRoof-bvjuhnhcwjrvzafftvptbetbcgcq/Build/Intermediates.noindex/Pods.build/Debug-iphonesimulator/ReactCodegen.build/Objects-normal/arm64/EventEmitters-068772b113c6fdf96a8171eeafc74f30.o /Users/momtajhusen/Desktop/UnderOneRoof/ios/build/generated/ios/react/renderer/components/safeareacontext/EventEmitters.cpp normal arm64 c++ com.apple.compilers.llvm.clang.1_0.compiler (in target 'ReactCodegen' from project 'Pods')
    cd /Users/momtajhusen/Desktop/UnderOneRoof/ios/Pods
    
    Using response file: /Users/momtajhusen/Library/Developer/Xcode/DerivedData/UnderOneRoof-bvjuhnhcwjrvzafftvptbetbcgcq/Build/Intermediates.noindex/Pods.build/Debug-iphonesimulator/ReactCodegen.build/Objects-normal/arm64/82b82416624d2658e5098eb0a28c15c5-common-args.resp
    
    /Applications/Xcode.app/Contents/Developer/Toolchains/XcodeDefault.xctoolchain/usr/bin/clang -x c++ -ivfsstatcache /Users/momtajhusen/Library/Developer/Xcode/DerivedData/SDKStatCaches.noindex/iphonesimulator18.5-22F76-d5fc8ad4295d2ef488fb7d0f804ce0c4.sdkstatcache -fmessage-length\=0 -fdiagnostics-show-note-include-stack -fmacro-backtrace-limit\=0 -fno-color-diagnostics -fmodules-prune-interval\=86400 -fmodules-prune-after\=345600 -fbuild-session-file\=/Users/momtajhusen/Library/Developer/Xcode/DerivedData/ModuleCache.noindex/Session.modulevalidation -fmodules-validate-once-per-build-session -Wnon-modular-include-in-framework-module -Werror\=non-modular-include-in-framework-module -Wno-trigraphs -Wno-missing-field-initializers -Wno-missing-prototypes -Werror\=return-type -Wdocumentation -Wunreachable-code -Werror\=deprecated-objc-isa-usage -Werror\=objc-root-class -Wno-non-virtual-dtor -Wno-overloaded-virtual -Wno-exit-time-destructors -Wno-missing-braces -Wparentheses -Wswitch -Wunused-function -Wno-unused-label -Wno-unused-parameter -Wunused-variable -Wunused-value -Wempty-body -Wuninitialized -Wconditional-uninitialized -Wno-unknown-pragmas -Wno-shadow -Wno-four-char-constants -Wno-conversion -Wconstant-conversion -Wint-conversion -Wbool-conversion -Wenum-conversion -Wno-float-conversion -Wnon-literal-null-conversion -Wobjc-literal-conversion -Wshorten-64-to-32 -Wno-newline-eof -Wno-c++11-extensions -Wno-implicit-fallthrough -fstrict-aliasing -Wdeprecated-declarations -Winvalid-offsetof -Wno-sign-conversion -Winfinite-recursion -Wmove -Wcomma -Wblock-capture-autoreleasing -Wstrict-prototypes -Wrange-loop-analysis -Wno-semicolon-before-method-body -Wunguarded-availability -index-store-path /Users/momtajhusen/Library/Developer/Xcode/DerivedData/UnderOneRoof-bvjuhnhcwjrvzafftvptbetbcgcq/Index.noindex/DataStore @/Users/momtajhusen/Library/Developer/Xcode/DerivedData/UnderOneRoof-bvjuhnhcwjrvzafftvptbetbcgcq/Build/Intermediates.noindex/Pods.build/Debug-iphonesimulator/ReactCodegen.build/Objects-normal/arm64/82b82416624d2658e5098eb0a28c15c5-common-args.resp -DFOLLY_NO_CONFIG -DFOLLY_MOBILE\=1 -DFOLLY_USE_LIBCPP\=1 -DFOLLY_CFG_NO_COROUTINES\=1 -DFOLLY_HAVE_CLOCK_GETTIME\=1 -Wno-comma -Wno-shorten-64-to-32 -Wno-documentation -Wno-nullability-completeness -std\=c++20 -include /Users/momtajhusen/Desktop/UnderOneRoof/ios/Pods/Target\ Support\ Files/ReactCodegen/ReactCodegen-prefix.pch -MMD -MT dependencies -MF /Users/momtajhusen/Library/Developer/Xcode/DerivedData/UnderOneRoof-bvjuhnhcwjrvzafftvptbetbcgcq/Build/Intermediates.noindex/Pods.build/Debug-iphonesimulator/ReactCodegen.build/Objects-normal/arm64/EventEmitters-068772b113c6fdf96a8171eeafc74f30.d --serialize-diagnostics /Users/momtajhusen/Library/Developer/Xcode/DerivedData/UnderOneRoof-bvjuhnhcwjrvzafftvptbetbcgcq/Build/Intermediates.noindex/Pods.build/Debug-iphonesimulator/ReactCodegen.build/Objects-normal/arm64/EventEmitters-068772b113c6fdf96a8171eeafc74f30.dia -c /Users/momtajhusen/Desktop/UnderOneRoof/ios/build/generated/ios/react/renderer/components/safeareacontext/EventEmitters.cpp -o /Users/momtajhusen/Library/Developer/Xcode/DerivedData/UnderOneRoof-bvjuhnhcwjrvzafftvptbetbcgcq/Build/Intermediates.noindex/Pods.build/Debug-iphonesimulator/ReactCodegen.build/Objects-normal/arm64/EventEmitters-068772b113c6fdf96a8171eeafc74f30.o -index-unit-output-path /Pods.build/Debug-iphonesimulator/ReactCodegen.build/Objects-normal/arm64/EventEmitters-068772b113c6fdf96a8171eeafc74f30.o

CompileC /Users/momtajhusen/Library/Developer/Xcode/DerivedData/UnderOneRoof-bvjuhnhcwjrvzafftvptbetbcgcq/Build/Intermediates.noindex/Pods.build/Debug-iphonesimulator/ReactCodegen.build/Objects-normal/arm64/EventEmitters-01d563a414106859b56b6354b99fc17a.o /Users/momtajhusen/Desktop/UnderOneRoof/ios/build/generated/ios/react/renderer/components/RNDateTimePickerCGen/EventEmitters.cpp normal arm64 c++ com.apple.compilers.llvm.clang.1_0.compiler (in target 'ReactCodegen' from project 'Pods')
    cd /Users/momtajhusen/Desktop/UnderOneRoof/ios/Pods
    
    Using response file: /Users/momtajhusen/Library/Developer/Xcode/DerivedData/UnderOneRoof-bvjuhnhcwjrvzafftvptbetbcgcq/Build/Intermediates.noindex/Pods.build/Debug-iphonesimulator/ReactCodegen.build/Objects-normal/arm64/82b82416624d2658e5098eb0a28c15c5-common-args.resp
    
    /Applications/Xcode.app/Contents/Developer/Toolchains/XcodeDefault.xctoolchain/usr/bin/clang -x c++ -ivfsstatcache /Users/momtajhusen/Library/Developer/Xcode/DerivedData/SDKStatCaches.noindex/iphonesimulator18.5-22F76-d5fc8ad4295d2ef488fb7d0f804ce0c4.sdkstatcache -fmessage-length\=0 -fdiagnostics-show-note-include-stack -fmacro-backtrace-limit\=0 -fno-color-diagnostics -fmodules-prune-interval\=86400 -fmodules-prune-after\=345600 -fbuild-session-file\=/Users/momtajhusen/Library/Developer/Xcode/DerivedData/ModuleCache.noindex/Session.modulevalidation -fmodules-validate-once-per-build-session -Wnon-modular-include-in-framework-module -Werror\=non-modular-include-in-framework-module -Wno-trigraphs -Wno-missing-field-initializers -Wno-missing-prototypes -Werror\=return-type -Wdocumentation -Wunreachable-code -Werror\=deprecated-objc-isa-usage -Werror\=objc-root-class -Wno-non-virtual-dtor -Wno-overloaded-virtual -Wno-exit-time-destructors -Wno-missing-braces -Wparentheses -Wswitch -Wunused-function -Wno-unused-label -Wno-unused-parameter -Wunused-variable -Wunused-value -Wempty-body -Wuninitialized -Wconditional-uninitialized -Wno-unknown-pragmas -Wno-shadow -Wno-four-char-constants -Wno-conversion -Wconstant-conversion -Wint-conversion -Wbool-conversion -Wenum-conversion -Wno-float-conversion -Wnon-literal-null-conversion -Wobjc-literal-conversion -Wshorten-64-to-32 -Wno-newline-eof -Wno-c++11-extensions -Wno-implicit-fallthrough -fstrict-aliasing -Wdeprecated-declarations -Winvalid-offsetof -Wno-sign-conversion -Winfinite-recursion -Wmove -Wcomma -Wblock-capture-autoreleasing -Wstrict-prototypes -Wrange-loop-analysis -Wno-semicolon-before-method-body -Wunguarded-availability -index-store-path /Users/momtajhusen/Library/Developer/Xcode/DerivedData/UnderOneRoof-bvjuhnhcwjrvzafftvptbetbcgcq/Index.noindex/DataStore @/Users/momtajhusen/Library/Developer/Xcode/DerivedData/UnderOneRoof-bvjuhnhcwjrvzafftvptbetbcgcq/Build/Intermediates.noindex/Pods.build/Debug-iphonesimulator/ReactCodegen.build/Objects-normal/arm64/82b82416624d2658e5098eb0a28c15c5-common-args.resp -DFOLLY_NO_CONFIG -DFOLLY_MOBILE\=1 -DFOLLY_USE_LIBCPP\=1 -DFOLLY_CFG_NO_COROUTINES\=1 -DFOLLY_HAVE_CLOCK_GETTIME\=1 -Wno-comma -Wno-shorten-64-to-32 -Wno-documentation -Wno-nullability-completeness -std\=c++20 -include /Users/momtajhusen/Desktop/UnderOneRoof/ios/Pods/Target\ Support\ Files/ReactCodegen/ReactCodegen-prefix.pch -MMD -MT dependencies -MF /Users/momtajhusen/Library/Developer/Xcode/DerivedData/UnderOneRoof-bvjuhnhcwjrvzafftvptbetbcgcq/Build/Intermediates.noindex/Pods.build/Debug-iphonesimulator/ReactCodegen.build/Objects-normal/arm64/EventEmitters-01d563a414106859b56b6354b99fc17a.d --serialize-diagnostics /Users/momtajhusen/Library/Developer/Xcode/DerivedData/UnderOneRoof-bvjuhnhcwjrvzafftvptbetbcgcq/Build/Intermediates.noindex/Pods.build/Debug-iphonesimulator/ReactCodegen.build/Objects-normal/arm64/EventEmitters-01d563a414106859b56b6354b99fc17a.dia -c /Users/momtajhusen/Desktop/UnderOneRoof/ios/build/generated/ios/rea
debug ct/renderer/components/RNDateTimePickerCGen/EventEmitters.cpp -o /Users/momtajhusen/Library/Developer/Xcode/DerivedData/UnderOneRoof-bvjuhnhcwjrvzafftvptbetbcgcq/Build/Intermediates.noindex/Pods.build/Debug-iphonesimulator/ReactCodegen.build/Objects-normal/arm64/EventEmitters-01d563a414106859b56b6354b99fc17a.o -index-unit-output-path /Pods.build/Debug-iphonesimulator/ReactCodegen.build/Objects-normal/arm64/EventEmitters-01d563a414106859b56b6354b99fc17a.o

CompileC /Users/momtajhusen/Library/Developer/Xcode/DerivedData/UnderOneRoof-bvjuhnhcwjrvzafftvptbetbcgcq/Build/Intermediates.noindex/Pods.build/Debug-iphonesimulator/ReactCodegen.build/Objects-normal/arm64/ComponentDescriptors-f937d7e536c0d360664b217b64e5e8af.o /Users/momtajhusen/Desktop/UnderOneRoof/ios/build/generated/ios/react/renderer/components/rnscreens/ComponentDescriptors.cpp normal arm64 c++ com.apple.compilers.llvm.clang.1_0.compiler (in target 'ReactCodegen' from project 'Pods')
    cd /Users/momtajhusen/Desktop/UnderOneRoof/ios/Pods
    
    Using response file: /Users/momtajhusen/Library/Developer/Xcode/DerivedData/UnderOneRoof-bvjuhnhcwjrvzafftvptbetbcgcq/Build/Intermediates.noindex/Pods.build/Debug-iphonesimulator/ReactCodegen.build/Objects-normal/arm64/82b82416624d2658e5098eb0a28c15c5-common-args.resp
    
    /Applications/Xcode.app/Contents/Developer/Toolchains/XcodeDefault.xctoolchain/usr/bin/clang -x c++ -ivfsstatcache /Users/momtajhusen/Library/Developer/Xcode/DerivedData/SDKStatCaches.noindex/iphonesimulator18.5-22F76-d5fc8ad4295d2ef488fb7d0f804ce0c4.sdkstatcache -fmessage-length\=0 -fdiagnostics-show-note-include-stack -fmacro-backtrace-limit\=0 -fno-color-diagnostics -fmodules-prune-interval\=86400 -fmodules-prune-after\=345600 -fbuild-session-file\=/Users/momtajhusen/Library/Developer/Xcode/DerivedData/ModuleCache.noindex/Session.modulevalidation -fmodules-validate-once-per-build-session -Wnon-modular-include-in-framework-module -Werror\=non-modular-include-in-framework-module -Wno-trigraphs -Wno-missing-field-initializers -Wno-missing-prototypes -Werror\=return-type -Wdocumentation -Wunreachable-code -Werror\=deprecated-objc-isa-usage -Werror\=objc-root-class -Wno-non-virtual-dtor -Wno-overloaded-virtual -Wno-exit-time-destructors -Wno-missing-braces -Wparentheses -Wswitch -Wunused-function -Wno-unused-label -Wno-unused-parameter -Wunused-variable -Wunused-value -Wempty-body -Wuninitialized -Wconditional-uninitialized -Wno-unknown-pragmas -Wno-shadow -Wno-four-char-constants -Wno-conversion -Wconstant-conversion -Wint-conversion -Wbool-conversion -Wenum-conversion -Wno-float-conversion -Wnon-literal-null-conversion -Wobjc-literal-conversion -Wshorten-64-to-32 -Wno-newline-eof -Wno-c++11-extensions -Wno-implicit-fallthrough -fstrict-aliasing -Wdeprecated-declarations -Winvalid-offsetof -Wno-sign-conversion -Winfinite-recursion -Wmove -Wcomma -Wblock-capture-autoreleasing -Wstrict-prototypes -Wrange-loop-analysis -Wno-semicolon-before-method-body -Wunguarded-availability -index-store-path /Users/momtajhusen/Library/Developer/Xcode/DerivedData/UnderOneRoof-bvjuhnhcwjrvzafftvptbetbcgcq/Index.noindex/DataStore @/Users/momtajhusen/Library/Developer/Xcode/DerivedData/UnderOneRoof-bvjuhnhcwjrvzafftvptbetbcgcq/Build/Intermediates.noindex/Pods.build/Debug-iphonesimulator/ReactCodegen.build/Objects-normal/arm64/82b82416624d2658e5098eb0a28c15c5-common-args.resp -DFOLLY_NO_CONFIG -DFOLLY_MOBILE\=1 -DFOLLY_USE_LIBCPP\=1 -DFOLLY_CFG_NO_COROUTINES\=1 -DFOLLY_HAVE_CLOCK_GETTIME\=1 -Wno-comma -Wno-shorten-64-to-32 -Wno-documentation -Wno-nullability-completeness -std\=c++20 -include /Users/momtajhusen/Desktop/UnderOneRoof/ios/Pods/Target\ Support\ Files/ReactCodegen/ReactCodegen-prefix.pch -MMD -MT dependencies -MF /Users/momtajhusen/Library/Developer/Xcode/DerivedData/UnderOneRoof-bvjuhnhcwjrvzafftvptbetbcgcq/Build/Intermediates.noindex/Pods.build/Debug-iphonesimulator/ReactCodegen.build/Objects-normal/arm64/ComponentDescriptors-f937d7e536c0d360664b217b64e5e8af.d --serialize-diagnostics /Users/momtajhusen/Library/Developer/Xcode/DerivedData/UnderOneRoof-bvjuhnhcwjrvzafftvptbetbcgcq/Build/Intermediates.noindex/Pods.build/Debug-iphonesimulator/ReactCodegen.build/Objects-normal/arm64/ComponentDescriptors-f937d7e536c0d360664b217b64e5e8af.dia -c /Users/momtajhusen/Desktop/UnderOneRoof/ios/build/generated/ios/react/renderer/components/rnscreens/ComponentDescriptors.cpp -o /Users/momtajhusen/Library/Developer/Xcode/DerivedData/UnderOneRoof-bvjuhnhcwjrvzafftvptbetbcgcq/Build/Intermediates.noindex/Pods.build/Debug-iphonesimulator/ReactCodegen.build/Objects-normal/arm64/ComponentDescriptors-f937d7e536c0d360664b217b64e5e8af.o -index-unit-output-path /Pods.build/Debug-iphonesimulator/ReactCodegen.build/Objects-normal/arm64/ComponentDescriptors-f937d7e536c0d360664b217b64e5e8af.o

debug 

debug CompileC /Users/momtajhusen/Library/Developer/Xcode/DerivedData/UnderOneRoof-bvjuhnhcwjrvzafftvptbetbcgcq/Build/Intermediates.noindex/Pods.build/Debug-iphonesimulator/ReactCodegen.build/Objects-normal/arm64/ComponentDescriptors-4336488fa8163b95f91b4239f62abfc4.o /Users/momtajhusen/Desktop/UnderOneRoof/ios/build/generated/ios/react/renderer/components/rnpicker/ComponentDescriptors.cpp normal arm64 c++ com.apple.compilers.llvm.clang.1_0.compiler (in target 'ReactCodegen' from project 'Pods')
    cd /Users/momtajhusen/Desktop/UnderOneRoof/ios/Pods
    
    Using response file: /Users/momtajhusen/Library/Developer/Xcode/DerivedData/UnderOneRoof-bvjuhnhcwjrvzafftvptbetbcgcq/Build/Intermediates.noindex/Pods.build/Debug-iphonesimulator/ReactCodegen.build/Objects-normal/arm64/82b82416624d2658e5098eb0a28c15c5-common-args.resp
    
    /Applications/Xcode.app/Contents/Developer/Toolchains/XcodeDefault.xctoolchain/usr/bin/clang -x c++ -ivfsstatcache /Users/momtajhusen/Library/Developer/Xcode/DerivedData/SDKStatCaches.noindex/iphonesimulator18.5-22F76-d5fc8ad4295d2ef488fb7d0f804ce0c4.sdkstatcache -fmessage-length\=0 -fdiagnostics-show-note-include-stack -fmacro-backtrace-limit\=0 -fno-color-diagnostics -fmodules-prune-interval\=86400 -fmodules-prune-after\=345600 -fbuild-session-file\=/Users/momtajhusen/Library/Developer/Xcode/DerivedData/ModuleCache.noindex/Session.modulevalidation -fmodules-validate-once-per-build-session -Wnon-modular-include-in-framework-module -Werror\=non-modular-include-in-framework-module -Wno-trigraphs -Wno-missing-field-initializers -Wno-missing-prototypes -Werror\=return-type -Wdocumentation -Wunreachable-code -Werror\=deprecated-objc-isa-usage -Werror\=objc-root-class -Wno-non-virtual-dtor -Wno-overloaded-virtual -Wno-exit-time-destructors -Wno-missing-braces -Wparentheses -Wswitch -Wunused-function -Wno-unused-label -Wno-unused-parameter -Wunused-variable -Wunused-value -Wempty-body -Wuninitialized -Wconditional-uninitialized -Wno-unknown-pragmas -Wno-shadow -Wno-four-char-constants -Wno-conversion -Wconstant-conversion -Wint-conversion -Wbool-conversion -Wenum-conversion -Wno-float-conversion -Wnon-literal-null-conversion -Wobjc-literal-conversion -Wshorten-64-to-32 -Wno-newline-eof -Wno-c++11-extensions -Wno-implicit-fallthrough -fstrict-aliasing -Wdeprecated-declarations -Winvalid-offsetof -Wno-sign-conversion -Winfinite-recursion -Wmove -Wcomma -Wblock-capture-autoreleasing -Wstrict-prototypes -Wrange-loop-analysis -Wno-semicolon-before-method-body -Wunguarded-availability -index-store-path /Users/momtajhusen/Library/Developer/Xcode/DerivedData/UnderOneRoof-bvjuhnhcwjrvzafftvptbetbcgcq/Index.noindex/DataStore @/Users/momtajhusen/Library/Developer/Xcode/DerivedData/UnderOneRoof-bvjuhnhcwjrvzafftvptbetbcgcq/Build/Intermediates.noindex/Pods.build/Debug-iphonesimulator/ReactCodegen.build/Objects-normal/arm64/82b82416624d2658e5098eb0a28c15c5-common-args.resp -DFOLLY_NO_CONFIG -DFOLLY_MOBILE\=1 -DFOLLY_USE_LIBCPP\=1 -DFOLLY_CFG_NO_COROUTINES\=1 -DFOLLY_HAVE_CLOCK_GETTIME\=1 -Wno-comma -Wno-shorten-64-to-32 -Wno-documentation -Wno-nullability-completeness -std\=c++20 -include /Users/momtajhusen/Desktop/UnderOneRoof/ios/Pods/Target\ Support\ Files/ReactCodegen/ReactCodegen-prefix.pch -MMD -MT dependencies -MF /Users/momtajhusen/Library/Developer/Xcode/DerivedData/UnderOneRoof-bvjuhnhcwjrvzafftvptbetbcgcq/Build/Intermediates.noindex/Pods.build/Debug-iphonesimulator/ReactCodegen.build/Objects-normal/arm64/ComponentDescriptors-4336488fa8163b95f91b4239f62abfc4.d --serialize-diagnostics /Users/momtajhusen/Library/Developer/Xcode/DerivedData/UnderOneRoof-bvjuhnhcwjrvzafftvptbetbcgcq/Build/Intermediates.noindex/Pods.build/Debug-iphonesimulator/ReactCodegen.build/Objects-normal/arm64/ComponentDescriptors-4336488fa8163b95f91b4239f62abfc4.dia -c /Users/momtajhusen/Desktop/UnderOneRoof/ios/build/generated/ios/react/renderer/components/rnpicker/ComponentDescriptors.cpp -o /Users/momtajhusen/Library/Developer/Xcode/DerivedData/UnderOneRoof-bvjuhnhcwjrvzafftvptbetbcgcq/Build/Intermediates.noindex/Pods.build/Debug-iphonesimulator/ReactCodegen.build/Objects-normal/arm64/ComponentDescriptors-4336488fa8163b95f91b4239f62abfc4.o -index-unit-output-path /Pods.build/Debug-iphonesimulator/ReactCodegen.build/Objects-normal/arm64/ComponentDescriptors-4336488fa8163b95f91b4239f62abfc4.o


debug Libtool /Users/momtajhusen/Library/Developer/Xcode/DerivedData/UnderOneRoof-bvjuhnhcwjrvzafftvptbetbcgcq/Build/Products/Debug-iphonesimulator/ReactCodegen/libReactCodegen.a normal (in target 'ReactCodegen' from project 'Pods')
    cd /Users/momtajhusen/Desktop/UnderOneRoof/ios/Pods
    /Applications/Xcode.app/Contents/Developer/Toolchains/XcodeDefault.xctoolchain/usr/bin/libtool -static -arch_only arm64 -D -syslibroot /Applications/Xcode.app/Contents/Developer/Platforms/iPhoneSimulator.platform/Developer/SDKs/iPhoneSimulator18.5.sdk -L/Users/momtajhusen/Library/Developer/Xcode/DerivedData/UnderOneRoof-bvjuhnhcwjrvzafftvptbetbcgcq/Build/Products/Debug-iphonesimulator/ReactCodegen -filelist /Users/momtajhusen/Library/Developer/Xcode/DerivedData/UnderOneRoof-bvjuhnhcwjrvzafftvptbetbcgcq/Build/Intermediates.noindex/Pods.build/Debug-iphonesimulator/ReactCodegen.build/Objects-normal/arm64/ReactCodegen.LinkFileList -dependency_info /Users/momtajhusen/Library/Developer/Xcode/DerivedData/UnderOneRoof-bvjuhnhcwjrvzafftvptbetbcgcq/Build/Intermediates.noindex/Pods.build/Debug-iphonesimulator/ReactCodegen.build/Objects-normal/arm64/ReactCodegen_libtool_dependency_info.dat -o /Users/momtajhusen/Library/Developer/Xcode/DerivedData/UnderOneRoof-bvjuhnhcwjrvzafftvptbetbcgcq/Build/Products/Debug-iphonesimulator/ReactCodegen/libReactCodegen.a

debug 

debug warning: Run script build phase '[CP-User] [RN]Check rncore' will be run during every build because it does not specify any outputs. To address this issue, either add output dependencies to the script phase, or configure it to run in every build by unchecking "Based on dependency analysis" in the script phase. (in target 'React-FabricComponents' from project 'Pods')

debug PhaseScriptExecution [CP-User]\ [RN]Check\ rncore /Users/momtajhusen/Library/Developer/Xcode/DerivedData/UnderOneRoof-bvjuhnhcwjrvzafftvptbetbcgcq/Build/Intermediates.noindex/Pods.build/Debug-iphonesimulator/React-FabricComponents.build/Script-46EB2E00024B40.sh (in target 'React-FabricComponents' from project 'Pods')
    cd /Users/momtajhusen/Desktop/UnderOneRoof/ios/Pods
    export ACTION\=build
    export AD_HOC_CODE_SIGNING_ALLOWED\=YES
    export ALLOW_BUILD_REQUEST_OVERRIDES\=NO
    export ALLOW_TARGET_PLATFORM_SPECIALIZATION\=NO
    export ALTERNATE_GROUP\=staff
    export ALTERNATE_MODE\=u+w,go-w,a+rX
    export ALTERNATE_OWNER\=momtajhusen
    export ALTERNATIVE_DISTRIBUTION_WEB\=NO
    export ALWAYS_EMBED_SWIFT_STANDARD_LIBRARIES\=NO
    export ALWAYS_SEARCH_USER_PATHS\=NO
    export ALWAYS_USE_SEPARATE_HEADERMAPS\=NO
    export APPLICATION_EXTENSION_API_ONLY\=NO
    export APPLY_RULES_IN_COPY_FILES\=NO
    export APPLY_RULES_IN_COPY_HEADERS\=NO
    export APP_SHORTCUTS_ENABLE_FLEXIBLE_MATCHING\=YES
    export ARCHS\=arm64
    export ARCHS_STANDARD\=arm64\ x86_64
    export ARCHS_STANDARD_32_64_BIT\=arm64\ x86_64
    export ARCHS_STANDARD_64_BIT\=arm64\ x86_64
    export ARCHS_STANDARD_INCLUDING_64_BIT\=arm64\ x86_64
    export ARCHS_UNIVERSAL_IPHONE_OS\=arm64\ x86_64
    export ASSETCATALOG_FILTER_FOR_DEVICE_MODEL\=iPhone17,1
    export ASSETCATALOG_FILTER_FOR_DEVICE_OS_VERSION\=18.5
    export ASSETCATALOG_FILTER_FOR_THINNING_DEVICE_CONFIGURATION\=iPhone17,1
    export AUTOMATICALLY_MERGE_DEPENDENCIES\=NO
    export AVAILABLE_PLATFORMS\=android\ appletvos\ appletvsimulator\ driverkit\ iphoneos\ iphonesimulator\ macosx\ qnx\ watchos\ watchsimulator\ xros\ xrsimulator
    export BITCODE_GENERATION_MODE\=marker
    export BUILD_ACTIVE_RESOURCES_ONLY\=YES
    export BUILD_COMPONENTS\=headers\ build
    export BUILD_DIR\=/Users/momtajhusen/Library/Developer/Xcode/DerivedData/UnderOneRoof-bvjuhnhcwjrvzafftvptbetbcgcq/Build/Products
    export BUILD_LIBRARY_FOR_DISTRIBUTION\=NO
    export BUILD_ROOT\=/Users/momtajhusen/Library/Developer/Xcode/DerivedData/UnderOneRoof-bvjuhnhcwjrvzafftvptbetbcgcq/Build/Products
    export BUILD_STYLE\=
    export BUILD_VARIANTS\=normal
    export BUILT_PRODUCTS_DIR\=/Users/momtajhusen/Library/Developer/Xcode/DerivedData/UnderOneRoof-bvjuhnhcwjrvzafftvptbetbcgcq/Build/Products/Debug-iphonesimulator/React-FabricComponents
    export BUNDLE_CONTENTS_FOLDER_PATH_deep\=Contents/
    export BUNDLE_EXECUTABLE_FOLDER_NAME_deep\=MacOS
    export BUNDLE_EXTENSIONS_FOLDER_PATH\=Extensions
    export BUNDLE_FORMAT\=shallow
    export BUNDLE_FRAMEWORKS_FOLDER_PATH\=Frameworks
    export BUNDLE_PLUGINS_FOLDER_PATH\=PlugIns
    export BUNDLE_PRIVATE_HEADERS_FOLDER_PATH\=PrivateHeaders
    export BUNDLE_PUBLIC_HEADERS_FOLDER_PATH\=Headers
    export CACHE_ROOT\=/var/folders/16/zpvg3mmj60z93jdqm4mqc_xw0000gn/C/com.apple.DeveloperTools/16.4-16F6/Xcode
    export CCHROOT\=/var/folders/16/zpvg3mmj60z93jdqm4mqc_xw0000gn/C/com.apple.DeveloperTools/16.4-16F6/Xcode
    export CHMOD\=/bin/chmod
    export CHOWN\=/usr/sbin/chown
    export CLANG_ANALYZER_LOCALIZABILITY_NONLOCALIZED\=YES
    export CLANG_ANALYZER_NONNULL\=YES
    export CLANG_ANALYZER_NUMBER_OBJECT_CONVERSION\=YES_AGGRESSIVE
    export CLANG_CACHE_FINE_GRAINED_OUTPUTS\=YES
    export CLANG_CXX_LANGUAGE_STANDARD\=c++20
    export CLANG_CXX_LIBRARY\=libc++
    export CLANG_ENABLE_EXPLICIT_MODULES\=YES
    export CLANG_ENABLE_MODULES\=YES
    export CLANG_ENABLE_MODULE_DEBUGGING\=NO
    export CLANG_ENABLE_OBJC_ARC\=YES
    export CLANG_ENABLE_OBJC_WEAK\=NO
    export CLANG_MODULES_BUILD_SESSION_FILE\=/Users/momtajhusen/Library/Developer/Xcode/DerivedData/ModuleCache.noindex/Session.modulevalidation
    export CLANG_WARN_BLOCK_CAPTURE_AUTORELEASING\=YES
    export CLANG_WARN_BOOL_CONVERSION\=YES
    export CLANG_WARN_COMMA\=YES
    export CLANG_WARN_CONSTANT_CONVERSION\=YES
    export CLANG_WARN_DEPRECATED_OBJC_IMPLEMENTATIONS\=YES
    export CLANG_WARN_DIRECT_OBJC_ISA_USAGE\=YES_ERROR
    export CLANG_WARN_DOCUMENTATION_COMMENTS\=YES
    export CLANG_WARN_EMPTY_BODY\=YES
    export CLANG_WARN_ENUM_CONVERSION\=YES
    export CLANG_WARN_INFINITE_RECURSION\=YES
    export CLANG_WARN_INT_CONVERSION\=YES
    export CLANG_WARN_NON_LITERAL_NULL_CONVERSION\=YES
    export CLANG_WARN_OBJC_IMPLICIT_RETAIN_SELF\=YES
    export CLANG_WARN_OBJC_LITERAL_CONVERSION\=YES
    export CLANG_WARN_OBJC_ROOT_CLASS\=YES_ERROR
    export CLANG_WARN_QUOTED_INCLUDE_IN_FRAMEWORK_HEADER\=NO
    export CLANG_WARN_RANGE_LOOP_ANALYSIS\=YES
    export CLANG_WARN_STRICT_PROTOTYPES\=YES
    export CLANG_WARN_SUSPICIOUS_MOVE\=YES
    export CLANG_WARN_UNGUARDED_AVAILABILITY\=YES_AGGRESSIVE
    export CLANG_WARN_UNREACHABLE_CODE\=YES
    export CLANG_WARN__DUPLICATE_METHOD_MATCH\=YES
    export CLASS_FILE_DIR\=/Users/momtajhusen/Library/Developer/Xcode/DerivedData/UnderOneRoof-bvjuhnhcwjrvzafftvptbetbcgcq/Build/Intermediates.noindex/Pods.build/Debug-iphonesimulator/React-FabricComponents.build/JavaClasses
    export CLEAN_PRECOMPS\=YES
    export CLONE_HEADERS\=NO
    export CODESIGNING_FOLDER_PATH\=/Users/momtajhusen/Library/Developer/Xcode/DerivedData/UnderOneRoof-bvjuhnhcwjrvzafftvptbetbcgcq/Build/Products/Debug-iphonesimulator/React-FabricComponents/libReact-FabricComponents.a
    export CODE_SIGNING_ALLOWED\=NO
    export CODE_SIGNING_REQUIRED\=YES
    export CODE_SIGN_CONTEXT_CLASS\=XCiPhoneSimulatorCodeSignContext
    export CODE_SIGN_IDENTITY\=-
    export CODE_SIGN_INJECT_BASE_ENTITLEMENTS\=YES
    export COLOR_DIAGNOSTICS\=NO
    export COMBINE_HIDPI_IMAGES\=NO
    export COMPILATION_CACHE_CAS_PATH\=/Users/momtajhusen/Library/Developer/Xcode/DerivedData/CompilationCache.noindex
    export COMPILATION_CACHE_KEEP_CAS_DIRECTORY\=YES
    export COMPILER_INDEX_STORE_ENABLE\=Default
    export COMPOSITE_SDK_DIRS\=/Users/momtajhusen/Library/Developer/Xcode/DerivedData/UnderOneRoof-bvjuhnhcwjrvzafftvptbetbcgcq/Build/Intermediates.noindex/CompositeSDKs
    export COMPRESS_PNG_FILES\=YES
    export CONFIGURATION\=Debug
    export CONFIGURATION_BUILD_DIR\=/Users/momtajhusen/Library/Developer/Xcode/DerivedData/UnderOneRoof-bvjuhnhcwjrvzafftvptbetbcgcq/Build/Products/Debug-iphonesimulator/React-FabricComponents
    export CONFIGURATION_TEMP_DIR\=/Users/momtajhusen/Library/Developer/Xcode/DerivedData/UnderOneRoof-bvjuhnhcwjrvzafftvptbetbcgcq/Build/Intermediates.noindex/Pods.build/Debug-iphonesimulator
    export COPYING_PRESERVES_HFS_DATA\=NO
    export COPY_HEADERS_RUN_UNIFDEF\=NO
    export COPY_PHASE_STRIP\=NO
    export CORRESPONDING_DEVICE_PLATFORM_DIR\=/Applications/Xcode.app/Contents/Developer/Platforms/iPhoneOS.platform
    export CORRESPONDING_DEVICE_PLATFORM_NAME\=iphoneos
    export CORRESPONDING_DEVICE_SDK_DIR\=/Applications/Xcode.app/Contents/Developer/Platforms/iPhoneOS.platform/Developer/SDKs/iPhoneOS18.5.sdk
    export CORRESPONDING_DEVICE_SDK_NAME\=iphoneos18.5
    export CP\=/bin/cp
    export CREATE_INFOPLIST_SECTION_IN_BINARY\=NO
    export CURRENT_ARCH\=undefined_arch
    export CURRENT_VARIANT\=normal
    export DEAD_CODE_STRIPPING\=YES
    export DEBUGGING_SYMBOLS\=YES
    export DEBUG_INFORMATION_FORMAT\=dwarf
    export DEBUG_INFORMATION_VERSION\=compiler-default
    export DEFAULT_COMPILER\=com.apple.compilers.llvm.clang.1_0
    export DEFAULT_DEXT_INSTALL_PATH\=/System/Library/DriverExtensions
    export DEFAULT_KEXT_INSTALL_PATH\=/System/Library/Extensions
    export DEFINES_MODULE\=YES
    export DEPLOYMENT_LOCATION\=NO
    export DEPLOYMENT_POSTPROCESSING\=NO
    export DEPLOYMENT_TARGET_SETTING_NAME\=IPHONEOS_DEPLOYMENT_TARGET
    export DEPLOYMENT_TARGET_SUGGESTED_VALUES\=12.0\ 12.1\ 12.2\ 12.3\ 12.4\ 13.0\ 13.1\ 13.2\ 13.3\ 13.4\ 13.5\ 13.6\ 14.0\ 14.1\ 14.2\ 14.3\ 14.4\ 14.5\ 14.6\ 14.7\ 15.0\ 15.1\ 15.2\ 15.3\ 15.4\ 15.5\ 15.6\ 16.0\ 16.1\ 16.2\ 16.3\ 16.4\ 16.5\ 16.6\ 17.0\ 17.1\ 17.2\ 17.3\ 17.4\ 17.5\ 17.6\ 18.0\ 18.1\ 18.2\ 18.3\ 18.4\ 18.5
    export DERIVED_FILES_DIR\=/Users/momtajhusen/Library/Developer/Xcode/DerivedData/UnderOneRoof-bvjuhnhcwjrvzafftvptbetbcgcq/Build/Intermediates.noindex/Pods.build/Debug-iphonesimulator/React-FabricComponents.build/DerivedSo
debug urces
    export DERIVED_FILE_DIR\=/Users/momtajhusen/Library/Developer/Xcode/DerivedData/UnderOneRoof-bvjuhnhcwjrvzafftvptbetbcgcq/Build/Intermediates.noindex/Pods.build/Debug-iphonesimulator/React-FabricComponents.build/DerivedSources
    export DERIVED_SOURCES_DIR\=/Users/momtajhusen/Library/Developer/Xcode/DerivedData/UnderOneRoof-bvjuhnhcwjrvzafftvptbetbcgcq/Build/Intermediates.noindex/Pods.build/Debug-iphonesimulator/React-FabricComponents.build/DerivedSources
    export DEVELOPER_APPLICATIONS_DIR\=/Applications/Xcode.app/Contents/Developer/Applications
    export DEVELOPER_BIN_DIR\=/Applications/Xcode.app/Contents/Developer/usr/bin
    export DEVELOPER_DIR\=/Applications/Xcode.app/Contents/Developer
    export DEVELOPER_FRAMEWORKS_DIR\=/Applications/Xcode.app/Contents/Developer/Library/Frameworks
    export DEVELOPER_FRAMEWORKS_DIR_QUOTED\=/Applications/Xcode.app/Contents/Developer/Library/Frameworks
    export DEVELOPER_LIBRARY_DIR\=/Applications/Xcode.app/Contents/Developer/Library
    export DEVELOPER_SDK_DIR\=/Applications/Xcode.app/Contents/Developer/Platforms/MacOSX.platform/Developer/SDKs
    export DEVELOPER_TOOLS_DIR\=/Applications/Xcode.app/Contents/Developer/Tools
    export DEVELOPER_USR_DIR\=/Applications/Xcode.app/Contents/Developer/usr
    export DEVELOPMENT_LANGUAGE\=en
    export DIAGNOSE_MISSING_TARGET_DEPENDENCIES\=YES
    export DIFF\=/usr/bin/diff
    export DONT_GENERATE_INFOPLIST_FILE\=NO
    export DSTROOT\=/tmp/Pods.dst
    export DT_TOOLCHAIN_DIR\=/Applications/Xcode.app/Contents/Developer/Toolchains/XcodeDefault.xctoolchain
    export DWARF_DSYM_FILE_NAME\=libReact-FabricComponents.a.dSYM
    export DWARF_DSYM_FILE_SHOULD_ACCOMPANY_PRODUCT\=NO
    export DWARF_DSYM_FOLDER_PATH\=/Users/momtajhusen/Library/Developer/Xcode/DerivedData/UnderOneRoof-bvjuhnhcwjrvzafftvptbetbcgcq/Build/Products/Debug-iphonesimulator/React-FabricComponents
    export DYNAMIC_LIBRARY_EXTENSION\=dylib
    export EAGER_COMPILATION_ALLOW_SCRIPTS\=NO
    export EAGER_LINKING\=NO
    export EFFECTIVE_PLATFORM_NAME\=-iphonesimulator
    export EMBEDDED_CONTENT_CONTAINS_SWIFT\=NO
    export EMBED_ASSET_PACKS_IN_PRODUCT_BUNDLE\=NO
    export ENABLE_APP_SANDBOX\=NO
    export ENABLE_BITCODE\=NO
    export ENABLE_CODE_COVERAGE\=YES
    export ENABLE_DEFAULT_HEADER_SEARCH_PATHS\=YES
    export ENABLE_DEFAULT_SEARCH_PATHS\=YES
    export ENABLE_HARDENED_RUNTIME\=NO
    export ENABLE_HEADER_DEPENDENCIES\=YES
    export ENABLE_INCOMING_NETWORK_CONNECTIONS\=NO
    export ENABLE_MODULE_VERIFIER\=NO
    export ENABLE_ON_DEMAND_RESOURCES\=NO
    export ENABLE_OUTGOING_NETWORK_CONNECTIONS\=NO
    export ENABLE_PREVIEWS\=NO
    export ENABLE_RESOURCE_ACCESS_AUDIO_INPUT\=NO
    export ENABLE_RESOURCE_ACCESS_BLUETOOTH\=NO
    export ENABLE_RESOURCE_ACCESS_CALENDARS\=NO
    export ENABLE_RESOURCE_ACCESS_CAMERA\=NO
    export ENABLE_RESOURCE_ACCESS_CONTACTS\=NO
    export ENABLE_RESOURCE_ACCESS_LOCATION\=NO
    export ENABLE_RESOURCE_ACCESS_PRINTING\=NO
    export ENABLE_RESOURCE_ACCESS_USB\=NO
    export ENABLE_SDK_IMPORTS\=NO
    export ENABLE_STRICT_OBJC_MSGSEND\=YES
    export ENABLE_TESTABILITY\=YES
    export ENABLE_TESTING_SEARCH_PATHS\=NO
    export ENABLE_USER_SCRIPT_SANDBOXING\=NO
    export ENABLE_XOJIT_PREVIEWS\=YES
    export ENFORCE_VALID_ARCHS\=YES
    export ENTITLEMENTS_DESTINATION\=__entitlements
    export ENTITLEMENTS_REQUIRED\=YES
    export EXCLUDED_INSTALLSRC_SUBDIRECTORY_PATTERNS\=.DS_Store\ .svn\ .git\ .hg\ CVS
    export EXCLUDED_RECURSIVE_SEARCH_PATH_SUBDIRECTORIES\=\*.nib\ \*.lproj\ \*.framework\ \*.gch\ \*.xcode\*\ \*.xcassets\ \(\*\)\ .DS_Store\ CVS\ .svn\ .git\ .hg\ \*.pbproj\ \*.pbxproj
    export EXECUTABLE_EXTENSION\=a
    export EXECUTABLE_NAME\=libReact-FabricComponents.a
    export EXECUTABLE_PATH\=libReact-FabricComponents.a
    export EXECUTABLE_PREFIX\=lib
    export EXECUTABLE_SUFFIX\=.a
    export FILE_LIST\=/Users/momtajhusen/Library/Developer/Xcode/DerivedData/UnderOneRoof-bvjuhnhcwjrvzafftvptbetbcgcq/Build/Intermediates.noindex/Pods.build/Debug-iphonesimulator/React-FabricComponents.build/Objects/LinkFileList
    export FIXED_FILES_DIR\=/Users/momtajhusen/Library/Developer/Xcode/DerivedData/UnderOneRoof-bvjuhnhcwjrvzafftvptbetbcgcq/Build/Intermediates.noindex/Pods.build/Debug-iphonesimulator/React-FabricComponents.build/FixedFiles
    export FRAMEWORK_FLAG_PREFIX\=-framework
    export FRAMEWORK_SEARCH_PATHS\=/Users/momtajhusen/Library/Developer/Xcode/DerivedData/UnderOneRoof-bvjuhnhcwjrvzafftvptbetbcgcq/Build/Products/Debug-iphonesimulator/React-FabricComponents\ \ \"/Users/momtajhusen/Desktop/UnderOneRoof/ios/Pods/hermes-engine/destroot/Library/Frameworks/universal\"\ \"/Users/momtajhusen/Library/Developer/Xcode/DerivedData/UnderOneRoof-bvjuhnhcwjrvzafftvptbetbcgcq/Build/Products/Debug-iphonesimulator/XCFrameworkIntermediates/hermes-engine/Pre-built\"
    export FRAMEWORK_VERSION\=A
    export FULL_PRODUCT_NAME\=libReact-FabricComponents.a
    export FUSE_BUILD_PHASES\=YES
    export FUSE_BUILD_SCRIPT_PHASES\=NO
    export GCC3_VERSION\=3.3
    export GCC_C_LANGUAGE_STANDARD\=gnu11
    export GCC_DYNAMIC_NO_PIC\=NO
    export GCC_NO_COMMON_BLOCKS\=YES
    export GCC_OBJC_LEGACY_DISPATCH\=YES
    export GCC_OPTIMIZATION_LEVEL\=0
    export GCC_PFE_FILE_C_DIALECTS\=c\ objective-c\ c++\ objective-c++
    export GCC_PREFIX_HEADER\=Target\ Support\ Files/React-FabricComponents/React-FabricComponents-prefix.pch
    export GCC_PREPROCESSOR_DEFINITIONS\=POD_CONFIGURATION_DEBUG\=1\ DEBUG\=1\ \ COCOAPODS\=1
    export GCC_TREAT_WARNINGS_AS_ERRORS\=NO
    export GCC_VERSION\=com.apple.compilers.llvm.clang.1_0
    export GCC_VERSION_IDENTIFIER\=com_apple_compilers_llvm_clang_1_0
    export GCC_WARN_64_TO_32_BIT_CONVERSION\=YES
    export GCC_WARN_ABOUT_RETURN_TYPE\=YES_ERROR
    export GCC_WARN_UNDECLARED_SELECTOR\=YES
    export GCC_WARN_UNINITIALIZED_AUTOS\=YES_AGGRESSIVE
    export GCC_WARN_UNUSED_FUNCTION\=YES
    export GCC_WARN_UNUSED_VARIABLE\=YES
    export GENERATED_MODULEMAP_DIR\=/Users/momtajhusen/Library/Developer/Xcode/DerivedData/UnderOneRoof-bvjuhnhcwjrvzafftvptbetbcgcq/Build/Intermediates.noindex/GeneratedModuleMaps-iphonesimulator
    export GENERATE_INFOPLIST_FILE\=NO
    export GENERATE_INTERMEDIATE_TEXT_BASED_STUBS\=YES
    export GENERATE_MASTER_OBJECT_FILE\=NO
    export GENERATE_PKGINFO_FILE\=NO
    export GENERATE_PROFILING_CODE\=NO
    export GENERATE_TEXT_BASED_STUBS\=NO
    export GID\=20
    export GROUP\=staff
    export HEADERMAP_INCLUDES_FLAT_ENTRIES_FOR_TARGET_BEING_BUILT\=YES
    export HEADERMAP_INCLUDES_FRAMEWORK_ENTRIES_FOR_ALL_PRODUCT_TYPES\=YES
    export HEADERMAP_INCLUDES_FRAMEWORK_ENTRIES_FOR_TARGETS_NOT_BEING_BUILT\=YES
    export HEADERMAP_INCLUDES_NONPUBLIC_NONPRIVATE_HEADERS\=YES
    export HEADERMAP_INCLUDES_PROJECT_HEADERS\=YES
    export HEADERMAP_USES_FRAMEWORK_PREFIX_ENTRIES\=YES
    export HEADERMAP_USES_VFS\=YES
    export HEADER_SEARCH_PATHS\=/Users/momtajhusen/Library/Developer/Xcode/DerivedData/UnderOneRoof-bvjuhnhcwjrvzafftvptbetbcgcq/Build/Products/Debug-iphonesimulator/React-FabricComponents/include\ \ \"/Users/momtajhusen/Desktop/UnderOneRoof/ios/Pods/Headers/Private\"\ \"/Users/momtajhusen/Desktop/UnderOneRoof/ios/Pods/Headers/Private/React-FabricComponents\"\ \"/Users/momtajhusen/Desktop/UnderOneRoof/ios/Pods/Headers/Public\"\ \"/Users/momtajhusen/Desktop/UnderOneRoof/ios/Pods/Headers/Public/DoubleConversion\"\ \"/Users/momtajhusen/Desktop/UnderOneRoof/ios/Pods/Headers/Public/FBLazyVector\"\ \"/Users/momtajhusen/Desktop/UnderOneRoof/ios/Pods/Headers/Public/RCT-Folly\"\ \"/Users/momtajhusen/Desktop/UnderOneRoof/ios/Pods/Headers/Public/RCTRequired\"\ \"/Users/momtajhusen/Desktop/UnderOneRoof/ios/Pods/Headers/Public/RCTTypeSafety\"\ \"/Users/momtajhusen/Desktop/UnderOneRoof/ios/Pods/Headers/Public/React-Core\"\ \"/Users/momtajhusen/Desktop/UnderOneRoof/ios/Pods/Headers/Public/React-Fabric\"\ \"/Users/momtajhusen/Desktop/UnderOneRoof/ios/Pods/Headers/Public/React-FabricComponents\"\ \"/Users/momtajhusen/Desktop/UnderOneRoof/ios/Pods/Headers/Public/React-FabricImage\"\ \"/Users/momtajhusen/Desktop/UnderOneRoof/ios/Pods/Headers/Public/React-ImageManager\"\ \"/User
debug s/momtajhusen/Desktop/UnderOneRoof/ios/Pods/Headers/Public/React-NativeModulesApple\"\ \"/Users/momtajhusen/Desktop/UnderOneRoof/ios/Pods/Headers/Public/React-callinvoker\"\ \"/Users/momtajhusen/Desktop/UnderOneRoof/ios/Pods/Headers/Public/React-cxxreact\"\ \"/Users/momtajhusen/Desktop/UnderOneRoof/ios/Pods/Headers/Public/React-debug\"\ \"/Users/momtajhusen/Desktop/UnderOneRoof/ios/Pods/Headers/Public/React-featureflags\"\ \"/Users/momtajhusen/Desktop/UnderOneRoof/ios/Pods/Headers/Public/React-graphics\"\ \"/Users/momtajhusen/Desktop/UnderOneRoof/ios/Pods/Headers/Public/React-hermes\"\ \"/Users/momtajhusen/Desktop/UnderOneRoof/ios/Pods/Headers/Public/React-jsi\"\ \"/Users/momtajhusen/Desktop/UnderOneRoof/ios/Pods/Headers/Public/React-jsiexecutor\"\ \"/Users/momtajhusen/Desktop/UnderOneRoof/ios/Pods/Headers/Public/React-jsinspector\"\ \"/Users/momtajhusen/Desktop/UnderOneRoof/ios/Pods/Headers/Public/React-logger\"\ \"/Users/momtajhusen/Desktop/UnderOneRoof/ios/Pods/Headers/Public/React-perflogger\"\ \"/Users/momtajhusen/Desktop/UnderOneRoof/ios/Pods/Headers/Public/React-performancetimeline\"\ \"/Users/momtajhusen/Desktop/UnderOneRoof/ios/Pods/Headers/Public/React-rendererconsistency\"\ \"/Users/momtajhusen/Desktop/UnderOneRoof/ios/Pods/Headers/Public/React-rendererdebug\"\ \"/Users/momtajhusen/Desktop/UnderOneRoof/ios/Pods/Headers/Public/React-runtimeexecutor\"\ \"/Users/momtajhusen/Desktop/UnderOneRoof/ios/Pods/Headers/Public/React-runtimescheduler\"\ \"/Users/momtajhusen/Desktop/UnderOneRoof/ios/Pods/Headers/Public/React-timing\"\ \"/Users/momtajhusen/Desktop/UnderOneRoof/ios/Pods/Headers/Public/React-utils\"\ \"/Users/momtajhusen/Desktop/UnderOneRoof/ios/Pods/Headers/Public/ReactCodegen\"\ \"/Users/momtajhusen/Desktop/UnderOneRoof/ios/Pods/Headers/Public/ReactCommon\"\ \"/Users/momtajhusen/Desktop/UnderOneRoof/ios/Pods/Headers/Public/Yoga\"\ \"/Users/momtajhusen/Desktop/UnderOneRoof/ios/Pods/Headers/Public/boost\"\ \"/Users/momtajhusen/Desktop/UnderOneRoof/ios/Pods/Headers/Public/fast_float\"\ \"/Users/momtajhusen/Desktop/UnderOneRoof/ios/Pods/Headers/Public/fmt\"\ \"/Users/momtajhusen/Desktop/UnderOneRoof/ios/Pods/Headers/Public/glog\"\ \"/Users/momtajhusen/Desktop/UnderOneRoof/ios/Pods/Headers/Public/hermes-engine\"\ \"/Users/momtajhusen/Desktop/UnderOneRoof/ios/Pods/boost\"\ \"/Users/momtajhusen/Desktop/UnderOneRoof/ios/Pods/../../node_modules/react-native/ReactCommon/ReactCommon\"\ \"/Users/momtajhusen/Desktop/UnderOneRoof/ios/Pods/RCT-Folly\"\ \"/Users/momtajhusen/Desktop/UnderOneRoof/ios/Pods/Headers/Private/Yoga\"\ \"/Users/momtajhusen/Desktop/UnderOneRoof/ios/Pods/../../node_modules/react-native/ReactCommon\"\ \"/Users/momtajhusen/Desktop/UnderOneRoof/ios/Pods/DoubleConversion\"\ \"/Users/momtajhusen/Desktop/UnderOneRoof/ios/Pods/fast_float/include\"\ \"/Users/momtajhusen/Desktop/UnderOneRoof/ios/Pods/fmt/include\"\ \"/Users/momtajhusen/Library/Developer/Xcode/DerivedData/UnderOneRoof-bvjuhnhcwjrvzafftvptbetbcgcq/Build/Products/Debug-iphonesimulator/React-rendererdebug/React_rendererdebug.framework/Headers\"\ \"/Users/momtajhusen/Library/Developer/Xcode/DerivedData/UnderOneRoof-bvjuhnhcwjrvzafftvptbetbcgcq/Build/Products/Debug-iphonesimulator/React-graphics/React_graphics.framework/Headers\"\ \"/Users/momtajhusen/Library/Developer/Xcode/DerivedData/UnderOneRoof-bvjuhnhcwjrvzafftvptbetbcgcq/Build/Products/Debug-iphonesimulator/React-graphics/React_graphics.framework/Headers/react/renderer/graphics/platform/ios\"\ \"/Users/momtajhusen/Library/Developer/Xcode/DerivedData/UnderOneRoof-bvjuhnhcwjrvzafftvptbetbcgcq/Build/Products/Debug-iphonesimulator/React-Fabric/React_Fabric.framework/Headers\"\ \"/Users/momtajhusen/Library/Developer/Xcode/DerivedData/UnderOneRoof-bvjuhnhcwjrvzafftvptbetbcgcq/Build/Products/Debug-iphonesimulator/React-Fabric/React_Fabric.framework/Headers/react/renderer/components/view/platform/cxx\"\ \"/Users/momtajhusen/Library/Developer/Xcode/DerivedData/UnderOneRoof-bvjuhnhcwjrvzafftvptbetbcgcq/Build/Products/Debug-iphonesimulator/React-Fabric/React_Fabric.framework/Headers/react/renderer/imagemanager/platform/ios\"\ \"/Users/momtajhusen/Library/Developer/Xcode/DerivedData/UnderOneRoof-bvjuhnhcwjrvzafftvptbetbcgcq/Build/Products/Debug-iphonesimulator/ReactCodegen/ReactCodegen.framework/Headers\"\ \"/Users/momtajhusen/Library/Developer/Xcode/DerivedData/UnderOneRoof-bvjuhnhcwjrvzafftvptbetbcgcq/Build/Products/Debug-iphonesimulator/ReactCodegen/ReactCodegen.framework/Headers/build/generated/ios\"
    export HIDE_BITCODE_SYMBOLS\=YES
    export HOME\=/Users/momtajhusen
    export HOST_ARCH\=arm64
    export HOST_PLATFORM\=macosx
    export ICONV\=/usr/bin/iconv
    export IMPLICIT_DEPENDENCY_DOMAIN\=default
    export INFOPLIST_ENABLE_CFBUNDLEICONS_MERGE\=YES
    export INFOPLIST_EXPAND_BUILD_SETTINGS\=YES
    export INFOPLIST_OUTPUT_FORMAT\=binary
    export INFOPLIST_PREPROCESS\=NO
    export INLINE_PRIVATE_FRAMEWORKS\=NO
    export INSTALLAPI_IGNORE_SKIP_INSTALL\=YES
    export INSTALLHDRS_COPY_PHASE\=NO
    export INSTALLHDRS_SCRIPT_PHASE\=NO
    export INSTALL_DIR\=/tmp/Pods.dst/usr/local/lib
    export INSTALL_GROUP\=staff
    export INSTALL_MODE_FLAG\=u+w,go-w,a+rX
    export INSTALL_OWNER\=momtajhusen
    export INSTALL_PATH\=/usr/local/lib
    export INSTALL_ROOT\=/tmp/Pods.dst
    export IPHONEOS_DEPLOYMENT_TARGET\=15.1
    export IS_UNOPTIMIZED_BUILD\=YES
    export JAVAC_DEFAULT_FLAGS\=-J-Xms64m\ -J-XX:NewSize\=4M\ -J-Dfile.encoding\=UTF8
    export JAVA_APP_STUB\=/System/Library/Frameworks/JavaVM.framework/Resources/MacOS/JavaApplicationStub
    export JAVA_ARCHIVE_CLASSES\=YES
    export JAVA_ARCHIVE_TYPE\=JAR
    export JAVA_COMPILER\=/usr/bin/javac
    export JAVA_FRAMEWORK_RESOURCES_DIRS\=Resources
    export JAVA_JAR_FLAGS\=cv
    export JAVA_SOURCE_SUBDIR\=.
    export JAVA_USE_DEPENDENCIES\=YES
    export JAVA_ZIP_FLAGS\=-urg
    export JIKES_DEFAULT_FLAGS\=+E\ +OLDCSO
    export KEEP_PRIVATE_EXTERNS\=NO
    export LD_DEPENDENCY_INFO_FILE\=/Users/momtajhusen/Library/Developer/Xcode/DerivedData/UnderOneRoof-bvjuhnhcwjrvzafftvptbetbcgcq/Build/Intermediates.noindex/Pods.build/Debug-iphonesimulator/React-FabricComponents.build/Objects-normal/undefined_arch/React-FabricComponents_dependency_info.dat
    export LD_EXPORT_SYMBOLS\=YES
    export LD_GENERATE_MAP_FILE\=NO
    export LD_MAP_FILE_PATH\=/Users/momtajhusen/Library/Developer/Xcode/DerivedData/UnderOneRoof-bvjuhnhcwjrvzafftvptbetbcgcq/Build/Intermediates.noindex/Pods.build/Debug-iphonesimulator/React-FabricComponents.build/React-FabricComponents-LinkMap-normal-undefined_arch.txt
    export LD_NO_PIE\=NO
    export LD_QUOTE_LINKER_ARGUMENTS_FOR_COMPILER_DRIVER\=YES
    export LD_SHARED_CACHE_ELIGIBLE\=Automatic
    export LD_WARN_DUPLICATE_LIBRARIES\=NO
    export LD_WARN_UNUSED_DYLIBS\=NO
    export LEGACY_DEVELOPER_DIR\=/Applications/Xcode.app/Contents/PlugIns/Xcode3Core.ideplugin/Contents/SharedSupport/Developer
    export LEX\=lex
    export LIBRARY_DEXT_INSTALL_PATH\=/Library/DriverExtensions
    export LIBRARY_FLAG_NOSPACE\=YES
    export LIBRARY_FLAG_PREFIX\=-l
    export LIBRARY_KEXT_INSTALL_PATH\=/Library/Extensions
    export LIBRARY_SEARCH_PATHS\=/Users/momtajhusen/Library/Developer/Xcode/DerivedData/UnderOneRoof-bvjuhnhcwjrvzafftvptbetbcgcq/Build/Products/Debug-iphonesimulator/React-FabricComponents\ 
    export LINKER_DISPLAYS_MANGLED_NAMES\=NO
    export LINK_FILE_LIST_normal_arm64\=/Users/momtajhusen/Library/Developer/Xcode/DerivedData/UnderOneRoof-bvjuhnhcwjrvzafftvptbetbcgcq/Build/Intermediates.noindex/Pods.build/Debug-iphonesimulator/React-FabricComponents.build/Objects-normal/arm64/React-FabricComponents.LinkFileList
    export LINK_OBJC_RUNTIME\=YES
    export LINK_WITH_STANDARD_LIBRARIES\=YES
    export LLVM_TARGET_TRIPLE_OS_VERSION\=ios15.1
    export LLVM_TARGET_TRIPLE_SUFFIX\=-simulator
    export LLVM_TARGET_TRIPLE_VENDOR\=apple
    export LM_AUX_CONST_METADATA_LIST_PATH_normal_arm64\=/Users/momtajhusen/Library/Developer/Xcode/DerivedData/UnderOneRoof-bvjuhnhcwjrvzafftvptbetbcgcq/Build/Intermediates.noindex/Pods.build/Debug-iphonesimulator/React-FabricComponents.build/Objects-normal/arm64/React-FabricComponents.SwiftC
debug onstValuesFileList
    export LOCALIZATION_EXPORT_SUPPORTED\=YES
    export LOCALIZATION_PREFERS_STRING_CATALOGS\=NO
    export LOCALIZED_STRING_MACRO_NAMES\=NSLocalizedString\ CFCopyLocalizedString
    export LOCALIZED_STRING_SWIFTUI_SUPPORT\=YES
    export LOCAL_ADMIN_APPS_DIR\=/Applications/Utilities
    export LOCAL_APPS_DIR\=/Applications
    export LOCAL_DEVELOPER_DIR\=/Library/Developer
    export LOCAL_LIBRARY_DIR\=/Library
    export LOCROOT\=/Users/momtajhusen/Desktop/UnderOneRoof/ios/Pods
    export LOCSYMROOT\=/Users/momtajhusen/Desktop/UnderOneRoof/ios/Pods
    export MACH_O_TYPE\=staticlib
    export MAC_OS_X_PRODUCT_BUILD_VERSION\=24F74
    export MAC_OS_X_VERSION_ACTUAL\=150500
    export MAC_OS_X_VERSION_MAJOR\=150000
    export MAC_OS_X_VERSION_MINOR\=150500
    export MAKE_MERGEABLE\=NO
    export MERGEABLE_LIBRARY\=NO
    export MERGED_BINARY_TYPE\=none
    export MERGE_LINKED_LIBRARIES\=NO
    export METAL_LIBRARY_FILE_BASE\=default
    export METAL_LIBRARY_OUTPUT_DIR\=/Users/momtajhusen/Library/Developer/Xcode/DerivedData/UnderOneRoof-bvjuhnhcwjrvzafftvptbetbcgcq/Build/Products/Debug-iphonesimulator/React-FabricComponents/
    export MODULEMAP_FILE\=Headers/Public/React_FabricComponents/React-FabricComponents.modulemap
    export MODULE_CACHE_DIR\=/Users/momtajhusen/Library/Developer/Xcode/DerivedData/ModuleCache.noindex
    export MTL_ENABLE_DEBUG_INFO\=INCLUDE_SOURCE
    export MTL_FAST_MATH\=YES
    export NATIVE_ARCH\=arm64
    export NATIVE_ARCH_32_BIT\=arm
    export NATIVE_ARCH_64_BIT\=arm64
    export NATIVE_ARCH_ACTUAL\=arm64
    export NO_COMMON\=YES
    export OBJC_ABI_VERSION\=2
    export OBJECT_FILE_DIR\=/Users/momtajhusen/Library/Developer/Xcode/DerivedData/UnderOneRoof-bvjuhnhcwjrvzafftvptbetbcgcq/Build/Intermediates.noindex/Pods.build/Debug-iphonesimulator/React-FabricComponents.build/Objects
    export OBJECT_FILE_DIR_normal\=/Users/momtajhusen/Library/Developer/Xcode/DerivedData/UnderOneRoof-bvjuhnhcwjrvzafftvptbetbcgcq/Build/Intermediates.noindex/Pods.build/Debug-iphonesimulator/React-FabricComponents.build/Objects-normal
    export OBJROOT\=/Users/momtajhusen/Library/Developer/Xcode/DerivedData/UnderOneRoof-bvjuhnhcwjrvzafftvptbetbcgcq/Build/Intermediates.noindex
    export ONLY_ACTIVE_ARCH\=YES
    export OS\=MACOS
    export OSAC\=/usr/bin/osacompile
    export OTHER_CFLAGS\=\ -fmodule-map-file\=\"/Users/momtajhusen/Desktop/UnderOneRoof/ios/Pods/Headers/Public/DoubleConversion/DoubleConversion.modulemap\"\ -fmodule-map-file\=\"/Users/momtajhusen/Desktop/UnderOneRoof/ios/Pods/Headers/Public/RCTDeprecation/RCTDeprecation.modulemap\"\ -fmodule-map-file\=\"/Users/momtajhusen/Desktop/UnderOneRoof/ios/Pods/Headers/Public/RCTTypeSafety/RCTTypeSafety.modulemap\"\ -fmodule-map-file\=\"/Users/momtajhusen/Desktop/UnderOneRoof/ios/Pods/Headers/Public/React/React-Core.modulemap\"\ -fmodule-map-file\=\"/Users/momtajhusen/Desktop/UnderOneRoof/ios/Pods/Headers/Public/ReactCodegen/ReactCodegen.modulemap\"\ -fmodule-map-file\=\"/Users/momtajhusen/Desktop/UnderOneRoof/ios/Pods/Headers/Public/ReactCommon/ReactCommon.modulemap\"\ -fmodule-map-file\=\"/Users/momtajhusen/Desktop/UnderOneRoof/ios/Pods/Headers/Public/React_Fabric/React-Fabric.modulemap\"\ -fmodule-map-file\=\"/Users/momtajhusen/Desktop/UnderOneRoof/ios/Pods/Headers/Public/React_NativeModulesApple/React-NativeModulesApple.modulemap\"\ -fmodule-map-file\=\"/Users/momtajhusen/Desktop/UnderOneRoof/ios/Pods/Headers/Public/folly/RCT-Folly.modulemap\"\ -fmodule-map-file\=\"/Users/momtajhusen/Desktop/UnderOneRoof/ios/Pods/Headers/Public/glog/glog.modulemap\"\ -fmodule-map-file\=\"/Users/momtajhusen/Desktop/UnderOneRoof/ios/Pods/Headers/Public/jsi/React-jsi.modulemap\"\ -fmodule-map-file\=\"/Users/momtajhusen/Desktop/UnderOneRoof/ios/Pods/Headers/Public/jsinspector_modern/React-jsinspector.modulemap\"\ -fmodule-map-file\=\"/Users/momtajhusen/Desktop/UnderOneRoof/ios/Pods/Headers/Public/react_debug/React-debug.modulemap\"\ -fmodule-map-file\=\"/Users/momtajhusen/Desktop/UnderOneRoof/ios/Pods/Headers/Public/react_featureflags/React-featureflags.modulemap\"\ -fmodule-map-file\=\"/Users/momtajhusen/Desktop/UnderOneRoof/ios/Pods/Headers/Public/react_renderer_debug/React-rendererdebug.modulemap\"\ -fmodule-map-file\=\"/Users/momtajhusen/Desktop/UnderOneRoof/ios/Pods/Headers/Public/react_renderer_graphics/React-graphics.modulemap\"\ -fmodule-map-file\=\"/Users/momtajhusen/Desktop/UnderOneRoof/ios/Pods/Headers/Public/react_renderer_imagemanager/React-ImageManager.modulemap\"\ -fmodule-map-file\=\"/Users/momtajhusen/Desktop/UnderOneRoof/ios/Pods/Headers/Public/react_utils/React-utils.modulemap\"\ -fmodule-map-file\=\"/Users/momtajhusen/Desktop/UnderOneRoof/ios/Pods/Headers/Public/reacthermes/React-hermes.modulemap\"\ -fmodule-map-file\=\"/Users/momtajhusen/Desktop/UnderOneRoof/ios/Pods/Headers/Public/yoga/Yoga.modulemap\"
    export OTHER_CPLUSPLUSFLAGS\=\ -fmodule-map-file\=\"/Users/momtajhusen/Desktop/UnderOneRoof/ios/Pods/Headers/Public/DoubleConversion/DoubleConversion.modulemap\"\ -fmodule-map-file\=\"/Users/momtajhusen/Desktop/UnderOneRoof/ios/Pods/Headers/Public/RCTDeprecation/RCTDeprecation.modulemap\"\ -fmodule-map-file\=\"/Users/momtajhusen/Desktop/UnderOneRoof/ios/Pods/Headers/Public/RCTTypeSafety/RCTTypeSafety.modulemap\"\ -fmodule-map-file\=\"/Users/momtajhusen/Desktop/UnderOneRoof/ios/Pods/Headers/Public/React/React-Core.modulemap\"\ -fmodule-map-file\=\"/Users/momtajhusen/Desktop/UnderOneRoof/ios/Pods/Headers/Public/ReactCodegen/ReactCodegen.modulemap\"\ -fmodule-map-file\=\"/Users/momtajhusen/Desktop/UnderOneRoof/ios/Pods/Headers/Public/ReactCommon/ReactCommon.modulemap\"\ -fmodule-map-file\=\"/Users/momtajhusen/Desktop/UnderOneRoof/ios/Pods/Headers/Public/React_Fabric/React-Fabric.modulemap\"\ -fmodule-map-file\=\"/Users/momtajhusen/Desktop/UnderOneRoof/ios/Pods/Headers/Public/React_NativeModulesApple/React-NativeModulesApple.modulemap\"\ -fmodule-map-file\=\"/Users/momtajhusen/Desktop/UnderOneRoof/ios/Pods/Headers/Public/folly/RCT-Folly.modulemap\"\ -fmodule-map-file\=\"/Users/momtajhusen/Desktop/UnderOneRoof/ios/Pods/Headers/Public/glog/glog.modulemap\"\ -fmodule-map-file\=\"/Users/momtajhusen/Desktop/UnderOneRoof/ios/Pods/Headers/Public/jsi/React-jsi.modulemap\"\ -fmodule-map-file\=\"/Users/momtajhusen/Desktop/UnderOneRoof/ios/Pods/Headers/Public/jsinspector_modern/React-jsinspector.modulemap\"\ -fmodule-map-file\=\"/Users/momtajhusen/Desktop/UnderOneRoof/ios/Pods/Headers/Public/react_debug/React-debug.modulemap\"\ -fmodule-map-file\=\"/Users/momtajhusen/Desktop/UnderOneRoof/ios/Pods/Headers/Public/react_featureflags/React-featureflags.modulemap\"\ -fmodule-map-file\=\"/Users/momtajhusen/Desktop/UnderOneRoof/ios/Pods/Headers/Public/react_renderer_debug/React-rendererdebug.modulemap\"\ -fmodule-map-file\=\"/Users/momtajhusen/Desktop/UnderOneRoof/ios/Pods/Headers/Public/react_renderer_graphics/React-graphics.modulemap\"\ -fmodule-map-file\=\"/Users/momtajhusen/Desktop/UnderOneRoof/ios/Pods/Headers/Public/react_renderer_imagemanager/React-ImageManager.modulemap\"\ -fmodule-map-file\=\"/Users/momtajhusen/Desktop/UnderOneRoof/ios/Pods/Headers/Public/react_utils/React-utils.modulemap\"\ -fmodule-map-file\=\"/Users/momtajhusen/Desktop/UnderOneRoof/ios/Pods/Headers/Public/reacthermes/React-hermes.modulemap\"\ -fmodule-map-file\=\"/Users/momtajhusen/Desktop/UnderOneRoof/ios/Pods/Headers/Public/yoga/Yoga.modulemap\"
    export PACKAGE_TYPE\=com.apple.package-type.static-library
    export PASCAL_STRINGS\=YES
    export PATH\=/Applications/Xcode.app/Contents/SharedFrameworks/SwiftBuild.framework/Versions/A/PlugIns/SWBBuildService.bundle/Contents/PlugIns/SWBUniversalPlatformPlugin.bundle/Contents/Frameworks/SWBUniversalPlatform.framework/Resources:/Applications/Xcode.app/Contents/Developer/Toolchains/XcodeDefault.xctoolchain/usr/bin:/Applications/Xcode.app/Contents/Developer/Toolchains/XcodeDefault.xctoolchain/usr/local/bin:/Applications/Xcode.app/Contents/Developer/Toolchains/XcodeDefault.xctoolchain/usr/libexec:/Applications/Xcode.app/Contents/Developer/Platforms/iPhoneSimulator.platform/usr/bin:/Applications/Xcode.app/Contents/Developer/Platforms/iPhoneSimu
debug lator.platform/usr/local/bin:/Applications/Xcode.app/Contents/Developer/Platforms/iPhoneSimulator.platform/Developer/usr/bin:/Applications/Xcode.app/Contents/Developer/Platforms/iPhoneSimulator.platform/Developer/usr/local/bin:/Applications/Xcode.app/Contents/Developer/usr/bin:/Applications/Xcode.app/Contents/Developer/usr/local/bin:/Users/momtajhusen/Desktop/UnderOneRoof/node_modules/.bin:/Users/momtajhusen/Desktop/node_modules/.bin:/Users/momtajhusen/node_modules/.bin:/Users/node_modules/.bin:/node_modules/.bin:/Users/momtajhusen/.nvm/versions/node/v18.20.8/lib/node_modules/npm/node_modules/@npmcli/run-script/lib/node-gyp-bin:/Users/momtajhusen/.nvm/versions/node/v18.20.8/bin:/opt/homebrew/opt/openjdk@17/bin:/Users/momtajhusen/Library/Android/sdk/emulator:/Users/momtajhusen/Library/Android/sdk/tools:/Users/momtajhusen/Library/Android/sdk/tools/bin:/Users/momtajhusen/Library/Android/sdk/platform-tools:/opt/homebrew/opt/openjdk@11/bin:/opt/homebrew/bin:/opt/homebrew/sbin:/usr/local/bin:/System/Cryptexes/App/usr/bin:/usr/bin:/bin:/usr/sbin:/sbin:/var/run/com.apple.security.cryptexd/codex.system/bootstrap/usr/local/bin:/var/run/com.apple.security.cryptexd/codex.system/bootstrap/usr/bin:/var/run/com.apple.security.cryptexd/codex.system/bootstrap/usr/appleinternal/bin:/Library/Apple/usr/bin:/Users/momtajhusen/Library/Android/sdk/cmdline-tools/latest/bin
    export PATH_PREFIXES_EXCLUDED_FROM_HEADER_DEPENDENCIES\=/usr/include\ /usr/local/include\ /System/Library/Frameworks\ /System/Library/PrivateFrameworks\ /Applications/Xcode.app/Contents/Developer/Headers\ /Applications/Xcode.app/Contents/Developer/SDKs\ /Applications/Xcode.app/Contents/Developer/Platforms
    export PER_ARCH_MODULE_FILE_DIR\=/Users/momtajhusen/Library/Developer/Xcode/DerivedData/UnderOneRoof-bvjuhnhcwjrvzafftvptbetbcgcq/Build/Intermediates.noindex/Pods.build/Debug-iphonesimulator/React-FabricComponents.build/Objects-normal/undefined_arch
    export PER_ARCH_OBJECT_FILE_DIR\=/Users/momtajhusen/Library/Developer/Xcode/DerivedData/UnderOneRoof-bvjuhnhcwjrvzafftvptbetbcgcq/Build/Intermediates.noindex/Pods.build/Debug-iphonesimulator/React-FabricComponents.build/Objects-normal/undefined_arch
    export PER_VARIANT_OBJECT_FILE_DIR\=/Users/momtajhusen/Library/Developer/Xcode/DerivedData/UnderOneRoof-bvjuhnhcwjrvzafftvptbetbcgcq/Build/Intermediates.noindex/Pods.build/Debug-iphonesimulator/React-FabricComponents.build/Objects-normal
    export PKGINFO_FILE_PATH\=/Users/momtajhusen/Library/Developer/Xcode/DerivedData/UnderOneRoof-bvjuhnhcwjrvzafftvptbetbcgcq/Build/Intermediates.noindex/Pods.build/Debug-iphonesimulator/React-FabricComponents.build/PkgInfo
    export PLATFORM_DEVELOPER_APPLICATIONS_DIR\=/Applications/Xcode.app/Contents/Developer/Platforms/iPhoneSimulator.platform/Developer/Applications
    export PLATFORM_DEVELOPER_BIN_DIR\=/Applications/Xcode.app/Contents/Developer/Platforms/iPhoneSimulator.platform/Developer/usr/bin
    export PLATFORM_DEVELOPER_LIBRARY_DIR\=/Applications/Xcode.app/Contents/Developer/Platforms/iPhoneSimulator.platform/Developer/Library
    export PLATFORM_DEVELOPER_SDK_DIR\=/Applications/Xcode.app/Contents/Developer/Platforms/iPhoneSimulator.platform/Developer/SDKs
    export PLATFORM_DEVELOPER_TOOLS_DIR\=/Applications/Xcode.app/Contents/Developer/Platforms/iPhoneSimulator.platform/Developer/Tools
    export PLATFORM_DEVELOPER_USR_DIR\=/Applications/Xcode.app/Contents/Developer/Platforms/iPhoneSimulator.platform/Developer/usr
    export PLATFORM_DIR\=/Applications/Xcode.app/Contents/Developer/Platforms/iPhoneSimulator.platform
    export PLATFORM_DISPLAY_NAME\=iOS\ Simulator
    export PLATFORM_FAMILY_NAME\=iOS
    export PLATFORM_NAME\=iphonesimulator
    export PLATFORM_PREFERRED_ARCH\=x86_64
    export PLATFORM_PRODUCT_BUILD_VERSION\=22F76
    export PLATFORM_REQUIRES_SWIFT_AUTOLINK_EXTRACT\=NO
    export PLATFORM_REQUIRES_SWIFT_MODULEWRAP\=NO
    export PLIST_FILE_OUTPUT_FORMAT\=binary
    export PODS_BUILD_DIR\=/Users/momtajhusen/Library/Developer/Xcode/DerivedData/UnderOneRoof-bvjuhnhcwjrvzafftvptbetbcgcq/Build/Products
    export PODS_CONFIGURATION_BUILD_DIR\=/Users/momtajhusen/Library/Developer/Xcode/DerivedData/UnderOneRoof-bvjuhnhcwjrvzafftvptbetbcgcq/Build/Products/Debug-iphonesimulator
    export PODS_DEVELOPMENT_LANGUAGE\=en
    export PODS_ROOT\=/Users/momtajhusen/Desktop/UnderOneRoof/ios/Pods
    export PODS_TARGET_SRCROOT\=/Users/momtajhusen/Desktop/UnderOneRoof/ios/Pods/../../node_modules/react-native/ReactCommon
    export PODS_XCFRAMEWORKS_BUILD_DIR\=/Users/momtajhusen/Library/Developer/Xcode/DerivedData/UnderOneRoof-bvjuhnhcwjrvzafftvptbetbcgcq/Build/Products/Debug-iphonesimulator/XCFrameworkIntermediates
    export PRECOMPS_INCLUDE_HEADERS_FROM_BUILT_PRODUCTS_DIR\=YES
    export PRECOMP_DESTINATION_DIR\=/Users/momtajhusen/Library/Developer/Xcode/DerivedData/UnderOneRoof-bvjuhnhcwjrvzafftvptbetbcgcq/Build/Intermediates.noindex/Pods.build/Debug-iphonesimulator/React-FabricComponents.build/PrefixHeaders
    export PROCESSED_INFOPLIST_PATH\=/Users/momtajhusen/Library/Developer/Xcode/DerivedData/UnderOneRoof-bvjuhnhcwjrvzafftvptbetbcgcq/Build/Intermediates.noindex/Pods.build/Debug-iphonesimulator/React-FabricComponents.build/Objects-normal/undefined_arch/Processed-Info.plist
    export PRODUCT_BUNDLE_IDENTIFIER\=org.cocoapods.React-FabricComponents
    export PRODUCT_MODULE_NAME\=React_FabricComponents
    export PRODUCT_NAME\=React-FabricComponents
    export PRODUCT_SETTINGS_PATH\=
    export PRODUCT_TYPE\=com.apple.product-type.library.static
    export PROFILING_CODE\=NO
    export PROJECT\=Pods
    export PROJECT_DERIVED_FILE_DIR\=/Users/momtajhusen/Library/Developer/Xcode/DerivedData/UnderOneRoof-bvjuhnhcwjrvzafftvptbetbcgcq/Build/Intermediates.noindex/Pods.build/DerivedSources
    export PROJECT_DIR\=/Users/momtajhusen/Desktop/UnderOneRoof/ios/Pods
    export PROJECT_FILE_PATH\=/Users/momtajhusen/Desktop/UnderOneRoof/ios/Pods/Pods.xcodeproj
    export PROJECT_GUID\=8699adb1dd336b26511df848a716bd42
    export PROJECT_NAME\=Pods
    export PROJECT_TEMP_DIR\=/Users/momtajhusen/Library/Developer/Xcode/DerivedData/UnderOneRoof-bvjuhnhcwjrvzafftvptbetbcgcq/Build/Intermediates.noindex/Pods.build
    export PROJECT_TEMP_ROOT\=/Users/momtajhusen/Library/Developer/Xcode/DerivedData/UnderOneRoof-bvjuhnhcwjrvzafftvptbetbcgcq/Build/Intermediates.noindex
    export REACT_NATIVE_PATH\=/Users/momtajhusen/Desktop/UnderOneRoof/ios/Pods/../../node_modules/react-native
    export RECOMMENDED_IPHONEOS_DEPLOYMENT_TARGET\=15.0
    export RECURSIVE_SEARCH_PATHS_FOLLOW_SYMLINKS\=YES
    export REMOVE_CVS_FROM_RESOURCES\=YES
    export REMOVE_GIT_FROM_RESOURCES\=YES
    export REMOVE_HEADERS_FROM_EMBEDDED_BUNDLES\=YES
    export REMOVE_HG_FROM_RESOURCES\=YES
    export REMOVE_STATIC_EXECUTABLES_FROM_EMBEDDED_BUNDLES\=YES
    export REMOVE_SVN_FROM_RESOURCES\=YES
    export RESCHEDULE_INDEPENDENT_HEADERS_PHASES\=YES
    export REZ_COLLECTOR_DIR\=/Users/momtajhusen/Library/Developer/Xcode/DerivedData/UnderOneRoof-bvjuhnhcwjrvzafftvptbetbcgcq/Build/Intermediates.noindex/Pods.build/Debug-iphonesimulator/React-FabricComponents.build/ResourceManagerResources
    export REZ_EXECUTABLE\=YES
    export REZ_OBJECTS_DIR\=/Users/momtajhusen/Library/Developer/Xcode/DerivedData/UnderOneRoof-bvjuhnhcwjrvzafftvptbetbcgcq/Build/Intermediates.noindex/Pods.build/Debug-iphonesimulator/React-FabricComponents.build/ResourceManagerResources/Objects
    export REZ_SEARCH_PATHS\=/Users/momtajhusen/Library/Developer/Xcode/DerivedData/UnderOneRoof-bvjuhnhcwjrvzafftvptbetbcgcq/Build/Products/Debug-iphonesimulator/React-FabricComponents\ 
    export SCAN_ALL_SOURCE_FILES_FOR_INCLUDES\=NO
    export SCRIPT_INPUT_FILE_COUNT\=0
    export SCRIPT_INPUT_FILE_LIST_COUNT\=0
    export SCRIPT_OUTPUT_FILE_COUNT\=0
    export SCRIPT_OUTPUT_FILE_LIST_COUNT\=0
    export SDKROOT\=/Applications/Xcode.app/Contents/Developer/Platforms/iPhoneSimulator.platform/Developer/SDKs/iPhoneSimulator18.5.sdk
    export SDK_DIR\=/Applications/Xcode.app/Contents/Developer/Platforms/iPhoneSimulator.platform/Developer/SDKs/iPhoneSimulator18.5.sdk
    export SDK_DIR_iphonesimulator\=/Applications/Xcode.app/Co
debug ntents/Developer/Platforms/iPhoneSimulator.platform/Developer/SDKs/iPhoneSimulator18.5.sdk
    export SDK_DIR_iphonesimulator18_5\=/Applications/Xcode.app/Contents/Developer/Platforms/iPhoneSimulator.platform/Developer/SDKs/iPhoneSimulator18.5.sdk
    export SDK_NAME\=iphonesimulator18.5
    export SDK_NAMES\=iphonesimulator18.5
    export SDK_PRODUCT_BUILD_VERSION\=22F76
    export SDK_STAT_CACHE_DIR\=/Users/momtajhusen/Library/Developer/Xcode/DerivedData
    export SDK_STAT_CACHE_ENABLE\=YES
    export SDK_STAT_CACHE_PATH\=/Users/momtajhusen/Library/Developer/Xcode/DerivedData/SDKStatCaches.noindex/iphonesimulator18.5-22F76-d5fc8ad4295d2ef488fb7d0f804ce0c4.sdkstatcache
    export SDK_VERSION\=18.5
    export SDK_VERSION_ACTUAL\=180500
    export SDK_VERSION_MAJOR\=180000
    export SDK_VERSION_MINOR\=180500
    export SED\=/usr/bin/sed
    export SEPARATE_STRIP\=NO
    export SEPARATE_SYMBOL_EDIT\=NO
    export SET_DIR_MODE_OWNER_GROUP\=YES
    export SET_FILE_MODE_OWNER_GROUP\=NO
    export SHALLOW_BUNDLE\=NO
    export SHARED_DERIVED_FILE_DIR\=/Users/momtajhusen/Library/Developer/Xcode/DerivedData/UnderOneRoof-bvjuhnhcwjrvzafftvptbetbcgcq/Build/Products/Debug-iphonesimulator/React-FabricComponents/DerivedSources
    export SHARED_PRECOMPS_DIR\=/Users/momtajhusen/Library/Developer/Xcode/DerivedData/UnderOneRoof-bvjuhnhcwjrvzafftvptbetbcgcq/Build/Intermediates.noindex/PrecompiledHeaders
    export SKIP_INSTALL\=YES
    export SOURCE_ROOT\=/Users/momtajhusen/Desktop/UnderOneRoof/ios/Pods
    export SRCROOT\=/Users/momtajhusen/Desktop/UnderOneRoof/ios/Pods
    export STRINGSDATA_DIR\=/Users/momtajhusen/Library/Developer/Xcode/DerivedData/UnderOneRoof-bvjuhnhcwjrvzafftvptbetbcgcq/Build/Intermediates.noindex/Pods.build/Debug-iphonesimulator/React-FabricComponents.build/Objects-normal/undefined_arch
    export STRINGSDATA_ROOT\=/Users/momtajhusen/Library/Developer/Xcode/DerivedData/UnderOneRoof-bvjuhnhcwjrvzafftvptbetbcgcq/Build/Intermediates.noindex/Pods.build/Debug-iphonesimulator/React-FabricComponents.build
    export STRINGS_FILE_INFOPLIST_RENAME\=YES
    export STRINGS_FILE_OUTPUT_ENCODING\=binary
    export STRIP_BITCODE_FROM_COPIED_FILES\=NO
    export STRIP_INSTALLED_PRODUCT\=NO
    export STRIP_STYLE\=debugging
    export STRIP_SWIFT_SYMBOLS\=YES
    export SUPPORTED_DEVICE_FAMILIES\=1,2
    export SUPPORTED_PLATFORMS\=iphoneos\ iphonesimulator
    export SUPPORTS_TEXT_BASED_API\=NO
    export SUPPRESS_WARNINGS\=NO
    export SWIFT_ACTIVE_COMPILATION_CONDITIONS\=\ DEBUG\ 
    export SWIFT_EMIT_LOC_STRINGS\=NO
    export SWIFT_INSTALL_OBJC_HEADER\=YES
    export SWIFT_OPTIMIZATION_LEVEL\=-Onone
    export SWIFT_PLATFORM_TARGET_PREFIX\=ios
    export SWIFT_RESPONSE_FILE_PATH_normal_arm64\=/Users/momtajhusen/Library/Developer/Xcode/DerivedData/UnderOneRoof-bvjuhnhcwjrvzafftvptbetbcgcq/Build/Intermediates.noindex/Pods.build/Debug-iphonesimulator/React-FabricComponents.build/Objects-normal/arm64/React-FabricComponents.SwiftFileList
    export SWIFT_VERSION\=5.0
    export SYMROOT\=/Users/momtajhusen/Library/Developer/Xcode/DerivedData/UnderOneRoof-bvjuhnhcwjrvzafftvptbetbcgcq/Build/Products
    export SYSTEM_ADMIN_APPS_DIR\=/Applications/Utilities
    export SYSTEM_APPS_DIR\=/Applications
    export SYSTEM_CORE_SERVICES_DIR\=/System/Library/CoreServices
    export SYSTEM_DEMOS_DIR\=/Applications/Extras
    export SYSTEM_DEVELOPER_APPS_DIR\=/Applications/Xcode.app/Contents/Developer/Applications
    export SYSTEM_DEVELOPER_BIN_DIR\=/Applications/Xcode.app/Contents/Developer/usr/bin
    export SYSTEM_DEVELOPER_DEMOS_DIR\=/Applications/Xcode.app/Contents/Developer/Applications/Utilities/Built\ Examples
    export SYSTEM_DEVELOPER_DIR\=/Applications/Xcode.app/Contents/Developer
    export SYSTEM_DEVELOPER_DOC_DIR\=/Applications/Xcode.app/Contents/Developer/ADC\ Reference\ Library
    export SYSTEM_DEVELOPER_GRAPHICS_TOOLS_DIR\=/Applications/Xcode.app/Contents/Developer/Applications/Graphics\ Tools
    export SYSTEM_DEVELOPER_JAVA_TOOLS_DIR\=/Applications/Xcode.app/Contents/Developer/Applications/Java\ Tools
    export SYSTEM_DEVELOPER_PERFORMANCE_TOOLS_DIR\=/Applications/Xcode.app/Contents/Developer/Applications/Performance\ Tools
    export SYSTEM_DEVELOPER_RELEASENOTES_DIR\=/Applications/Xcode.app/Contents/Developer/ADC\ Reference\ Library/releasenotes
    export SYSTEM_DEVELOPER_TOOLS\=/Applications/Xcode.app/Contents/Developer/Tools
    export SYSTEM_DEVELOPER_TOOLS_DOC_DIR\=/Applications/Xcode.app/Contents/Developer/ADC\ Reference\ Library/documentation/DeveloperTools
    export SYSTEM_DEVELOPER_TOOLS_RELEASENOTES_DIR\=/Applications/Xcode.app/Contents/Developer/ADC\ Reference\ Library/releasenotes/DeveloperTools
    export SYSTEM_DEVELOPER_USR_DIR\=/Applications/Xcode.app/Contents/Developer/usr
    export SYSTEM_DEVELOPER_UTILITIES_DIR\=/Applications/Xcode.app/Contents/Developer/Applications/Utilities
    export SYSTEM_DEXT_INSTALL_PATH\=/System/Library/DriverExtensions
    export SYSTEM_DOCUMENTATION_DIR\=/Library/Documentation
    export SYSTEM_KEXT_INSTALL_PATH\=/System/Library/Extensions
    export SYSTEM_LIBRARY_DIR\=/System/Library
    export TAPI_DEMANGLE\=YES
    export TAPI_ENABLE_PROJECT_HEADERS\=NO
    export TAPI_LANGUAGE\=objective-c
    export TAPI_LANGUAGE_STANDARD\=compiler-default
    export TAPI_USE_SRCROOT\=YES
    export TAPI_VERIFY_MODE\=Pedantic
    export TARGETED_DEVICE_FAMILY\=1,2
    export TARGETNAME\=React-FabricComponents
    export TARGET_BUILD_DIR\=/Users/momtajhusen/Library/Developer/Xcode/DerivedData/UnderOneRoof-bvjuhnhcwjrvzafftvptbetbcgcq/Build/Products/Debug-iphonesimulator/React-FabricComponents
    export TARGET_DEVICE_IDENTIFIER\=F2E985D8-D147-4467-820F-8CB451FE785D
    export TARGET_DEVICE_MODEL\=iPhone17,1
    export TARGET_DEVICE_OS_VERSION\=18.5
    export TARGET_DEVICE_PLATFORM_NAME\=iphonesimulator
    export TARGET_NAME\=React-FabricComponents
    export TARGET_TEMP_DIR\=/Users/momtajhusen/Library/Developer/Xcode/DerivedData/UnderOneRoof-bvjuhnhcwjrvzafftvptbetbcgcq/Build/Intermediates.noindex/Pods.build/Debug-iphonesimulator/React-FabricComponents.build
    export TEMP_DIR\=/Users/momtajhusen/Library/Developer/Xcode/DerivedData/UnderOneRoof-bvjuhnhcwjrvzafftvptbetbcgcq/Build/Intermediates.noindex/Pods.build/Debug-iphonesimulator/React-FabricComponents.build
    export TEMP_FILES_DIR\=/Users/momtajhusen/Library/Developer/Xcode/DerivedData/UnderOneRoof-bvjuhnhcwjrvzafftvptbetbcgcq/Build/Intermediates.noindex/Pods.build/Debug-iphonesimulator/React-FabricComponents.build
    export TEMP_FILE_DIR\=/Users/momtajhusen/Library/Developer/Xcode/DerivedData/UnderOneRoof-bvjuhnhcwjrvzafftvptbetbcgcq/Build/Intermediates.noindex/Pods.build/Debug-iphonesimulator/React-FabricComponents.build
    export TEMP_ROOT\=/Users/momtajhusen/Library/Developer/Xcode/DerivedData/UnderOneRoof-bvjuhnhcwjrvzafftvptbetbcgcq/Build/Intermediates.noindex
    export TEMP_SANDBOX_DIR\=/Users/momtajhusen/Library/Developer/Xcode/DerivedData/UnderOneRoof-bvjuhnhcwjrvzafftvptbetbcgcq/Build/Intermediates.noindex/TemporaryTaskSandboxes
    export TEST_FRAMEWORK_SEARCH_PATHS\=\ /Applications/Xcode.app/Contents/Developer/Platforms/iPhoneSimulator.platform/Developer/Library/Frameworks\ /Applications/Xcode.app/Contents/Developer/Platforms/iPhoneSimulator.platform/Developer/SDKs/iPhoneSimulator18.5.sdk/Developer/Library/Frameworks
    export TEST_LIBRARY_SEARCH_PATHS\=\ /Applications/Xcode.app/Contents/Developer/Platforms/iPhoneSimulator.platform/Developer/usr/lib
    export TOOLCHAINS\=com.apple.dt.toolchain.XcodeDefault
    export TOOLCHAIN_DIR\=/Applications/Xcode.app/Contents/Developer/Toolchains/XcodeDefault.xctoolchain
    export TREAT_MISSING_BASELINES_AS_TEST_FAILURES\=NO
    export TREAT_MISSING_SCRIPT_PHASE_OUTPUTS_AS_ERRORS\=NO
    export UID\=501
    export UNINSTALLED_PRODUCTS_DIR\=/Users/momtajhusen/Library/Developer/Xcode/DerivedData/UnderOneRoof-bvjuhnhcwjrvzafftvptbetbcgcq/Build/Intermediates.noindex/UninstalledProducts
    export UNSTRIPPED_PRODUCT\=NO
    export USER\=momtajhusen
    export USER_APPS_DIR\=/Users/momtajhusen/Applications
    export USER_LIBRARY_DIR\=/Users/momtajhusen/Library
    export USE_DYNAMIC_
debug NO_PIC\=YES
    export USE_HEADERMAP\=YES
    export USE_HEADER_SYMLINKS\=NO
    export USE_HERMES\=true
    export USE_RECURSIVE_SCRIPT_INPUTS_IN_SCRIPT_PHASES\=YES
    export VALIDATE_DEVELOPMENT_ASSET_PATHS\=YES_ERROR
    export VALIDATE_PRODUCT\=NO
    export VALID_ARCHS\=arm64\ arm64e\ x86_64
    export VERBOSE_PBXCP\=NO
    export VERSION_INFO_BUILDER\=momtajhusen
    export VERSION_INFO_FILE\=React-FabricComponents_vers.c
    export VERSION_INFO_STRING\=\"@\(\#\)PROGRAM:React-FabricComponents\ \ PROJECT:Pods-\"
    export WORKSPACE_DIR\=/Users/momtajhusen/Desktop/UnderOneRoof/ios
    export WRAP_ASSET_PACKS_IN_SEPARATE_DIRECTORIES\=NO
    export XCODE_APP_SUPPORT_DIR\=/Applications/Xcode.app/Contents/Developer/Library/Xcode
    export XCODE_PRODUCT_BUILD_VERSION\=16F6
    export XCODE_VERSION_ACTUAL\=1640
    export XCODE_VERSION_MAJOR\=1600
    export XCODE_VERSION_MINOR\=1640
    export XPCSERVICES_FOLDER_PATH\=/XPCServices
    export YACC\=yacc
    export _DISCOVER_COMMAND_LINE_LINKER_INPUTS\=YES
    export _DISCOVER_COMMAND_LINE_LINKER_INPUTS_INCLUDE_WL\=YES
    export __DIAGNOSE_DEPRECATED_ARCHS\=YES
    export arch\=undefined_arch
    export variant\=normal
    /bin/sh -c /Users/momtajhusen/Library/Developer/Xcode/DerivedData/UnderOneRoof-bvjuhnhcwjrvzafftvptbetbcgcq/Build/Intermediates.noindex/Pods.build/Debug-iphonesimulator/React-FabricComponents.build/Script-46EB2E00024B40.sh

debug Checking whether Codegen has run...

debug 

debug CompileC /Users/momtajhusen/Library/Developer/Xcode/DerivedData/UnderOneRoof-bvjuhnhcwjrvzafftvptbetbcgcq/Build/Intermediates.noindex/Pods.build/Debug-iphonesimulator/React-RCTFabric.build/Objects-normal/arm64/RCTThirdPartyFabricComponentsProvider.o /Users/momtajhusen/Desktop/UnderOneRoof/node_modules/react-native/React/Fabric/RCTThirdPartyFabricComponentsProvider.mm normal arm64 objective-c++ com.apple.compilers.llvm.clang.1_0.compiler (in target 'React-RCTFabric' from project 'Pods')
    cd /Users/momtajhusen/Desktop/UnderOneRoof/ios/Pods
    
    Using response file: /Users/momtajhusen/Library/Developer/Xcode/DerivedData/UnderOneRoof-bvjuhnhcwjrvzafftvptbetbcgcq/Build/Intermediates.noindex/Pods.build/Debug-iphonesimulator/React-RCTFabric.build/Objects-normal/arm64/af3fcb34312c57c0f52879cdce924b91-common-args.resp
    
    /Applications/Xcode.app/Contents/Developer/Toolchains/XcodeDefault.xctoolchain/usr/bin/clang -x objective-c++ -ivfsstatcache /Users/momtajhusen/Library/Developer/Xcode/DerivedData/SDKStatCaches.noindex/iphonesimulator18.5-22F76-d5fc8ad4295d2ef488fb7d0f804ce0c4.sdkstatcache -fmessage-length\=0 -fdiagnostics-show-note-include-stack -fmacro-backtrace-limit\=0 -fno-color-diagnostics -fmodules-prune-interval\=86400 -fmodules-prune-after\=345600 -fbuild-session-file\=/Users/momtajhusen/Library/Developer/Xcode/DerivedData/ModuleCache.noindex/Session.modulevalidation -fmodules-validate-once-per-build-session -Wnon-modular-include-in-framework-module -Werror\=non-modular-include-in-framework-module -Wno-trigraphs -Wno-missing-field-initializers -Wno-missing-prototypes -Werror\=return-type -Wdocumentation -Wunreachable-code -Wno-implicit-atomic-properties -Werror\=deprecated-objc-isa-usage -Wno-objc-interface-ivars -Werror\=objc-root-class -Wno-arc-repeated-use-of-weak -Wimplicit-retain-self -Wno-non-virtual-dtor -Wno-overloaded-virtual -Wno-exit-time-destructors -Wduplicate-method-match -Wno-missing-braces -Wparentheses -Wswitch -Wunused-function -Wno-unused-label -Wno-unused-parameter -Wunused-variable -Wunused-value -Wempty-body -Wuninitialized -Wconditional-uninitialized -Wno-unknown-pragmas -Wno-shadow -Wno-four-char-constants -Wno-conversion -Wconstant-conversion -Wint-conversion -Wbool-conversion -Wenum-conversion -Wno-float-conversion -Wnon-literal-null-conversion -Wobjc-literal-conversion -Wshorten-64-to-32 -Wno-newline-eof -Wno-selector -Wno-strict-selector-match -Wundeclared-selector -Wdeprecated-implementations -Wno-c++11-extensions -Wno-implicit-fallthrough -fstrict-aliasing -Wprotocol -Wdeprecated-declarations -Winvalid-offsetof -Wno-sign-conversion -Winfinite-recursion -Wmove -Wcomma -Wblock-capture-autoreleasing -Wstrict-prototypes -Wrange-loop-analysis -Wno-semicolon-before-method-body -Wunguarded-availability -index-store-path /Users/momtajhusen/Library/Developer/Xcode/DerivedData/UnderOneRoof-bvjuhnhcwjrvzafftvptbetbcgcq/Index.noindex/DataStore -Wno-comma -Wno-shorten-64-to-32 @/Users/momtajhusen/Library/Developer/Xcode/DerivedData/UnderOneRoof-bvjuhnhcwjrvzafftvptbetbcgcq/Build/Intermediates.noindex/Pods.build/Debug-iphonesimulator/React-RCTFabric.build/Objects-normal/arm64/af3fcb34312c57c0f52879cdce924b91-common-args.resp -DFOLLY_NO_CONFIG -DFOLLY_MOBILE\=1 -DFOLLY_USE_LIBCPP\=1 -DFOLLY_CFG_NO_COROUTINES\=1 -DFOLLY_HAVE_CLOCK_GETTIME\=1 -Wno-comma -Wno-shorten-64-to-32 -Wno-documentation -include /Users/momtajhusen/Desktop/UnderOneRoof/ios/Pods/Target\ Support\ Files/React-RCTFabric/React-RCTFabric-prefix.pch -MMD -MT dependencies -MF /Users/momtajhusen/Library/Developer/Xcode/DerivedData/UnderOneRoof-bvjuhnhcwjrvzafftvptbetbcgcq/Build/Intermediates.noindex/Pods.build/Debug-iphonesimulator/React-RCTFabric.build/Objects-normal/arm64/RCTThirdPartyFabricComponentsProvider.d --serialize-diagnostics /Users/momtajhusen/Library/Developer/Xcode/DerivedData/UnderOneRoof-bvjuhnhcwjrvzafftvptbetbcgcq/Build/Intermediates.noindex/Pods.build/Debug-iphonesimulator/React-RCTFabric.build/Objects-normal/arm64/RCTThirdPartyFabricComponentsProvider.dia -c /Users/momtajhusen/Desktop/UnderOneRoof/node_modules/react-native/React/Fabric/RCTThirdPartyFabricComponentsProvider.mm -o /Users/momtajhusen/Library/Developer/Xcode/DerivedData/UnderOneRoof-bvjuhnhcwjrvzafftvptbetbcgcq/Build/Intermediates.noindex/Pods.build/Debug-iphonesimulator/React-RCTFabric.build/Objects-normal/arm64/RCTThirdPartyFabricComponentsProvider.o -index-unit-output-path /Pods.build/Debug-iphonesimulator/React-RCTFabric.build/Objects-normal/arm64/RCTThirdPartyFabricComponentsProvider.o

debug 

debug Libtool /Users/momtajhusen/Library/Developer/Xcode/DerivedData/UnderOneRoof-bvjuhnhcwjrvzafftvptbetbcgcq/Build/Products/Debug-iphonesimulator/React-RCTFabric/libReact-RCTFabric.a normal (in target 'React-RCTFabric' from project 'Pods')
    cd /Users/momtajhusen/Desktop/UnderOneRoof/ios/Pods
    /Applications/Xcode.app/Contents/Developer/Toolchains/XcodeDefault.xctoolchain/usr/bin/libtool -static -arch_only arm64 -D -syslibroot /Applications/Xcode.app/Contents/Developer/Platforms/iPhoneSimulator.platform/Developer/SDKs/iPhoneSimulator18.5.sdk -L/Users/momtajhusen/Library/Developer/Xcode/DerivedData/UnderOneRoof-bvjuhnhcwjrvzafftvptbetbcgcq/Build/Products/Debug-iphonesimulator/React-RCTFabric -filelist /Users/momtajhusen/Library/Developer/Xcode/DerivedData/UnderOneRoof-bvjuhnhcwjrvzafftvptbetbcgcq/Build/Intermediates.noindex/Pods.build/Debug-iphonesimulator/React-RCTFabric.build/Objects-normal/arm64/React-RCTFabric.LinkFileList -dependency_info /Users/momtajhusen/Library/Developer/Xcode/DerivedData/UnderOneRoof-bvjuhnhcwjrvzafftvptbetbcgcq/Build/Intermediates.noindex/Pods.build/Debug-iphonesimulator/React-RCTFabric.build/Objects-normal/arm64/React-RCTFabric_libtool_dependency_info.dat -o /Users/momtajhusen/Library/Developer/Xcode/DerivedData/UnderOneRoof-bvjuhnhcwjrvzafftvptbetbcgcq/Build/Products/Debug-iphonesimulator/React-RCTFabric/libReact-RCTFabric.a

debug 

debug ScanDependencies /Users/momtajhusen/Library/Developer/Xcode/DerivedData/UnderOneRoof-bvjuhnhcwjrvzafftvptbetbcgcq/Build/Intermediates.noindex/Pods.build/Debug-iphonesimulator/EXNotifications.build/Objects-normal/arm64/NSDictionary+EXNotificationsVerifyingClass.o /Users/momtajhusen/Desktop/UnderOneRoof/node_modules/expo-notifications/ios/EXNotifications/Notifications/NSDictionary+EXNotificationsVerifyingClass.m normal arm64 objective-c com.apple.compilers.llvm.clang.1_0.compiler (in target 'EXNotifications' from project 'Pods')
    cd /Users/momtajhusen/Desktop/UnderOneRoof/ios/Pods
    
    Using response file: /Users/momtajhusen/Library/Developer/Xcode/DerivedData/UnderOneRoof-bvjuhnhcwjrvzafftvptbetbcgcq/Build/Intermediates.noindex/Pods.build/Debug-iphonesimulator/EXNotifications.build/Objects-normal/arm64/e6072d4f65d7061329687fe24e3d63a7-common-args.resp
    
    builtin-ScanDependencies -o /Users/momtajhusen/Library/Developer/Xcode/DerivedData/UnderOneRoof-bvjuhnhcwjrvzafftvptbetbcgcq/Build/Intermediates.noindex/Pods.build/Debug-iphonesimulator/EXNotifications.build/Objects-normal/arm64/NSDictionary+EXNotificationsVerifyingClass.o.scan -- /Applications/Xcode.app/Contents/Developer/Toolchains/XcodeDefault.xctoolchain/usr/bin/clang -x objective-c -ivfsstatcache /Users/momtajhusen/Library/Developer/Xcode/DerivedData/SDKStatCaches.noindex/iphonesimulator18.5-22F76-d5fc8ad4295d2ef488fb7d0f804ce0c4.sdkstatcache -fmessage-length\=0 -fdiagnostics-show-note-include-stack -fmacro-backtrace-limit\=0 -fno-color-diagnostics -fmodules-prune-interval\=86400 -fmodules-prune-after\=345600 -fbuild-session-file\=/Users/momtajhusen/Library/Developer/Xcode/DerivedData/ModuleCache.noindex/Session.modulevalidation -fmodules-validate-once-per-build-session -Wnon-modular-include-in-framework-module -Werror\=non-modular-include-in-framework-module -Wno-trigraphs -Wno-missing-field-initializers -Wno-missing-prototypes -Werror\=return-type -Wdocumentation -Wunreachable-code -Wno-implicit-atomic-properties -Werror\=deprecated-objc-isa-usage -Wno-objc-interface-ivars -Werror\=objc-root-class -Wno-arc-repeated-use-of-weak -Wimplicit-retain-self -Wduplicate-method-match -Wno-missing-braces -Wparentheses -Wswitch -Wunused-function -Wno-unused-label -Wno-unused-parameter -Wunused-variable -Wunused-value -Wempty-body -Wuninitialized -Wconditional-uninitialized -Wno-unknown-pragmas -Wno-shadow -Wno-four-char-constants -Wno-conversion -Wconstant-conversion -Wint-conversion -Wbool-conversion -Wenum-conversion -Wno-float-conversion -Wnon-literal-null-conversion -Wobjc-literal-conversion -Wshorten-64-to-32 -Wpointer-sign -Wno-newline-eof -Wno-selector -Wno-strict-selector-match -Wundeclared-selector -Wdeprecated-implementations -Wno-implicit-fallthrough -fstrict-aliasing -Wprotocol -Wdeprecated-declarations -Wno-sign-conversion -Winfinite-recursion -Wcomma -Wblock-capture-autoreleasing -Wstrict-prototypes -Wno-semicolon-before-method-body -Wunguarded-availability -index-store-path /Users/momtajhusen/Library/Developer/Xcode/DerivedData/UnderOneRoof-bvjuhnhcwjrvzafftvptbetbcgcq/Index.noindex/DataStore @/Users/momtajhusen/Library/Developer/Xcode/DerivedData/UnderOneRoof-bvjuhnhcwjrvzafftvptbetbcgcq/Build/Intermediates.noindex/Pods.build/Debug-iphonesimulator/EXNotifications.build/Objects-normal/arm64/e6072d4f65d7061329687fe24e3d63a7-common-args.resp -include /Users/momtajhusen/Desktop/UnderOneRoof/ios/Pods/Target\ Support\ Files/EXNotifications/EXNotifications-prefix.pch -MMD -MT dependencies -MF /Users/momtajhusen/Library/Developer/Xcode/DerivedData/UnderOneRoof-bvjuhnhcwjrvzafftvptbetbcgcq/Build/Intermediates.noindex/Pods.build/Debug-iphonesimulator/EXNotifications.build/Objects-normal/arm64/NSDictionary+EXNotificationsVerifyingClass.d --serialize-diagnostics /Users/momtajhusen/Library/Developer/Xcode/DerivedData/UnderOneRoof-bvjuhnhcwjrvzafftvptbetbcgcq/Build/Intermediates.noindex/Pods.build/Debug-iphonesimulator/EXNotifications.build/Objects-normal/arm64/NSDictionary+EXNotificationsVerifyingClass.dia -c /Users/momtajhusen/Desktop/UnderOneRoof/node_modules/expo-notifications/ios/EXNotifications/Notifications/NSDictionary+EXNotificationsVerifyingClass.m -o /Users/momtajhusen/Library/Developer/Xcode/DerivedData/UnderOneRoof-bvjuhnhcwjrvzafftvptbetbcgcq/Build/Intermediates.noindex/Pods.build/Debug-iphonesimulator/EXNotifications.build/Objects-normal/arm64/NSDictionary+EXNotificationsVerifyingClass.o -index-unit-output-path /Pods.build/Debug-iphonesimulator/EXNotifications.build/Objects-normal/arm64/NSDictionary+EXNotificationsVerifyingClass.o

debug 

debug ScanDependencies /Users/momtajhusen/Library/Developer/Xcode/DerivedData/UnderOneRoof-bvjuhnhcwjrvzafftvptbetbcgcq/Build/Intermediates.noindex/Pods.build/Debug-iphonesimulator/EXNotifications.build/Objects-normal/arm64/EXUserFacingNotificationsPermissionsRequester.o /Users/momtajhusen/Desktop/UnderOneRoof/node_modules/expo-notifications/ios/EXNotifications/Permissions/EXUserFacingNotificationsPermissionsRequester.m normal arm64 objective-c com.apple.compilers.llvm.clang.1_0.compiler (in target 'EXNotifications' from project 'Pods')
    cd /Users/momtajhusen/Desktop/UnderOneRoof/ios/Pods
    
    Using response file: /Users/momtajhusen/Library/Developer/Xcode/DerivedData/UnderOneRoof-bvjuhnhcwjrvzafftvptbetbcgcq/Build/Intermediates.noindex/Pods.build/Debug-iphonesimulator/EXNotifications.build/Objects-normal/arm64/e6072d4f65d7061329687fe24e3d63a7-common-args.resp
    
    builtin-ScanDependencies -o /Users/momtajhusen/Library/Developer/Xcode/DerivedData/UnderOneRoof-bvjuhnhcwjrvzafftvptbetbcgcq/Build/Intermediates.noindex/Pods.build/Debug-iphonesimulator/EXNotifications.build/Objects-normal/arm64/EXUserFacingNotificationsPermissionsRequester.o.scan -- /Applications/Xcode.app/Contents/Developer/Toolchains/XcodeDefault.xctoolchain/usr/bin/clang -x objective-c -ivfsstatcache /Users/momtajhusen/Library/Developer/Xcode/DerivedData/SDKStatCaches.noindex/iphonesimulator18.5-22F76-d5fc8ad4295d2ef488fb7d0f804ce0c4.sdkstatcache -fmessage-length\=0 -fdiagnostics-show-note-include-stack -fmacro-backtrace-limit\=0 -fno-color-diagnostics -fmodules-prune-interval\=86400 -fmodules-prune-after\=345600 -fbuild-session-file\=/Users/momtajhusen/Library/Developer/Xcode/DerivedData/ModuleCache.noindex/Session.modulevalidation -fmodules-validate-once-per-build-session -Wnon-modular-include-in-framework-module -Werror\=non-modular-include-in-framework-module -Wno-trigraphs -Wno-missing-field-initializers -Wno-missing-prototypes -Werror\=return-type -Wdocumentation -Wunreachable-code -Wno-implicit-atomic-properties -Werror\=deprecated-objc-isa-usage -Wno-objc-interface-ivars -Werror\=objc-root-class -Wno-arc-repeated-use-of-weak -Wimplicit-retain-self -Wduplicate-method-match -Wno-missing-braces -Wparentheses -Wswitch -Wunused-function -Wno-unused-label -Wno-unused-parameter -Wunused-variable -Wunused-value -Wempty-body -Wuninitialized -Wconditional-uninitialized -Wno-unknown-pragmas -Wno-shadow -Wno-four-char-constants -Wno-conversion -Wconstant-conversion -Wint-conversion -Wbool-conversion -Wenum-conversion -Wno-float-conversion -Wnon-literal-null-conversion -Wobjc-literal-conversion -Wshorten-64-to-32 -Wpointer-sign -Wno-newline-eof -Wno-selector -Wno-strict-selector-match -Wundeclared-selector -Wdeprecated-implementations -Wno-implicit-fallthrough -fstrict-aliasing -Wprotocol -Wdeprecated-declarations -Wno-sign-conversion -Winfinite-recursion -Wcomma -Wblock-capture-autoreleasing -Wstrict-prototypes -Wno-semicolon-before-method-body -Wunguarded-availability -index-store-path /Users/momtajhusen/Library/Developer/Xcode/DerivedData/UnderOneRoof-bvjuhnhcwjrvzafftvptbetbcgcq/Index.noindex/DataStore @/Users/momtajhusen/Library/Developer/Xcode/DerivedData/UnderOneRoof-bvjuhnhcwjrvzafftvptbetbcgcq/Build/Intermediates.noindex/Pods.build/Debug-iphonesimulator/EXNotifications.build/Objects-normal/arm64/e6072d4f65d7061329687fe24e3d63a7-common-args.resp -include /Users/momtajhusen/Desktop/UnderOneRoof/ios/Pods/Target\ Support\ Files/EXNotifications/EXNotifications-prefix.pch -MMD -MT dependencies -MF /Users/momtajhusen/Library/Developer/Xcode/DerivedData/UnderOneRoof-bvjuhnhcwjrvzafftvptbetbcgcq/Build/Intermediates.noindex/Pods.build/Debug-iphonesimulator/EXNotifications.build/Objects-normal/arm64/EXUserFacingNotificationsPermissionsRequester.d --serialize-diagnostics /Users/momtajhusen/Library/Developer/Xcode/DerivedData/UnderOneRoof-bvjuhnhcwjrvzafftvptbetbcgcq/Build/Intermediates.noindex/Pods.build/Debug-iphonesimulator/EXNotifications.build/Objects-normal/arm64/EXUserFacingNotificationsPermissionsRequester.dia -c /Users/momtajhusen/Desktop/UnderOneRoof/node_modules/expo-notifications/ios/EXNotifications/Permissions/EXUserFacingNotificationsPermissionsRequester.m -o /Users/momtajhusen/Library/Developer/Xcode/DerivedData/UnderOneRoof-bvjuhnhcwjrvzafftvptbetbcgcq/Build/Intermediates.noindex/Pods.build/Debug-iphonesimulator/EXNotifications.build/Objects-normal/arm64/EXUserFacingNotificationsPermissionsRequester.o -index-unit-output-path /Pods.build/Debug-iphonesimulator/EXNotifications.build/Objects-normal/arm64/EXUserFacingNotificationsPermissionsRequester.o

debug 

debug ScanDependencies /Users/momtajhusen/Library/Developer/Xcode/DerivedData/UnderOneRoof-bvjuhnhcwjrvzafftvptbetbcgcq/Build/Intermediates.noindex/Pods.build/Debug-iphonesimulator/EXNotifications.build/Objects-normal/arm64/EXSingleNotificationHandlerTask.o /Users/momtajhusen/Desktop/UnderOneRoof/node_modules/expo-notifications/ios/EXNotifications/Notifications/Handler/EXSingleNotificationHandlerTask.m normal arm64 objective-c com.apple.compilers.llvm.clang.1_0.compiler (in target 'EXNotifications' from project 'Pods')
    cd /Users/momtajhusen/Desktop/UnderOneRoof/ios/Pods
    
    Using response file: /Users/momtajhusen/Library/Developer/Xcode/DerivedData/UnderOneRoof-bvjuhnhcwjrvzafftvptbetbcgcq/Build/Intermediates.noindex/Pods.build/Debug-iphonesimulator/EXNotifications.build/Objects-normal/arm64/e6072d4f65d7061329687fe24e3d63a7-common-args.resp
    
    builtin-ScanDependencies -o /Users/momtajhusen/Library/Developer/Xcode/DerivedData/UnderOneRoof-bvjuhnhcwjrvzafftvptbetbcgcq/Build/Intermediates.noindex/Pods.build/Debug-iphonesimulator/EXNotifications.build/Objects-normal/arm64/EXSingleNotificationHandlerTask.o.scan -- /Applications/Xcode.app/Contents/Developer/Toolchains/XcodeDefault.xctoolchain/usr/bin/clang -x objective-c -ivfsstatcache /Users/momtajhusen/Library/Developer/Xcode/DerivedData/SDKStatCaches.noindex/iphonesimulator18.5-22F76-d5fc8ad4295d2ef488fb7d0f804ce0c4.sdkstatcache -fmessage-length\=0 -fdiagnostics-show-note-include-stack -fmacro-backtrace-limit\=0 -fno-color-diagnostics -fmodules-prune-interval\=86400 -fmodules-prune-after\=345600 -fbuild-session-file\=/Users/momtajhusen/Library/Developer/Xcode/DerivedData/ModuleCache.noindex/Session.modulevalidation -fmodules-validate-once-per-build-session -Wnon-modular-include-in-framework-module -Werror\=non-modular-include-in-framework-module -Wno-trigraphs -Wno-missing-field-initializers -Wno-missing-prototypes -Werror\=return-type -Wdocumentation -Wunreachable-code -Wno-implicit-atomic-properties -Werror\=deprecated-objc-isa-usage -Wno-objc-interface-ivars -Werror\=objc-root-class -Wno-arc-repeated-use-of-weak -Wimplicit-retain-self -Wduplicate-method-match -Wno-missing-braces -Wparentheses -Wswitch -Wunused-function -Wno-unused-label -Wno-unused-parameter -Wunused-variable -Wunused-value -Wempty-body -Wuninitialized -Wconditional-uninitialized -Wno-unknown-pragmas -Wno-shadow -Wno-four-char-constants -Wno-conversion -Wconstant-conversion -Wint-conversion -Wbool-conversion -Wenum-conversion -Wno-float-conversion -Wnon-literal-null-conversion -Wobjc-literal-conversion -Wshorten-64-to-32 -Wpointer-sign -Wno-newline-eof -Wno-selector -Wno-strict-selector-match -Wundeclared-selector -Wdeprecated-implementations -Wno-implicit-fallthrough -fstrict-aliasing -Wprotocol -Wdeprecated-declarations -Wno-sign-conversion -Winfinite-recursion -Wcomma -Wblock-capture-autoreleasing -Wstrict-prototypes -Wno-semicolon-before-method-body -Wunguarded-availability -index-store-path /Users/momtajhusen/Library/Developer/Xcode/DerivedData/UnderOneRoof-bvjuhnhcwjrvzafftvptbetbcgcq/Index.noindex/DataStore @/Users/momtajhusen/Library/Developer/Xcode/DerivedData/UnderOneRoof-bvjuhnhcwjrvzafftvptbetbcgcq/Build/Intermediates.noindex/Pods.build/Debug-iphonesimulator/EXNotifications.build/Objects-normal/arm64/e6072d4f65d7061329687fe24e3d63a7-common-args.resp -include /Users/momtajhusen/Desktop/UnderOneRoof/ios/Pods/Target\ Support\ Files/EXNotifications/EXNotifications-prefix.pch -MMD -MT dependencies -MF /Users/momtajhusen/Library/Developer/Xcode/DerivedData/UnderOneRoof-bvjuhnhcwjrvzafftvptbetbcgcq/Build/Intermediates.noindex/Pods.build/Debug-iphonesimulator/EXNotifications.build/Objects-normal/arm64/EXSingleNotificationHandlerTask.d --serialize-diagnostics /Users/momtajhusen/Library/Developer/Xcode/DerivedData/UnderOneRoof-bvjuhnhcwjrvzafftvptbetbcgcq/Build/Intermediates.noindex/Pods.build/Debug-iphonesimulator/EXNotifications.build/Objects-normal/arm64/EXSingleNotificationHandlerTask.dia -c /Users/momtajhusen/Desktop/UnderOneRoof/node_modules/expo-notifications/ios/EXNotifications/Notifications/Handler/EXSingleNotificationHandlerTask.m -o /Users/momtajhusen/Library/Developer/Xcode/DerivedData/UnderOneRoof-bvjuhnhcwjrvzafftvptbetbcgcq/Build/Intermediates.noindex/Pods.build/Debug-iphonesimulator/EXNotifications.build/Objects-normal/arm64/EXSingleNotificationHandlerTask.o -index-unit-output-path /Pods.build/Debug-iphonesimulator/EXNotifications.build/Objects-normal/arm64/EXSingleNotificationHandlerTask.o

ScanDependencies /Users/momtajhusen/Library/Developer/Xcode/DerivedData/UnderOneRoof-bvjuhnhcwjrvzafftvptbetbcgcq/Build/Intermediates.noindex/Pods.build/Debug-iphonesimulator/EXNotifications.build/Objects-normal/arm64/EXServerRegistrationModule.o /Users/momtajhusen/Desktop/UnderOneRoof/node_modules/expo-notifications/ios/EXNotifications/EXServerRegistrationModule.m normal arm64 objective-c com.apple.compilers.llvm.clang.1_0.compiler (in target 'EXNotifications' from project 'Pods')
    cd /Users/momtajhusen/Desktop/UnderOneRoof/ios/Pods
    
    Using response file: /Users/momtajhusen/Library/Developer/Xcode/DerivedData/UnderOneRoof-bvjuhnhcwjrvzafftvptbetbcgcq/Build/Intermediates.noindex/Pods.build/Debug-iphonesimulator/EXNotifications.build/Objects-normal/arm64/e6072d4f65d7061329687fe24e3d63a7-common-args.resp
    
    builtin-ScanDependencies -o /Users/momtajhusen/Library/Developer/Xcode/DerivedData/UnderOneRoof-bvjuhnhcwjrvzafftvptbetbcgcq/Build/Intermediates.noindex/Pods.build/Debug-iphonesimulator/EXNotifications.build/Objects-normal/arm64/EXServerRegistrationModule.o.scan -- /Applications/Xcode.app/Contents/Developer/Toolchains/XcodeDefault.xctoolchain/usr/bin/clang -x objective-c -ivfsstatcache /Users/momtajhusen/Library/Developer/Xcode/DerivedData/SDKStatCaches.noindex/iphonesimulator18.5-22F76-d5fc8ad4295d2ef488fb7d0f804ce0c4.sdkstatcache -fmessage-length\=0 -fdiagnostics-show-note-include-stack -fmacro-backtrace-limit\=0 -fno-color-diagnostics -fmodules-prune-interval\=86400 -fmodules-prune-after\=345600 -fbuild-session-file\=/Users/momtajhusen/Library/Developer/Xcode/DerivedData/ModuleCache.noindex/Session.modulevalidation -fmodules-validate-once-per-build-session -Wnon-modular-include-in-framework-module -Werror\=non-modular-include-in-framework-module -Wno-trigraphs -Wno-missing-field-initializers -Wno-missing-prototypes -Werror\=return-type -Wdocumentation -Wunreachable-code -Wno-implicit-atomic-properties -Werror\=deprecated-objc-isa-usage -Wno-objc-interface-ivars -Werror\=objc-root-class -Wno-arc-repeated-use-of-weak -Wimplicit-retain-self -Wduplicate-method-match -Wno-missing-braces -Wparentheses -Wswitch -Wunused-function -Wno-unused-label -Wno-unused-parameter -Wunused-variable -Wunused-value -Wempty-body -Wuninitialized -Wconditional-uninitialized -Wno-unknown-pragmas -Wno-shadow -Wno-four-char-constants -Wno-conversion -Wconstant-conversion -Wint-conversion -Wbool-conversion -Wenum-conversion -Wno-float-conversion -Wnon-literal-null-conversion -Wobjc-literal-conversion -Wshorten-64-to-32 -Wpointer-sign -Wno-newline-eof -Wno-selector -Wno-strict-selector-match -Wundeclared-selector -Wdeprecated-implementations -Wno-implicit-fallthrough -fstrict-aliasing -Wprotocol -Wdeprecated-declarations -Wno-sign-conversion -Winfinite-recursion -Wcomma -Wblock-capture-autoreleasing -Wstrict-prototypes -Wno-semicolon-before-method-body -Wunguarded-availability -index-store-path /Users/momtajhusen/Library/Developer/Xcode/DerivedData/UnderOneRoof-bvjuhnhcwjrvzafftvptbetbcgcq/Index.noindex/DataStore @/Users/momtajhusen/Library/Developer/Xcode/DerivedData/UnderOneRoof-bvjuhnhcwjrvzafftvptbetbcgcq/Build/Intermediates.noindex/Pods.build/Debug-iphonesimulator/EXNotifications.build/Objects-normal/arm64/e6072d4f65d7061329687fe24e3d63a7-common-args.resp -include /Users/momtajhusen/Desktop/UnderOneRoof/ios/Pods/Target\ Support\ Files/EXNotifications/EXNotifications-prefix.pch -MMD -MT dependencies -MF /Users/momtajhusen/Library/Developer/Xcode/DerivedData/UnderOneRoof-bvjuhnhcwjrvzafftvptbetbcgcq/Build/Intermediates.noindex/Pods.build/Debug-iphonesimulator/EXNotifications.build/Objects-normal/arm64/EXServerReg
debug istrationModule.d --serialize-diagnostics /Users/momtajhusen/Library/Developer/Xcode/DerivedData/UnderOneRoof-bvjuhnhcwjrvzafftvptbetbcgcq/Build/Intermediates.noindex/Pods.build/Debug-iphonesimulator/EXNotifications.build/Objects-normal/arm64/EXServerRegistrationModule.dia -c /Users/momtajhusen/Desktop/UnderOneRoof/node_modules/expo-notifications/ios/EXNotifications/EXServerRegistrationModule.m -o /Users/momtajhusen/Library/Developer/Xcode/DerivedData/UnderOneRoof-bvjuhnhcwjrvzafftvptbetbcgcq/Build/Intermediates.noindex/Pods.build/Debug-iphonesimulator/EXNotifications.build/Objects-normal/arm64/EXServerRegistrationModule.o -index-unit-output-path /Pods.build/Debug-iphonesimulator/EXNotifications.build/Objects-normal/arm64/EXServerRegistrationModule.o


debug ScanDependencies /Users/momtajhusen/Library/Developer/Xcode/DerivedData/UnderOneRoof-bvjuhnhcwjrvzafftvptbetbcgcq/Build/Intermediates.noindex/Pods.build/Debug-iphonesimulator/EXNotifications.build/Objects-normal/arm64/EXRemoteNotificationPermissionSingletonModule.o /Users/momtajhusen/Desktop/UnderOneRoof/node_modules/expo-notifications/ios/EXNotifications/Permissions/EXRemoteNotificationPermissionSingletonModule.m normal arm64 objective-c com.apple.compilers.llvm.clang.1_0.compiler (in target 'EXNotifications' from project 'Pods')
    cd /Users/momtajhusen/Desktop/UnderOneRoof/ios/Pods
    
    Using response file: /Users/momtajhusen/Library/Developer/Xcode/DerivedData/UnderOneRoof-bvjuhnhcwjrvzafftvptbetbcgcq/Build/Intermediates.noindex/Pods.build/Debug-iphonesimulator/EXNotifications.build/Objects-normal/arm64/e6072d4f65d7061329687fe24e3d63a7-common-args.resp
    
    builtin-ScanDependencies -o /Users/momtajhusen/Library/Developer/Xcode/DerivedData/UnderOneRoof-bvjuhnhcwjrvzafftvptbetbcgcq/Build/Intermediates.noindex/Pods.build/Debug-iphonesimulator/EXNotifications.build/Objects-normal/arm64/EXRemoteNotificationPermissionSingletonModule.o.scan -- /Applications/Xcode.app/Contents/Developer/Toolchains/XcodeDefault.xctoolchain/usr/bin/clang -x objective-c -ivfsstatcache /Users/momtajhusen/Library/Developer/Xcode/DerivedData/SDKStatCaches.noindex/iphonesimulator18.5-22F76-d5fc8ad4295d2ef488fb7d0f804ce0c4.sdkstatcache -fmessage-length\=0 -fdiagnostics-show-note-include-stack -fmacro-backtrace-limit\=0 -fno-color-diagnostics -fmodules-prune-interval\=86400 -fmodules-prune-after\=345600 -fbuild-session-file\=/Users/momtajhusen/Library/Developer/Xcode/DerivedData/ModuleCache.noindex/Session.modulevalidation -fmodules-validate-once-per-build-session -Wnon-modular-include-in-framework-module -Werror\=non-modular-include-in-framework-module -Wno-trigraphs -Wno-missing-field-initializers -Wno-missing-prototypes -Werror\=return-type -Wdocumentation -Wunreachable-code -Wno-implicit-atomic-properties -Werror\=deprecated-objc-isa-usage -Wno-objc-interface-ivars -Werror\=objc-root-class -Wno-arc-repeated-use-of-weak -Wimplicit-retain-self -Wduplicate-method-match -Wno-missing-braces -Wparentheses -Wswitch -Wunused-function -Wno-unused-label -Wno-unused-parameter -Wunused-variable -Wunused-value -Wempty-body -Wuninitialized -Wconditional-uninitialized -Wno-unknown-pragmas -Wno-shadow -Wno-four-char-constants -Wno-conversion -Wconstant-conversion -Wint-conversion -Wbool-conversion -Wenum-conversion -Wno-float-conversion -Wnon-literal-null-conversion -Wobjc-literal-conversion -Wshorten-64-to-32 -Wpointer-sign -Wno-newline-eof -Wno-selector -Wno-strict-selector-match -Wundeclared-selector -Wdeprecated-implementations -Wno-implicit-fallthrough -fstrict-aliasing -Wprotocol -Wdeprecated-declarations -Wno-sign-conversion -Winfinite-recursion -Wcomma -Wblock-capture-autoreleasing -Wstrict-prototypes -Wno-semicolon-before-method-body -Wunguarded-availability -index-store-path /Users/momtajhusen/Library/Developer/Xcode/DerivedData/UnderOneRoof-bvjuhnhcwjrvzafftvptbetbcgcq/Index.noindex/DataStore @/Users/momtajhusen/Library/Developer/Xcode/DerivedData/UnderOneRoof-bvjuhnhcwjrvzafftvptbetbcgcq/Build/Intermediates.noindex/Pods.build/Debug-iphonesimulator/EXNotifications.build/Objects-normal/arm64/e6072d4f65d7061329687fe24e3d63a7-common-args.resp -include /Users/momtajhusen/Desktop/UnderOneRoof/ios/Pods/Target\ Support\ Files/EXNotifications/EXNotifications-prefix.pch -MMD -MT dependencies -MF /Users/momtajhusen/Library/Developer/Xcode/DerivedData/UnderOneRoof-bvjuhnhcwjrvzafftvptbetbcgcq/Build/Intermediates.noindex/Pods.build/Debug-iphonesimulator/EXNotifications.build/Objects-normal/arm64/EXRemoteNotificationPermissionSingletonModule.d --serialize-diagnostics /Users/momtajhusen/Library/Developer/Xcode/DerivedData/UnderOneRoof-bvjuhnhcwjrvzafftvptbetbcgcq/Build/Intermediates.noindex/Pods.build/Debug-iphonesimulator/EXNotifications.build/Objects-normal/arm64/EXRemoteNotificationPermissionSingletonModule.dia -c /Users/momtajhusen/Desktop/UnderOneRoof/node_modules/expo-notifications/ios/EXNotifications/Permissions/EXRemoteNotificationPermissionSingletonModule.m -o /Users/momtajhusen/Library/Developer/Xcode/DerivedData/UnderOneRoof-bvjuhnhcwjrvzafftvptbetbcgcq/Build/Intermediates.noindex/Pods.build/Debug-iphonesimulator/EXNotifications.build/Objects-normal/arm64/EXRemoteNotificationPermissionSingletonModule.o -index-unit-output-path /Pods.build/Debug-iphonesimulator/EXNotifications.build/Objects-normal/arm64/EXRemoteNotificationPermissionSingletonModule.o


debug ScanDependencies /Users/momtajhusen/Library/Developer/Xcode/DerivedData/UnderOneRoof-bvjuhnhcwjrvzafftvptbetbcgcq/Build/Intermediates.noindex/Pods.build/Debug-iphonesimulator/EXNotifications.build/Objects-normal/arm64/EXPushTokenManager.o /Users/momtajhusen/Desktop/UnderOneRoof/node_modules/expo-notifications/ios/EXNotifications/PushToken/EXPushTokenManager.m normal arm64 objective-c com.apple.compilers.llvm.clang.1_0.compiler (in target 'EXNotifications' from project 'Pods')
    cd /Users/momtajhusen/Desktop/UnderOneRoof/ios/Pods
    
    Using response file: /Users/momtajhusen/Library/Developer/Xcode/DerivedData/UnderOneRoof-bvjuhnhcwjrvzafftvptbetbcgcq/Build/Intermediates.noindex/Pods.build/Debug-iphonesimulator/EXNotifications.build/Objects-normal/arm64/e6072d4f65d7061329687fe24e3d63a7-common-args.resp
    
    builtin-ScanDependencies -o /Users/momtajhusen/Library/Developer/Xcode/DerivedData/UnderOneRoof-bvjuhnhcwjrvzafftvptbetbcgcq/Build/Intermediates.noindex/Pods.build/Debug-iphonesimulator/EXNotifications.build/Objects-normal/arm64/EXPushTokenManager.o.scan -- /Applications/Xcode.app/Contents/Developer/Toolchains/XcodeDefault.xctoolchain/usr/bin/clang -x objective-c -ivfsstatcache /Users/momtajhusen/Library/Developer/Xcode/DerivedData/SDKStatCaches.noindex/iphonesimulator18.5-22F76-d5fc8ad4295d2ef488fb7d0f804ce0c4.sdkstatcache -fmessage-length\=0 -fdiagnostics-show-note-include-stack -fmacro-backtrace-limit\=0 -fno-color-diagnostics -fmodules-prune-interval\=86400 -fmodules-prune-after\=345600 -fbuild-session-file\=/Users/momtajhusen/Library/Developer/Xcode/DerivedData/ModuleCache.noindex/Session.modulevalidation -fmodules-validate-once-per-build-session -Wnon-modular-include-in-framework-module -Werror\=non-modular-include-in-framework-module -Wno-trigraphs -Wno-missing-field-initializers -Wno-missing-prototypes -Werror\=return-type -Wdocumentation -Wunreachable-code -Wno-implicit-atomic-properties -Werror\=deprecated-objc-isa-usage -Wno-objc-interface-ivars -Werror\=objc-root-class -Wno-arc-repeated-use-of-weak -Wimplicit-retain-self -Wduplicate-method-match -Wno-missing-braces -Wparentheses -Wswitch -Wunused-function -Wno-unused-label -Wno-unused-parameter -Wunused-variable -Wunused-value -Wempty-body -Wuninitialized -Wconditional-uninitialized -Wno-unknown-pragmas -Wno-shadow -Wno-four-char-constants -Wno-conversion -Wconstant-conversion -Wint-conversion -Wbool-conversion -Wenum-conversion -Wno-float-conversion -Wnon-literal-null-conversion -Wobjc-literal-conversion -Wshorten-64-to-32 -Wpointer-sign -Wno-newline-eof -Wno-selector -Wno-strict-selector-match -Wundeclared-selector -Wdeprecated-implementations -Wno-implicit-fallthrough -fstrict-aliasing -Wprotocol -Wdeprecated-declarations -Wno-sign-conversion -Winfinite-recursion -Wcomma -Wblock-capture-autoreleasing -Wstrict-prototypes -Wno-semicolon-before-method-body -Wunguarded-availability -index-store-path /Users/momtajhusen/Library/Developer/Xcode/DerivedData/UnderOneRoof-bvjuhnhcwjrvzafftvptbetbcgcq/Index.noindex/DataStore @/Users/momtajhusen/Library/Developer/Xcode/DerivedData/UnderOneRoof-bvjuhnhcwjrvzafftvptbetbcgcq/Build/Intermediates.noindex/Pods.build/Debug-iphonesimulator/EXNotifications.build/Objects-normal/arm64/e6072d4f65d7061329687fe24e3d63a7-common-args.resp -include /Users/momtajhusen/Desktop/UnderOneRoof/ios/Pods/Target\ Support\ Files/EXNotifications/EXNotifications-prefix.pch -MMD -MT dependencies -MF /Users/momtajhusen/Library/Developer/Xcode/DerivedData/UnderOneRoof-bvjuhnhcwjrvzafftvptbetbcgcq/Build/Intermediates.noindex/Pods.build/Debug-iphonesimulator/EXNotifications.build/Objects-normal/arm64/EXPushTokenManager.d --serialize-diagnostics /Users/momtajhusen/Library/Developer/Xcode/DerivedData/UnderOneRoof-bvjuhnhcwjrvzafftvptbetbcgcq/Build/Intermediates.noindex/Pods.build/Debug-iphonesimulator/EXNotifications.build/Objects-normal/arm64/EXPushTokenManager.dia -c /Users/momtajhusen/Desktop/UnderOneRoof/node_modules/expo-notifications/ios/EXNotifications/PushToken/EXPushTokenManager.m -o /Users/momtajhusen/Library/Developer/Xcode/DerivedData/UnderOneRoof-bvjuhnhcwjrvzafftvptbetbcgcq/Build/Intermediates.noindex/Pods.build/Debug-iphonesimulator/EXNotifications.build/Objects-normal/arm64/EXPushTokenManager.o -index-unit-output-path /Pods.build/Debug-iphonesimulator/EXNotifications.build/Objects-normal/arm64/EXPushTokenManager.o


debug ScanDependencies /Users/momtajhusen/Library/Developer/Xcode/DerivedData/UnderOneRoof-bvjuhnhcwjrvzafftvptbetbcgcq/Build/Intermediates.noindex/Pods.build/Debug-iphonesimulator/EXNotifications.build/Objects-normal/arm64/EXPushTokenModule.o /Users/momtajhusen/Desktop/UnderOneRoof/node_modules/expo-notifications/ios/EXNotifications/PushToken/EXPushTokenModule.m normal arm64 objective-c com.apple.compilers.llvm.clang.1_0.compiler (in target 'EXNotifications' from project 'Pods')
    cd /Users/momtajhusen/Desktop/UnderOneRoof/ios/Pods
    
    Using response file: /Users/momtajhusen/Library/Developer/Xcode/DerivedData/UnderOneRoof-bvjuhnhcwjrvzafftvptbetbcgcq/Build/Intermediates.noindex/Pods.build/Debug-iphonesimulator/EXNotifications.build/Objects-normal/arm64/e6072d4f65d7061329687fe24e3d63a7-common-args.resp
    
    builtin-ScanDependencies -o /Users/momtajhusen/Library/Developer/Xcode/DerivedData/UnderOneRoof-bvjuhnhcwjrvzafftvptbetbcgcq/Build/Intermediates.noindex/Pods.build/Debug-iphonesimulator/EXNotifications.build/Objects-normal/arm64/EXPushTokenModule.o.scan -- /Applications/Xcode.app/Contents/Developer/Toolchains/XcodeDefault.xctoolchain/usr/bin/clang -x objective-c -ivfsstatcache /Users/momtajhusen/Library/Developer/Xcode/DerivedData/SDKStatCaches.noindex/iphonesimulator18.5-22F76-d5fc8ad4295d2ef488fb7d0f804ce0c4.sdkstatcache -fmessage-length\=0 -fdiagnostics-show-note-include-stack -fmacro-backtrace-limit\=0 -fno-color-diagnostics -fmodules-prune-interval\=86400 -fmodules-prune-after\=345600 -fbuild-session-file\=/Users/momtajhusen/Library/Developer/Xcode/DerivedData/ModuleCache.noindex/Session.modulevalidation -fmodules-validate-once-per-build-session -Wnon-modular-include-in-framework-module -Werror\=non-modular-include-in-framework-module -Wno-trigraphs -Wno-missing-field-initializers -Wno-missing-prototypes -Werror\=return-type -Wdocumentation -Wunreachable-code -Wno-implicit-atomic-properties -Werror\=deprecated-objc-isa-usage -Wno-objc-interface-ivars -Werror\=objc-root-class -Wno-arc-repeated-use-of-weak -Wimplicit-retain-self -Wduplicate-method-match -Wno-missing-braces -Wparentheses -Wswitch -Wunused-function -Wno-unused-label -Wno-unused-parameter -Wunused-variable -Wunused-value -Wempty-body -Wuninitialized -Wconditional-uninitialized -Wno-unknown-pragmas -Wno-shadow -Wno-four-char-constants -Wno-conversion -Wconstant-conversion -Wint-conversion -Wbool-conversion -Wenum-conversion -Wno-float-conversion -Wnon-literal-null-conversion -Wobjc-literal-conversion -Wshorten-64-to-32 -Wpointer-sign -Wno-newline-eof -Wno-selector -Wno-strict-selector-match -Wundeclared-selector -Wdeprecated-implementations -Wno-implicit-fallthrough -fstrict-aliasing -Wprotocol -Wdeprecated-declarations -Wno-sign-conversion -Winfinite-recursion -Wcomma -Wblock-capture-autoreleasing -Wstrict-prototypes -Wno-semicolon-before-method-body -Wunguarded-availability -index-store-path /Users/momtajhusen/Library/Developer/Xcode/DerivedData/UnderOneRoof-bvjuhnhcwjrvzafftvptbetbcgcq/Index.noindex/DataStore @/Users/momtajhusen/Library/Developer/Xcode/DerivedData/UnderOneRoof-bvjuhnhcwjrvzafftvptbetbcgcq/Build/Intermediates.noindex/Pods.build/Debug-iphonesimulator/EXNotifications.build/Objects-normal/arm64/e6072d4f65d7061329687fe24e3d63a7-common-args.resp -include /Users/momtajhusen/Desktop/UnderOneRoof/ios/Pods/Target\ Support\ Files/EXNotifications/EXNotifications-prefix.pch -MMD -MT dependencies -MF /Users/momtajhusen/Library/Developer/Xcode/DerivedData/UnderOneRoof-bvjuhnhcwjrvzafftvptbetbcgcq/Build/Intermediates.noindex/Pods.build/Debug-iphonesimulator/EXNotifications.build/Objects-normal/arm64/EXPushTokenModule.d --serialize-diagnostics /Users/momtajhusen/Library/Developer/Xcode/DerivedData/UnderOneRoof-bvjuhnhcwjrvzafftvptbetbcgcq/Build/Intermediates.noindex/Pods.build/Debug-iphonesimulator/EXNotifications.build/Objects-normal/arm64/EXPushTokenModule.dia -c /Users/momtajhusen/Desktop/UnderOneRoof/node_modules/expo-notifications/ios/EXNotifications/PushToken/EXPushTokenModule.m -o /Users/momtajhusen/Library/Developer/Xcode/DerivedData/UnderOneRoof-bvjuhnhcwjrvzafftvptbetbcgcq/Build/Intermediates.noindex/Pods.build/Debug-iphonesimulator/EXNotifications.build/Objects-normal/arm64/EXPushTokenModule.o -index-unit-output-path /Pods.build/Debug-iphonesimulator/EXNotifications.build/Objects-normal/arm64/EXPushTokenModule.o

debug 

debug ScanDependencies /Users/momtajhusen/Library/Developer/Xcode/DerivedData/UnderOneRoof-bvjuhnhcwjrvzafftvptbetbcgcq/Build/Intermediates.noindex/Pods.build/Debug-iphonesimulator/EXNotifications.build/Objects-normal/arm64/EXNotificationsEmitter.o /Users/momtajhusen/Desktop/UnderOneRoof/node_modules/expo-notifications/ios/EXNotifications/Notifications/Emitter/EXNotificationsEmitter.m normal arm64 objective-c com.apple.compilers.llvm.clang.1_0.compiler (in target 'EXNotifications' from project 'Pods')
    cd /Users/momtajhusen/Desktop/UnderOneRoof/ios/Pods
    
    Using response file: /Users/momtajhusen/Library/Developer/Xcode/DerivedData/UnderOneRoof-bvjuhnhcwjrvzafftvptbetbcgcq/Build/Intermediates.noindex/Pods.build/Debug-iphonesimulator/EXNotifications.build/Objects-normal/arm64/e6072d4f65d7061329687fe24e3d63a7-common-args.resp
    
    builtin-ScanDependencies -o /Users/momtajhusen/Library/Developer/Xcode/DerivedData/UnderOneRoof-bvjuhnhcwjrvzafftvptbetbcgcq/Build/Intermediates.noindex/Pods.build/Debug-iphonesimulator/EXNotifications.build/Objects-normal/arm64/EXNotificationsEmitter.o.scan -- /Applications/Xcode.app/Contents/Developer/Toolchains/XcodeDefault.xctoolchain/usr/bin/clang -x objective-c -ivfsstatcache /Users/momtajhusen/Library/Developer/Xcode/DerivedData/SDKStatCaches.noindex/iphonesimulator18.5-22F76-d5fc8ad4295d2ef488fb7d0f804ce0c4.sdkstatcache -fmessage-length\=0 -fdiagnostics-show-note-include-stack -fmacro-backtrace-limit\=0 -fno-color-diagnostics -fmodules-prune-interval\=86400 -fmodules-prune-after\=345600 -fbuild-session-file\=/Users/momtajhusen/Library/Developer/Xcode/DerivedData/ModuleCache.noindex/Session.modulevalidation -fmodules-validate-once-per-build-session -Wnon-modular-include-in-framework-module -Werror\=non-modular-include-in-framework-module -Wno-trigraphs -Wno-missing-field-initializers -Wno-missing-prototypes -Werror\=return-type -Wdocumentation -Wunreachable-code -Wno-implicit-atomic-properties -Werror\=deprecated-objc-isa-usage -Wno-objc-interface-ivars -Werror\=objc-root-class -Wno-arc-repeated-use-of-weak -Wimplicit-retain-self -Wduplicate-method-match -Wno-missing-braces -Wparentheses -Wswitch -Wunused-function -Wno-unused-label -Wno-unused-parameter -Wunused-variable -Wunused-value -Wempty-body -Wuninitialized -Wconditional-uninitialized -Wno-unknown-pragmas -Wno-shadow -Wno-four-char-constants -Wno-conversion -Wconstant-conversion -Wint-conversion -Wbool-conversion -Wenum-conversion -Wno-float-conversion -Wnon-literal-null-conversion -Wobjc-literal-conversion -Wshorten-64-to-32 -Wpointer-sign -Wno-newline-eof -Wno-selector -Wno-strict-selector-match -Wundeclared-selector -Wdeprecated-implementations -Wno-implicit-fallthrough -fstrict-aliasing -Wprotocol -Wdeprecated-declarations -Wno-sign-conversion -Winfinite-recursion -Wcomma -Wblock-capture-autoreleasing -Wstrict-prototypes -Wno-semicolon-before-method-body -Wunguarded-availability -index-store-path /Users/momtajhusen/Library/Developer/Xcode/DerivedData/UnderOneRoof-bvjuhnhcwjrvzafftvptbetbcgcq/Index.noindex/DataStore @/Users/momtajhusen/Library/Developer/Xcode/DerivedData/UnderOneRoof-bvjuhnhcwjrvzafftvptbetbcgcq/Build/Intermediates.noindex/Pods.build/Debug-iphonesimulator/EXNotifications.build/Objects-normal/arm64/e6072d4f65d7061329687fe24e3d63a7-common-args.resp -include /Users/momtajhusen/Desktop/UnderOneRoof/ios/Pods/Target\ Support\ Files/EXNotifications/EXNotifications-prefix.pch -MMD -MT dependencies -MF /Users/momtajhusen/Library/Developer/Xcode/DerivedData/UnderOneRoof-bvjuhnhcwjrvzafftvptbetbcgcq/Build/Intermediates.noindex/Pods.build/Debug-iphonesimulator/EXNotifications.build/Objects-normal/arm64/EXNotificationsEmitter.d --serialize-diagnostics /Users/momtajhusen/Library/Developer/Xcode/DerivedData/UnderOneRoof-bvjuhnhcwjrvzafftvptbetbcgcq/Build/Intermediates.noindex/Pods.build/Debug-iphonesimulator/EXNotifications.build/Objects-normal/arm64/EXNotificationsEmitter.dia -c /Users/momtajhusen/Desktop/UnderOneRoof/node_modules/expo-notifications/ios/EXNotifications/Notifications/Emitter/EXNotificationsEmitter.m -o /Users/momtajhusen/Library/Developer/Xcode/DerivedData/UnderOneRoof-bvjuhnhcwjrvzafftvptbetbcgcq/Build/Intermediates.noindex/Pods.build/Debug-iphonesimulator/EXNotifications.build/Objects-normal/arm64/EXNotificationsEmitter.o -index-unit-output-path /Pods.build/Debug-iphonesimulator/EXNotifications.build/Objects-normal/arm64/EXNotificationsEmitter.o

debug 

debug ScanDependencies /Users/momtajhusen/Library/Developer/Xcode/DerivedData/UnderOneRoof-bvjuhnhcwjrvzafftvptbetbcgcq/Build/Intermediates.noindex/Pods.build/Debug-iphonesimulator/EXNotifications.build/Objects-normal/arm64/EXNotifications-dummy.o /Users/momtajhusen/Desktop/UnderOneRoof/ios/Pods/Target\ Support\ Files/EXNotifications/EXNotifications-dummy.m normal arm64 objective-c com.apple.compilers.llvm.clang.1_0.compiler (in target 'EXNotifications' from project 'Pods')
    cd /Users/momtajhusen/Desktop/UnderOneRoof/ios/Pods
    
    Using response file: /Users/momtajhusen/Library/Developer/Xcode/DerivedData/UnderOneRoof-bvjuhnhcwjrvzafftvptbetbcgcq/Build/Intermediates.noindex/Pods.build/Debug-iphonesimulator/EXNotifications.build/Objects-normal/arm64/e6072d4f65d7061329687fe24e3d63a7-common-args.resp
    
    builtin-ScanDependencies -o /Users/momtajhusen/Library/Developer/Xcode/DerivedData/UnderOneRoof-bvjuhnhcwjrvzafftvptbetbcgcq/Build/Intermediates.noindex/Pods.build/Debug-iphonesimulator/EXNotifications.build/Objects-normal/arm64/EXNotifications-dummy.o.scan -- /Applications/Xcode.app/Contents/Developer/Toolchains/XcodeDefault.xctoolchain/usr/bin/clang -x objective-c -ivfsstatcache /Users/momtajhusen/Library/Developer/Xcode/DerivedData/SDKStatCaches.noindex/iphonesimulator18.5-22F76-d5fc8ad4295d2ef488fb7d0f804ce0c4.sdkstatcache -fmessage-length\=0 -fdiagnostics-show-note-include-stack -fmacro-backtrace-limit\=0 -fno-color-diagnostics -fmodules-prune-interval\=86400 -fmodules-prune-after\=345600 -fbuild-session-file\=/Users/momtajhusen/Library/Developer/Xcode/DerivedData/ModuleCache.noindex/Session.modulevalidation -fmodules-validate-once-per-build-session -Wnon-modular-include-in-framework-module -Werror\=non-modular-include-in-framework-module -Wno-trigraphs -Wno-missing-field-initializers -Wno-missing-prototypes -Werror\=return-type -Wdocumentation -Wunreachable-code -Wno-implicit-atomic-properties -Werror\=deprecated-objc-isa-usage -Wno-objc-interface-ivars -Werror\=objc-root-class -Wno-arc-repeated-use-of-weak -Wimplicit-retain-self -Wduplicate-method-match -Wno-missing-braces -Wparentheses -Wswitch -Wunused-function -Wno-unused-label -Wno-unused-parameter -Wunused-variable -Wunused-value -Wempty-body -Wuninitialized -Wconditional-uninitialized -Wno-unknown-pragmas -Wno-shadow -Wno-four-char-constants -Wno-conversion -Wconstant-conversion -Wint-conversion -Wbool-conversion -Wenum-conversion -Wno-float-conversion -Wnon-literal-null-conversion -Wobjc-literal-conversion -Wshorten-64-to-32 -Wpointer-sign -Wno-newline-eof -Wno-selector -Wno-strict-selector-match -Wundeclared-selector -Wdeprecated-implementations -Wno-implicit-fallthrough -fstrict-aliasing -Wprotocol -Wdeprecated-declarations -Wno-sign-conversion -Winfinite-recursion -Wcomma -Wblock-capture-autoreleasing -Wstrict-prototypes -Wno-semicolon-before-method-body -Wunguarded-availability -index-store-path /Users/momtajhusen/Library/Developer/Xcode/DerivedData/UnderOneRoof-bvjuhnhcwjrvzafftvptbetbcgcq/Index.noindex/DataStore @/Users/momtajhusen/Library/Developer/Xcode/DerivedData/UnderOneRoof-bvjuhnhcwjrvzafftvptbetbcgcq/Build/Intermediates.noindex/Pods.build/Debug-iphonesimulator/EXNotifications.build/Objects-normal/arm64/e6072d4f65d7061329687fe24e3d63a7-common-args.resp -include /Users/momtajhusen/Desktop/UnderOneRoof/ios/Pods/Target\ Support\ Files/EXNotifications/EXNotifications-prefix.pch -MMD -MT dependencies -MF /Users/momtajhusen/Library/Developer/Xcode/DerivedData/UnderOneRoof-bvjuhnhcwjrvzafftvptbetbcgcq/Build/Intermediates.noindex/Pods.build/Debug-iphonesimulator/EXNotifications.build/Objects-normal/arm64/EXNotifications-dummy.d --serialize-diagnostics /Users/momtajhusen/Library/Developer/Xcode/DerivedData/UnderOneRoof-bvjuhnhcwjrvzafftvptbetbcgcq/Build/Intermediates.noindex/Pods.build/Debug-iphonesimulator/EXNotifications.build/Objects-normal/arm64/EXNotifications-dummy.dia -c /Users/momtajhusen/Desktop/UnderOneRoof/ios/Pods/Target\ Support\ Files/EXNotifications/EXNotifications-dummy.m -o /Users/momtajhusen/Library/Developer/Xcode/DerivedData/UnderOneRoof-bvjuhnhcwjrvzafftvptbetbcgcq/Build/Intermediates.noindex/Pods.build/Debug-iphonesimulator/EXNotifications.build/Objects-normal/arm64/EXNotifications-dummy.o -index-unit-output-path /Pods.build/Debug-iphonesimulator/EXNotifications.build/Objects-normal/arm64/EXNotifications-dummy.o


debug ScanDependencies /Users/momtajhusen/Library/Developer/Xcode/DerivedData/UnderOneRoof-bvjuhnhcwjrvzafftvptbetbcgcq/Build/Intermediates.noindex/Pods.build/Debug-iphonesimulator/EXNotifications.build/Objects-normal/arm64/EXNotificationsHandlerModule.o /Users/momtajhusen/Desktop/UnderOneRoof/node_modules/expo-notifications/ios/EXNotifications/Notifications/Handler/EXNotificationsHandlerModule.m normal arm64 objective-c com.apple.compilers.llvm.clang.1_0.compiler (in target 'EXNotifications' from project 'Pods')
    cd /Users/momtajhusen/Desktop/UnderOneRoof/ios/Pods
    
    Using response file: /Users/momtajhusen/Library/Developer/Xcode/DerivedData/UnderOneRoof-bvjuhnhcwjrvzafftvptbetbcgcq/Build/Intermediates.noindex/Pods.build/Debug-iphonesimulator/EXNotifications.build/Objects-normal/arm64/e6072d4f65d7061329687fe24e3d63a7-common-args.resp
    
    builtin-ScanDependencies -o /Users/momtajhusen/Library/Developer/Xcode/DerivedData/UnderOneRoof-bvjuhnhcwjrvzafftvptbetbcgcq/Build/Intermediates.noindex/Pods.build/Debug-iphonesimulator/EXNotifications.build/Objects-normal/arm64/EXNotificationsHandlerModule.o.scan -- /Applications/Xcode.app/Contents/Developer/Toolchains/XcodeDefault.xctoolchain/usr/bin/clang -x objective-c -ivfsstatcache /Users/momtajhusen/Library/Developer/Xcode/DerivedData/SDKStatCaches.noindex/iphonesimulator18.5-22F76-d5fc8ad4295d2ef488fb7d0f804ce0c4.sdkstatcache -fmessage-length\=0 -fdiagnostics-show-note-include-stack -fmacro-backtrace-limit\=0 -fno-color-diagnostics -fmodules-prune-interval\=86400 -fmodules-prune-after\=345600 -fbuild-session-file\=/Users/momtajhusen/Library/Developer/Xcode/DerivedData/ModuleCache.noindex/Session.modulevalidation -fmodules-validate-once-per-build-session -Wnon-modular-include-in-framework-module -Werror\=non-modular-include-in-framework-module -Wno-trigraphs -Wno-missing-field-initializers -Wno-missing-prototypes -Werror\=return-type -Wdocumentation -Wunreachable-code -Wno-implicit-atomic-properties -Werror\=deprecated-objc-isa-usage -Wno-objc-interface-ivars -Werror\=objc-root-class -Wno-arc-repeated-use-of-weak -Wimplicit-retain-self -Wduplicate-method-match -Wno-missing-braces -Wparentheses -Wswitch -Wunused-function -Wno-unused-label -Wno-unused-parameter -Wunused-variable -Wunused-value -Wempty-body -Wuninitialized -Wconditional-uninitialized -Wno-unknown-pragmas -Wno-shadow -Wno-four-char-constants -Wno-conversion -Wconstant-conversion -Wint-conversion -Wbool-conversion -Wenum-conversion -Wno-float-conversion -Wnon-literal-null-conversion -Wobjc-literal-conversion -Wshorten-64-to-32 -Wpointer-sign -Wno-newline-eof -Wno-selector -Wno-strict-selector-match -Wundeclared-selector -Wdeprecated-implementations -Wno-implicit-fallthrough -fstrict-aliasing -Wprotocol -Wdeprecated-declarations -Wno-sign-conversion -Winfinite-recursion -Wcomma -Wblock-capture-autoreleasing -Wstrict-prototypes -Wno-semicolon-before-method-body -Wunguarded-availability -index-store-path /Users/momtajhusen/Library/Developer/Xcode/DerivedData/UnderOneRoof-bvjuhnhcwjrvzafftvptbetbcgcq/Index.noindex/DataStore @/Users/momtajhusen/Library/Developer/Xcode/DerivedData/UnderOneRoof-bvjuhnhcwjrvzafftvptbetbcgcq/Build/Intermediates.noindex/Pods.build/Debug-iphonesimulator/EXNotifications.build/Objects-normal/arm64/e6072d4f65d7061329687fe24e3d63a7-common-args.resp -include /Users/momtajhusen/Desktop/UnderOneRoof/ios/Pods/Target\ Support\ Files/EXNotifications/EXNotifications-prefix.pch -MMD -MT dependencies -MF /Users/momtajhusen/Library/Developer/Xcode/DerivedData/UnderOneRoof-bvjuhnhcwjrvzafftvptbetbcgcq/Build/Intermediates.noindex/Pods.build/Debug-iphonesimulator/EXNotifications.build/Objects-normal/arm64/EXNotificationsHandlerModule.d --serialize-diagnostics /Users/momtajhusen/Library/Developer/Xcode/DerivedData/UnderOneRoof-bvjuhnhcwjrvzafftvptbetbcgcq/Build/Intermediates.noindex/Pods.build/Debug-iphonesimulator/EXNotifications.build/Objects-normal/arm64/EXNotificationsHandlerModule.dia -c /Users/momtajhusen/Desktop/UnderOneRoof/node_modules/expo-notifications/ios/EXNotifications/Notifications/Handler/EXNotificationsHandlerModule.m -o /Users/momtajhusen/Library/Developer/Xcode/DerivedData/UnderOneRoof-bvjuhnhcwjrvzafftvptbetbcgcq/Build/Intermediates.noindex/Pods.build/Debug-iphonesimulator/EXNotifications.build/Objects-normal/arm64/EXNotificationsHandlerModule.o -index-unit-output-path /Pods.build/Debug-iphonesimulator/EXNotifications.build/Objects-normal/arm64/EXNotificationsHandlerModule.o


debug SwiftDriver ExpoSharing normal arm64 com.apple.xcode.tools.swift.compiler (in target 'ExpoSharing' from project 'Pods')
    cd /Users/momtajhusen/Desktop/UnderOneRoof/ios/Pods
    builtin-SwiftDriver -- /Applications/Xcode.app/Contents/Developer/Toolchains/XcodeDefault.xctoolchain/usr/bin/swiftc -module-name ExpoSharing -Onone -whole-module-optimization -enforce-exclusivity\=checked @/Users/momtajhusen/Library/Developer/Xcode/DerivedData/UnderOneRoof-bvjuhnhcwjrvzafftvptbetbcgcq/Build/Intermediates.noindex/Pods.build/Debug-iphonesimulator/ExpoSharing.build/Objects-normal/arm64/ExpoSharing.SwiftFileList -DDEBUG -D COCOAPODS -Xcc -fmodule-map-file\=/Users/momtajhusen/Library/Developer/Xcode/DerivedData/UnderOneRoof-bvjuhnhcwjrvzafftvptbetbcgcq/Build/Products/Debug-iphonesimulator/ExpoModulesCore/ExpoModulesCore.modulemap -Xcc -fmodule-map-file\=/Users/momtajhusen/Desktop/UnderOneRoof/ios/Pods/Headers/Public/DoubleConversion/DoubleConversion.modulemap -Xcc -fmodule-map-file\=/Users/momtajhusen/Desktop/UnderOneRoof/ios/Pods/Headers/Public/RCTDeprecation/RCTDeprecation.modulemap -Xcc -fmodule-map-file\=/Users/momtajhusen/Desktop/UnderOneRoof/ios/Pods/Headers/Public/RCTFabric/React-RCTFabric.modulemap -Xcc -fmodule-map-file\=/Users/momtajhusen/Desktop/UnderOneRoof/ios/Pods/Headers/Public/RCTTypeSafety/RCTTypeSafety.modulemap -Xcc -fmodule-map-file\=/Users/momtajhusen/Desktop/UnderOneRoof/ios/Pods/Headers/Public/React/React-Core.modulemap -Xcc -fmodule-map-file\=/Users/momtajhusen/Desktop/UnderOneRoof/ios/Pods/Headers/Public/ReactCodegen/ReactCodegen.modulemap -Xcc -fmodule-map-file\=/Users/momtajhusen/Desktop/UnderOneRoof/ios/Pods/Headers/Public/ReactCommon/ReactCommon.modulemap -Xcc -fmodule-map-file\=/Users/momtajhusen/Desktop/UnderOneRoof/ios/Pods/Headers/Public/React_Fabric/React-Fabric.modulemap -Xcc -fmodule-map-file\=/Users/momtajhusen/Desktop/UnderOneRoof/ios/Pods/Headers/Public/React_FabricComponents/React-FabricComponents.modulemap -Xcc -fmodule-map-file\=/Users/momtajhusen/Desktop/UnderOneRoof/ios/Pods/Headers/Public/React_NativeModulesApple/React-NativeModulesApple.modulemap -Xcc -fmodule-map-file\=/Users/momtajhusen/Desktop/UnderOneRoof/ios/Pods/Headers/Public/React_RCTAppDelegate/React-RCTAppDelegate.modulemap -Xcc -fmodule-map-file\=/Users/momtajhusen/Desktop/UnderOneRoof/ios/Pods/Headers/Public/folly/RCT-Folly.modulemap -Xcc -fmodule-map-file\=/Users/momtajhusen/Desktop/UnderOneRoof/ios/Pods/Headers/Public/glog/glog.modulemap -Xcc -fmodule-map-file\=/Users/momtajhusen/Desktop/UnderOneRoof/ios/Pods/Headers/Public/jsi/React-jsi.modulemap -Xcc -fmodule-map-file\=/Users/momtajhusen/Desktop/UnderOneRoof/ios/Pods/Headers/Public/jsinspector_modern/React-jsinspector.modulemap -Xcc -fmodule-map-file\=/Users/momtajhusen/Desktop/UnderOneRoof/ios/Pods/Headers/Public/react_debug/React-debug.modulemap -Xcc -fmodule-map-file\=/Users/momtajhusen/Desktop/UnderOneRoof/ios/Pods/Headers/Public/react_featureflags/React-featureflags.modulemap -Xcc -fmodule-map-file\=/Users/momtajhusen/Desktop/UnderOneRoof/ios/Pods/Headers/Public/react_nativemodule_defaults/React-defaultsnativemodule.modulemap -Xcc -fmodule-map-file\=/Users/momtajhusen/Desktop/UnderOneRoof/ios/Pods/Headers/Public/react_nativemodule_dom/React-domnativemodule.modulemap -Xcc -fmodule-map-file\=/Users/momtajhusen/Desktop/UnderOneRoof/ios/Pods/Headers/Public/react_nativemodule_featureflags/React-featureflagsnativemodule.modulemap -Xcc -fmodule-map-file\=/Users/momtajhusen/Desktop/UnderOneRoof/ios/Pods/Headers/Public/react_nativemodule_idlecallbacks/React-idlecallbacksnativemodule.modulemap -Xcc -fmodule-map-file\=/Users/momtajhusen/Desktop/UnderOneRoof/ios/Pods/Headers/Public/react_nativemodule_microtasks/React-microtasksnativemodule.modulemap -Xcc -fmodule-map-file\=/Users/momtajhusen/Desktop/UnderOneRoof/ios/Pods/Headers/Public/react_renderer_debug/React-rendererdebug.modulemap -Xcc -fmodule-map-file\=/Users/momtajhusen/Desktop/UnderOneRoof/ios/Pods/Headers/Public/react_renderer_graphics/React-graphics.modulemap -Xcc -fmodule-map-file\=/Users/momtajhusen/Desktop/UnderOneRoof/ios/Pods/Headers/Public/react_renderer_imagemanager/React-ImageManager.modulemap -Xcc -fmodule-map-file\=/Users/momtajhusen/Desktop/UnderOneRoof/ios/Pods/Headers/Public/react_utils/React-utils.modulemap -Xcc -fmodule-map-file\=/Users/momtajhusen/Desktop/UnderOneRoof/ios/Pods/Headers/Public/reacthermes/React-hermes.modulemap -Xcc -fmodule-map-file\=/Users/momtajhusen/Desktop/UnderOneRoof/ios/Pods/Headers/Public/yoga/Yoga.modulemap -import-underlying-module -Xcc -fmodule-map-file\=/Users/momtajhusen/Desktop/UnderOneRoof/ios/Pods/Headers/Public/ExpoSharing/ExpoSharing.modulemap -enable-bare-slash-regex -enable-experimental-feature DebugDescriptionMacro -sdk /Applications/Xcode.app/Contents/Developer/Platforms/iPhoneSimulator.platform/Developer/SDKs/iPhoneSimulator18.5.sdk -target arm64-apple-ios15.1-simulator -g -module-cache-path /Users/momtajhusen/Library/Developer/Xcode/DerivedData/ModuleCache.noindex -Xfrontend -serialize-debugging-options -enable-testing -index-store-path /Users/momtajhusen/Library/Developer/Xcode/DerivedData/UnderOneRoof-bvjuhnhcwjrvzafftvptbetbcgcq/Index.noindex/DataStore -swift-version 5 -I /Users/momtajhusen/Library/Developer/Xcode/DerivedData/UnderOneRoof-bvjuhnhcwjrvzafftvptbetbcgcq/Build/Products/Debug-iphonesimulator/ExpoSharing -I /Users/momtajhusen/Library/Developer/Xcode/DerivedData/UnderOneRoof-bvjuhnhcwjrvzafftvptbetbcgcq/Build/Products/Debug-iphonesimulator/ExpoModulesCore -F /Users/momtajhusen/Library/Developer/Xcode/DerivedData/UnderOneRoof-bvjuhnhcwjrvzafftvptbetbcgcq/Build/Products/Debug-iphonesimulator/ExpoSharing -F /Users/momtajhusen/Desktop/UnderOneRoof/ios/Pods/hermes-engine/destroot/Library/Frameworks/universal -F /Users/momtajhusen/Library/Developer/Xcode/DerivedData/UnderOneRoof-bvjuhnhcwjrvzafftvptbetbcgcq/Build/Products/Debug-iphonesimulator/XCFrameworkIntermediates/hermes-engine/Pre-built -c -num-threads 10 -Xcc -ivfsstatcache -Xcc /Users/momtajhusen/Library/Developer/Xcode/DerivedData/SDKStatCaches.noindex/iphonesimulator18.5-22F76-d5fc8ad4295d2ef488fb7d0f804ce0c4.sdkstatcache -output-file-map /Users/momtajhusen/Library/Developer/Xcode/DerivedData/UnderOneRoof-bvjuhnhcwjrvzafftvptbetbcgcq/Build/Intermediates.noindex/Pods.build/Debug-iphonesimulator/ExpoSharing.build/Objects-normal/arm64/ExpoSharing-OutputFileMap.json -use-frontend-parseable-output -save-temps -no-color-diagnostics -serialize-diagnostics -emit-dependencies -emit-module -emit-module-path /Users/momtajhusen/Library/Developer/Xcode/DerivedData/UnderOneRoof-bvjuhnhcwjrvzafftvptbetbcgcq/Build/Intermediates.noindex/Pods.build/Debug-iphonesimulator/ExpoSharing.build/Objects-normal/arm64/ExpoSharing.swiftmodule -validate-clang-modules-once -clang-build-session-file /Users/momtajhusen/Library/Developer/Xcode/DerivedData/ModuleCache.noindex/Session.modulevalidation -Xcc -I/Users/momtajhusen/Library/Developer/Xcode/DerivedData/UnderOneRoof-bvjuhnhcwjrvzafftvptbetbcgcq/Build/Intermediates.noindex/Pods.build/Debug-iphonesimulator/ExpoSharing.build/swift-overrides.hmap -emit-const-values -Xfrontend -const-gather-protocols-file -Xfrontend /Users/momtajhusen/Library/Developer/Xcode/DerivedData/UnderOneRoof-bvjuhnhcwjrvzafftvptbetbcgcq/Build/Intermediates.noindex/Pods.build/Debug-iphonesimulator/ExpoSharing.build/Objects-normal/arm64/ExpoSharing_const_extract_protocols.json -Xcc -iquote -Xcc /Users/momtajhusen/Library/Developer/Xcode/DerivedData/UnderOneRoof-bvjuhnhcwjrvzafftvptbetbcgcq/Build/Intermediates.noindex/Pods.build/Debug-iphonesimulator/ExpoSharing.build/ExpoSharing-generated-files.hmap -Xcc -I/Users/momtajhusen/Library/Developer/Xcode/DerivedData/UnderOneRoof-bvjuhnhcwjrvzafftvptbetbcgcq/Build/Intermediates.noindex/Pods.build/Debug-iphonesimulator/ExpoSharing.build/ExpoSharing-own-target-headers.hmap -Xcc -I/Users/momtajhusen/Library/Developer/Xcode/DerivedData/UnderOneRoof-bvjuhnhcwjrvzafftvptbetbcgcq/Build/Intermediates.noindex/Pods.build/Debug-iphonesimulator/ExpoSharing.build/ExpoSharing-all-non-framework-target-headers.hmap -Xcc -ivfsoverlay -Xcc /Users/momtajhusen/Library/Developer/Xcode/DerivedData/U
debug nderOneRoof-bvjuhnhcwjrvzafftvptbetbcgcq/Build/Intermediates.noindex/Pods.build/Debug-iphonesimulator/Pods-8699adb1dd336b26511df848a716bd42-VFS-iphonesimulator/all-product-headers.yaml -Xcc -iquote -Xcc /Users/momtajhusen/Library/Developer/Xcode/DerivedData/UnderOneRoof-bvjuhnhcwjrvzafftvptbetbcgcq/Build/Intermediates.noindex/Pods.build/Debug-iphonesimulator/ExpoSharing.build/ExpoSharing-project-headers.hmap -Xcc -I/Users/momtajhusen/Library/Developer/Xcode/DerivedData/UnderOneRoof-bvjuhnhcwjrvzafftvptbetbcgcq/Build/Products/Debug-iphonesimulator/ExpoSharing/include -Xcc -I/Users/momtajhusen/Desktop/UnderOneRoof/ios/Pods/Headers/Public -Xcc -I/Users/momtajhusen/Desktop/UnderOneRoof/ios/Pods/Headers/Public/DoubleConversion -Xcc -I/Users/momtajhusen/Desktop/UnderOneRoof/ios/Pods/Headers/Public/ExpoModulesCore -Xcc -I/Users/momtajhusen/Desktop/UnderOneRoof/ios/Pods/Headers/Public/FBLazyVector -Xcc -I/Users/momtajhusen/Desktop/UnderOneRoof/ios/Pods/Headers/Public/RCT-Folly -Xcc -I/Users/momtajhusen/Desktop/UnderOneRoof/ios/Pods/Headers/Public/RCTRequired -Xcc -I/Users/momtajhusen/Desktop/UnderOneRoof/ios/Pods/Headers/Public/RCTTypeSafety -Xcc -I/Users/momtajhusen/Desktop/UnderOneRoof/ios/Pods/Headers/Public/React-Core -Xcc -I/Users/momtajhusen/Desktop/UnderOneRoof/ios/Pods/Headers/Public/React-Fabric -Xcc -I/Users/momtajhusen/Desktop/UnderOneRoof/ios/Pods/Headers/Public/React-FabricComponents -Xcc -I/Users/momtajhusen/Desktop/UnderOneRoof/ios/Pods/Headers/Public/React-FabricImage -Xcc -I/Users/momtajhusen/Desktop/UnderOneRoof/ios/Pods/Headers/Public/React-ImageManager -Xcc -I/Users/momtajhusen/Desktop/UnderOneRoof/ios/Pods/Headers/Public/React-Mapbuffer -Xcc -I/Users/momtajhusen/Desktop/UnderOneRoof/ios/Pods/Headers/Public/React-NativeModulesApple -Xcc -I/Users/momtajhusen/Desktop/UnderOneRoof/ios/Pods/Headers/Public/React-RCTBlob -Xcc -I/Users/momtajhusen/Desktop/UnderOneRoof/ios/Pods/Headers/Public/React-RCTFabric -Xcc -I/Users/momtajhusen/Desktop/UnderOneRoof/ios/Pods/Headers/Public/React-RCTText -Xcc -I/Users/momtajhusen/Desktop/UnderOneRoof/ios/Pods/Headers/Public/React-RuntimeApple -Xcc -I/Users/momtajhusen/Desktop/UnderOneRoof/ios/Pods/Headers/Public/React-RuntimeCore -Xcc -I/Users/momtajhusen/Desktop/UnderOneRoof/ios/Pods/Headers/Public/React-RuntimeHermes -Xcc -I/Users/momtajhusen/Desktop/UnderOneRoof/ios/Pods/Headers/Public/React-callinvoker -Xcc -I/Users/momtajhusen/Desktop/UnderOneRoof/ios/Pods/Headers/Public/React-cxxreact -Xcc -I/Users/momtajhusen/Desktop/UnderOneRoof/ios/Pods/Headers/Public/React-debug -Xcc -I/Users/momtajhusen/Desktop/UnderOneRoof/ios/Pods/Headers/Public/React-defaultsnativemodule -Xcc -I/Users/momtajhusen/Desktop/UnderOneRoof/ios/Pods/Headers/Public/React-domnativemodule -Xcc -I/Users/momtajhusen/Desktop/UnderOneRoof/ios/Pods/Headers/Public/React-featureflags -Xcc -I/Users/momtajhusen/Desktop/UnderOneRoof/ios/Pods/Headers/Public/React-featureflagsnativemodule -Xcc -I/Users/momtajhusen/Desktop/UnderOneRoof/ios/Pods/Headers/Public/React-graphics -Xcc -I/Users/momtajhusen/Desktop/UnderOneRoof/ios/Pods/Headers/Public/React-hermes -Xcc -I/Users/momtajhusen/Desktop/UnderOneRoof/ios/Pods/Headers/Public/React-idlecallbacksnativemodule -Xcc -I/Users/momtajhusen/Desktop/UnderOneRoof/ios/Pods/Headers/Public/React-jserrorhandler -Xcc -I/Users/momtajhusen/Desktop/UnderOneRoof/ios/Pods/Headers/Public/React-jsi -Xcc -I/Users/momtajhusen/Desktop/UnderOneRoof/ios/Pods/Headers/Public/React-jsiexecutor -Xcc -I/Users/momtajhusen/Desktop/UnderOneRoof/ios/Pods/Headers/Public/React-jsinspector -Xcc -I/Users/momtajhusen/Desktop/UnderOneRoof/ios/Pods/Headers/Public/React-logger -Xcc -I/Users/momtajhusen/Desktop/UnderOneRoof/ios/Pods/Headers/Public/React-microtasksnativemodule -Xcc -I/Users/momtajhusen/Desktop/UnderOneRoof/ios/Pods/Headers/Public/React-nativeconfig -Xcc -I/Users/momtajhusen/Desktop/UnderOneRoof/ios/Pods/Headers/Public/React-perflogger -Xcc -I/Users/momtajhusen/Desktop/UnderOneRoof/ios/Pods/Headers/Public/React-performancetimeline -Xcc -I/Users/momtajhusen/Desktop/UnderOneRoof/ios/Pods/Headers/Public/React-rendererconsistency -Xcc -I/Users/momtajhusen/Desktop/UnderOneRoof/ios/Pods/Headers/Public/React-rendererdebug -Xcc -I/Users/momtajhusen/Desktop/UnderOneRoof/ios/Pods/Headers/Public/React-runtimeexecutor -Xcc -I/Users/momtajhusen/Desktop/UnderOneRoof/ios/Pods/Headers/Public/React-runtimescheduler -Xcc -I/Users/momtajhusen/Desktop/UnderOneRoof/ios/Pods/Headers/Public/React-timing -Xcc -I/Users/momtajhusen/Desktop/UnderOneRoof/ios/Pods/Headers/Public/React-utils -Xcc -I/Users/momtajhusen/Desktop/UnderOneRoof/ios/Pods/Headers/Public/ReactCodegen -Xcc -I/Users/momtajhusen/Desktop/UnderOneRoof/ios/Pods/Headers/Public/ReactCommon -Xcc -I/Users/momtajhusen/Desktop/UnderOneRoof/ios/Pods/Headers/Public/Yoga -Xcc -I/Users/momtajhusen/Desktop/UnderOneRoof/ios/Pods/Headers/Public/boost -Xcc -I/Users/momtajhusen/Desktop/UnderOneRoof/ios/Pods/Headers/Public/fast_float -Xcc -I/Users/momtajhusen/Desktop/UnderOneRoof/ios/Pods/Headers/Public/fmt -Xcc -I/Users/momtajhusen/Desktop/UnderOneRoof/ios/Pods/Headers/Public/glog -Xcc -I/Users/momtajhusen/Desktop/UnderOneRoof/ios/Pods/Headers/Public/hermes-engine -Xcc -I/Users/momtajhusen/Library/Developer/Xcode/DerivedData/UnderOneRoof-bvjuhnhcwjrvzafftvptbetbcgcq/Build/Intermediates.noindex/Pods.build/Debug-iphonesimulator/ExpoSharing.build/DerivedSources-normal/arm64 -Xcc -I/Users/momtajhusen/Library/Developer/Xcode/DerivedData/UnderOneRoof-bvjuhnhcwjrvzafftvptbetbcgcq/Build/Intermediates.noindex/Pods.build/Debug-iphonesimulator/ExpoSharing.build/DerivedSources/arm64 -Xcc -I/Users/momtajhusen/Library/Developer/Xcode/DerivedData/UnderOneRoof-bvjuhnhcwjrvzafftvptbetbcgcq/Build/Intermediates.noindex/Pods.build/Debug-iphonesimulator/ExpoSharing.build/DerivedSources -Xcc -DPOD_CONFIGURATION_DEBUG\=1 -Xcc -DDEBUG\=1 -Xcc -DCOCOAPODS\=1 -emit-objc-header -emit-objc-header-path /Users/momtajhusen/Library/Developer/Xcode/DerivedData/UnderOneRoof-bvjuhnhcwjrvzafftvptbetbcgcq/Build/Intermediates.noindex/Pods.build/Debug-iphonesimulator/ExpoSharing.build/Objects-normal/arm64/ExpoSharing-Swift.h -working-directory /Users/momtajhusen/Desktop/UnderOneRoof/ios/Pods -no-emit-module-separately-wmo


debug SwiftDriver ExpoPrint normal arm64 com.apple.xcode.tools.swift.compiler (in target 'ExpoPrint' from project 'Pods')
    cd /Users/momtajhusen/Desktop/UnderOneRoof/ios/Pods
    builtin-SwiftDriver -- /Applications/Xcode.app/Contents/Developer/Toolchains/XcodeDefault.xctoolchain/usr/bin/swiftc -module-name ExpoPrint -Onone -enforce-exclusivity\=checked @/Users/momtajhusen/Library/Developer/Xcode/DerivedData/UnderOneRoof-bvjuhnhcwjrvzafftvptbetbcgcq/Build/Intermediates.noindex/Pods.build/Debug-iphonesimulator/ExpoPrint.build/Objects-normal/arm64/ExpoPrint.SwiftFileList -DDEBUG -D COCOAPODS -Xcc -fmodule-map-file\=/Users/momtajhusen/Library/Developer/Xcode/DerivedData/UnderOneRoof-bvjuhnhcwjrvzafftvptbetbcgcq/Build/Products/Debug-iphonesimulator/ExpoModulesCore/ExpoModulesCore.modulemap -Xcc -fmodule-map-file\=/Users/momtajhusen/Desktop/UnderOneRoof/ios/Pods/Headers/Public/DoubleConversion/DoubleConversion.modulemap -Xcc -fmodule-map-file\=/Users/momtajhusen/Desktop/UnderOneRoof/ios/Pods/Headers/Public/RCTDeprecation/RCTDeprecation.modulemap -Xcc -fmodule-map-file\=/Users/momtajhusen/Desktop/UnderOneRoof/ios/Pods/Headers/Public/RCTFabric/React-RCTFabric.modulemap -Xcc -fmodule-map-file\=/Users/momtajhusen/Desktop/UnderOneRoof/ios/Pods/Headers/Public/RCTTypeSafety/RCTTypeSafety.modulemap -Xcc -fmodule-map-file\=/Users/momtajhusen/Desktop/UnderOneRoof/ios/Pods/Headers/Public/React/React-Core.modulemap -Xcc -fmodule-map-file\=/Users/momtajhusen/Desktop/UnderOneRoof/ios/Pods/Headers/Public/ReactCodegen/ReactCodegen.modulemap -Xcc -fmodule-map-file\=/Users/momtajhusen/Desktop/UnderOneRoof/ios/Pods/Headers/Public/ReactCommon/ReactCommon.modulemap -Xcc -fmodule-map-file\=/Users/momtajhusen/Desktop/UnderOneRoof/ios/Pods/Headers/Public/React_Fabric/React-Fabric.modulemap -Xcc -fmodule-map-file\=/Users/momtajhusen/Desktop/UnderOneRoof/ios/Pods/Headers/Public/React_FabricComponents/React-FabricComponents.modulemap -Xcc -fmodule-map-file\=/Users/momtajhusen/Desktop/UnderOneRoof/ios/Pods/Headers/Public/React_NativeModulesApple/React-NativeModulesApple.modulemap -Xcc -fmodule-map-file\=/Users/momtajhusen/Desktop/UnderOneRoof/ios/Pods/Headers/Public/React_RCTAppDelegate/React-RCTAppDelegate.modulemap -Xcc -fmodule-map-file\=/Users/momtajhusen/Desktop/UnderOneRoof/ios/Pods/Headers/Public/folly/RCT-Folly.modulemap -Xcc -fmodule-map-file\=/Users/momtajhusen/Desktop/UnderOneRoof/ios/Pods/Headers/Public/glog/glog.modulemap -Xcc -fmodule-map-file\=/Users/momtajhusen/Desktop/UnderOneRoof/ios/Pods/Headers/Public/jsi/React-jsi.modulemap -Xcc -fmodule-map-file\=/Users/momtajhusen/Desktop/UnderOneRoof/ios/Pods/Headers/Public/jsinspector_modern/React-jsinspector.modulemap -Xcc -fmodule-map-file\=/Users/momtajhusen/Desktop/UnderOneRoof/ios/Pods/Headers/Public/react_debug/React-debug.modulemap -Xcc -fmodule-map-file\=/Users/momtajhusen/Desktop/UnderOneRoof/ios/Pods/Headers/Public/react_featureflags/React-featureflags.modulemap -Xcc -fmodule-map-file\=/Users/momtajhusen/Desktop/UnderOneRoof/ios/Pods/Headers/Public/react_nativemodule_defaults/React-defaultsnativemodule.modulemap -Xcc -fmodule-map-file\=/Users/momtajhusen/Desktop/UnderOneRoof/ios/Pods/Headers/Public/react_nativemodule_dom/React-domnativemodule.modulemap -Xcc -fmodule-map-file\=/Users/momtajhusen/Desktop/UnderOneRoof/ios/Pods/Headers/Public/react_nativemodule_featureflags/React-featureflagsnativemodule.modulemap -Xcc -fmodule-map-file\=/Users/momtajhusen/Desktop/UnderOneRoof/ios/Pods/Headers/Public/react_nativemodule_idlecallbacks/React-idlecallbacksnativemodule.modulemap -Xcc -fmodule-map-file\=/Users/momtajhusen/Desktop/UnderOneRoof/ios/Pods/Headers/Public/react_nativemodule_microtasks/React-microtasksnativemodule.modulemap -Xcc -fmodule-map-file\=/Users/momtajhusen/Desktop/UnderOneRoof/ios/Pods/Headers/Public/react_renderer_debug/React-rendererdebug.modulemap -Xcc -fmodule-map-file\=/Users/momtajhusen/Desktop/UnderOneRoof/ios/Pods/Headers/Public/react_renderer_graphics/React-graphics.modulemap -Xcc -fmodule-map-file\=/Users/momtajhusen/Desktop/UnderOneRoof/ios/Pods/Headers/Public/react_renderer_imagemanager/React-ImageManager.modulemap -Xcc -fmodule-map-file\=/Users/momtajhusen/Desktop/UnderOneRoof/ios/Pods/Headers/Public/react_utils/React-utils.modulemap -Xcc -fmodule-map-file\=/Users/momtajhusen/Desktop/UnderOneRoof/ios/Pods/Headers/Public/reacthermes/React-hermes.modulemap -Xcc -fmodule-map-file\=/Users/momtajhusen/Desktop/UnderOneRoof/ios/Pods/Headers/Public/yoga/Yoga.modulemap -import-underlying-module -Xcc -fmodule-map-file\=/Users/momtajhusen/Desktop/UnderOneRoof/ios/Pods/Headers/Public/ExpoPrint/ExpoPrint.modulemap -enable-bare-slash-regex -enable-experimental-feature DebugDescriptionMacro -sdk /Applications/Xcode.app/Contents/Developer/Platforms/iPhoneSimulator.platform/Developer/SDKs/iPhoneSimulator18.5.sdk -target arm64-apple-ios15.1-simulator -g -module-cache-path /Users/momtajhusen/Library/Developer/Xcode/DerivedData/ModuleCache.noindex -Xfrontend -serialize-debugging-options -enable-testing -index-store-path /Users/momtajhusen/Library/Developer/Xcode/DerivedData/UnderOneRoof-bvjuhnhcwjrvzafftvptbetbcgcq/Index.noindex/DataStore -swift-version 5 -I /Users/momtajhusen/Library/Developer/Xcode/DerivedData/UnderOneRoof-bvjuhnhcwjrvzafftvptbetbcgcq/Build/Products/Debug-iphonesimulator/ExpoPrint -I /Users/momtajhusen/Library/Developer/Xcode/DerivedData/UnderOneRoof-bvjuhnhcwjrvzafftvptbetbcgcq/Build/Products/Debug-iphonesimulator/ExpoModulesCore -F /Users/momtajhusen/Library/Developer/Xcode/DerivedData/UnderOneRoof-bvjuhnhcwjrvzafftvptbetbcgcq/Build/Products/Debug-iphonesimulator/ExpoPrint -F /Users/momtajhusen/Desktop/UnderOneRoof/ios/Pods/hermes-engine/destroot/Library/Frameworks/universal -F /Users/momtajhusen/Library/Developer/Xcode/DerivedData/UnderOneRoof-bvjuhnhcwjrvzafftvptbetbcgcq/Build/Products/Debug-iphonesimulator/XCFrameworkIntermediates/hermes-engine/Pre-built -c -j10 -enable-batch-mode -incremental -Xcc -ivfsstatcache -Xcc /Users/momtajhusen/Library/Developer/Xcode/DerivedData/SDKStatCaches.noindex/iphonesimulator18.5-22F76-d5fc8ad4295d2ef488fb7d0f804ce0c4.sdkstatcache -output-file-map /Users/momtajhusen/Library/Developer/Xcode/DerivedData/UnderOneRoof-bvjuhnhcwjrvzafftvptbetbcgcq/Build/Intermediates.noindex/Pods.build/Debug-iphonesimulator/ExpoPrint.build/Objects-normal/arm64/ExpoPrint-OutputFileMap.json -use-frontend-parseable-output -save-temps -no-color-diagnostics -serialize-diagnostics -emit-dependencies -emit-module -emit-module-path /Users/momtajhusen/Library/Developer/Xcode/DerivedData/UnderOneRoof-bvjuhnhcwjrvzafftvptbetbcgcq/Build/Intermediates.noindex/Pods.build/Debug-iphonesimulator/ExpoPrint.build/Objects-normal/arm64/ExpoPrint.swiftmodule -validate-clang-modules-once -clang-build-session-file /Users/momtajhusen/Library/Developer/Xcode/DerivedData/ModuleCache.noindex/Session.modulevalidation -Xcc -I/Users/momtajhusen/Library/Developer/Xcode/DerivedData/UnderOneRoof-bvjuhnhcwjrvzafftvptbetbcgcq/Build/Intermediates.noindex/Pods.build/Debug-iphonesimulator/ExpoPrint.build/swift-overrides.hmap -emit-const-values -Xfrontend -const-gather-protocols-file -Xfrontend /Users/momtajhusen/Library/Developer/Xcode/DerivedData/UnderOneRoof-bvjuhnhcwjrvzafftvptbetbcgcq/Build/Intermediates.noindex/Pods.build/Debug-iphonesimulator/ExpoPrint.build/Objects-normal/arm64/ExpoPrint_const_extract_protocols.json -Xcc -iquote -Xcc /Users/momtajhusen/Library/Developer/Xcode/DerivedData/UnderOneRoof-bvjuhnhcwjrvzafftvptbetbcgcq/Build/Intermediates.noindex/Pods.build/Debug-iphonesimulator/ExpoPrint.build/ExpoPrint-generated-files.hmap -Xcc -I/Users/momtajhusen/Library/Developer/Xcode/DerivedData/UnderOneRoof-bvjuhnhcwjrvzafftvptbetbcgcq/Build/Intermediates.noindex/Pods.build/Debug-iphonesimulator/ExpoPrint.build/ExpoPrint-own-target-headers.hmap -Xcc -I/Users/momtajhusen/Library/Developer/Xcode/DerivedData/UnderOneRoof-bvjuhnhcwjrvzafftvptbetbcgcq/Build/Intermediates.noindex/Pods.build/Debug-iphonesimulator/ExpoPrint.build/ExpoPrint-all-non-framework-target-headers.hmap -Xcc -ivfsoverlay -Xcc /Users/momtajhusen/Library/Developer/Xcode/DerivedData/UnderOneRoof-bvjuhnhcwjrvzafftvptbetbcgcq/Build/Int
debug ermediates.noindex/Pods.build/Debug-iphonesimulator/Pods-8699adb1dd336b26511df848a716bd42-VFS-iphonesimulator/all-product-headers.yaml -Xcc -iquote -Xcc /Users/momtajhusen/Library/Developer/Xcode/DerivedData/UnderOneRoof-bvjuhnhcwjrvzafftvptbetbcgcq/Build/Intermediates.noindex/Pods.build/Debug-iphonesimulator/ExpoPrint.build/ExpoPrint-project-headers.hmap -Xcc -I/Users/momtajhusen/Library/Developer/Xcode/DerivedData/UnderOneRoof-bvjuhnhcwjrvzafftvptbetbcgcq/Build/Products/Debug-iphonesimulator/ExpoPrint/include -Xcc -I/Users/momtajhusen/Desktop/UnderOneRoof/ios/Pods/Headers/Public -Xcc -I/Users/momtajhusen/Desktop/UnderOneRoof/ios/Pods/Headers/Public/DoubleConversion -Xcc -I/Users/momtajhusen/Desktop/UnderOneRoof/ios/Pods/Headers/Public/ExpoModulesCore -Xcc -I/Users/momtajhusen/Desktop/UnderOneRoof/ios/Pods/Headers/Public/FBLazyVector -Xcc -I/Users/momtajhusen/Desktop/UnderOneRoof/ios/Pods/Headers/Public/RCT-Folly -Xcc -I/Users/momtajhusen/Desktop/UnderOneRoof/ios/Pods/Headers/Public/RCTRequired -Xcc -I/Users/momtajhusen/Desktop/UnderOneRoof/ios/Pods/Headers/Public/RCTTypeSafety -Xcc -I/Users/momtajhusen/Desktop/UnderOneRoof/ios/Pods/Headers/Public/React-Core -Xcc -I/Users/momtajhusen/Desktop/UnderOneRoof/ios/Pods/Headers/Public/React-Fabric -Xcc -I/Users/momtajhusen/Desktop/UnderOneRoof/ios/Pods/Headers/Public/React-FabricComponents -Xcc -I/Users/momtajhusen/Desktop/UnderOneRoof/ios/Pods/Headers/Public/React-FabricImage -Xcc -I/Users/momtajhusen/Desktop/UnderOneRoof/ios/Pods/Headers/Public/React-ImageManager -Xcc -I/Users/momtajhusen/Desktop/UnderOneRoof/ios/Pods/Headers/Public/React-Mapbuffer -Xcc -I/Users/momtajhusen/Desktop/UnderOneRoof/ios/Pods/Headers/Public/React-NativeModulesApple -Xcc -I/Users/momtajhusen/Desktop/UnderOneRoof/ios/Pods/Headers/Public/React-RCTBlob -Xcc -I/Users/momtajhusen/Desktop/UnderOneRoof/ios/Pods/Headers/Public/React-RCTFabric -Xcc -I/Users/momtajhusen/Desktop/UnderOneRoof/ios/Pods/Headers/Public/React-RCTText -Xcc -I/Users/momtajhusen/Desktop/UnderOneRoof/ios/Pods/Headers/Public/React-RuntimeApple -Xcc -I/Users/momtajhusen/Desktop/UnderOneRoof/ios/Pods/Headers/Public/React-RuntimeCore -Xcc -I/Users/momtajhusen/Desktop/UnderOneRoof/ios/Pods/Headers/Public/React-RuntimeHermes -Xcc -I/Users/momtajhusen/Desktop/UnderOneRoof/ios/Pods/Headers/Public/React-callinvoker -Xcc -I/Users/momtajhusen/Desktop/UnderOneRoof/ios/Pods/Headers/Public/React-cxxreact -Xcc -I/Users/momtajhusen/Desktop/UnderOneRoof/ios/Pods/Headers/Public/React-debug -Xcc -I/Users/momtajhusen/Desktop/UnderOneRoof/ios/Pods/Headers/Public/React-defaultsnativemodule -Xcc -I/Users/momtajhusen/Desktop/UnderOneRoof/ios/Pods/Headers/Public/React-domnativemodule -Xcc -I/Users/momtajhusen/Desktop/UnderOneRoof/ios/Pods/Headers/Public/React-featureflags -Xcc -I/Users/momtajhusen/Desktop/UnderOneRoof/ios/Pods/Headers/Public/React-featureflagsnativemodule -Xcc -I/Users/momtajhusen/Desktop/UnderOneRoof/ios/Pods/Headers/Public/React-graphics -Xcc -I/Users/momtajhusen/Desktop/UnderOneRoof/ios/Pods/Headers/Public/React-hermes -Xcc -I/Users/momtajhusen/Desktop/UnderOneRoof/ios/Pods/Headers/Public/React-idlecallbacksnativemodule -Xcc -I/Users/momtajhusen/Desktop/UnderOneRoof/ios/Pods/Headers/Public/React-jserrorhandler -Xcc -I/Users/momtajhusen/Desktop/UnderOneRoof/ios/Pods/Headers/Public/React-jsi -Xcc -I/Users/momtajhusen/Desktop/UnderOneRoof/ios/Pods/Headers/Public/React-jsiexecutor -Xcc -I/Users/momtajhusen/Desktop/UnderOneRoof/ios/Pods/Headers/Public/React-jsinspector -Xcc -I/Users/momtajhusen/Desktop/UnderOneRoof/ios/Pods/Headers/Public/React-logger -Xcc -I/Users/momtajhusen/Desktop/UnderOneRoof/ios/Pods/Headers/Public/React-microtasksnativemodule -Xcc -I/Users/momtajhusen/Desktop/UnderOneRoof/ios/Pods/Headers/Public/React-nativeconfig -Xcc -I/Users/momtajhusen/Desktop/UnderOneRoof/ios/Pods/Headers/Public/React-perflogger -Xcc -I/Users/momtajhusen/Desktop/UnderOneRoof/ios/Pods/Headers/Public/React-performancetimeline -Xcc -I/Users/momtajhusen/Desktop/UnderOneRoof/ios/Pods/Headers/Public/React-rendererconsistency -Xcc -I/Users/momtajhusen/Desktop/UnderOneRoof/ios/Pods/Headers/Public/React-rendererdebug -Xcc -I/Users/momtajhusen/Desktop/UnderOneRoof/ios/Pods/Headers/Public/React-runtimeexecutor -Xcc -I/Users/momtajhusen/Desktop/UnderOneRoof/ios/Pods/Headers/Public/React-runtimescheduler -Xcc -I/Users/momtajhusen/Desktop/UnderOneRoof/ios/Pods/Headers/Public/React-timing -Xcc -I/Users/momtajhusen/Desktop/UnderOneRoof/ios/Pods/Headers/Public/React-utils -Xcc -I/Users/momtajhusen/Desktop/UnderOneRoof/ios/Pods/Headers/Public/ReactCodegen -Xcc -I/Users/momtajhusen/Desktop/UnderOneRoof/ios/Pods/Headers/Public/ReactCommon -Xcc -I/Users/momtajhusen/Desktop/UnderOneRoof/ios/Pods/Headers/Public/Yoga -Xcc -I/Users/momtajhusen/Desktop/UnderOneRoof/ios/Pods/Headers/Public/boost -Xcc -I/Users/momtajhusen/Desktop/UnderOneRoof/ios/Pods/Headers/Public/fast_float -Xcc -I/Users/momtajhusen/Desktop/UnderOneRoof/ios/Pods/Headers/Public/fmt -Xcc -I/Users/momtajhusen/Desktop/UnderOneRoof/ios/Pods/Headers/Public/glog -Xcc -I/Users/momtajhusen/Desktop/UnderOneRoof/ios/Pods/Headers/Public/hermes-engine -Xcc -I/Users/momtajhusen/Library/Developer/Xcode/DerivedData/UnderOneRoof-bvjuhnhcwjrvzafftvptbetbcgcq/Build/Intermediates.noindex/Pods.build/Debug-iphonesimulator/ExpoPrint.build/DerivedSources-normal/arm64 -Xcc -I/Users/momtajhusen/Library/Developer/Xcode/DerivedData/UnderOneRoof-bvjuhnhcwjrvzafftvptbetbcgcq/Build/Intermediates.noindex/Pods.build/Debug-iphonesimulator/ExpoPrint.build/DerivedSources/arm64 -Xcc -I/Users/momtajhusen/Library/Developer/Xcode/DerivedData/UnderOneRoof-bvjuhnhcwjrvzafftvptbetbcgcq/Build/Intermediates.noindex/Pods.build/Debug-iphonesimulator/ExpoPrint.build/DerivedSources -Xcc -DPOD_CONFIGURATION_DEBUG\=1 -Xcc -DDEBUG\=1 -Xcc -DCOCOAPODS\=1 -emit-objc-header -emit-objc-header-path /Users/momtajhusen/Library/Developer/Xcode/DerivedData/UnderOneRoof-bvjuhnhcwjrvzafftvptbetbcgcq/Build/Intermediates.noindex/Pods.build/Debug-iphonesimulator/ExpoPrint.build/Objects-normal/arm64/ExpoPrint-Swift.h -working-directory /Users/momtajhusen/Desktop/UnderOneRoof/ios/Pods -experimental-emit-module-separately -disable-cmo


debug SwiftDriver ExpoLinearGradient normal arm64 com.apple.xcode.tools.swift.compiler (in target 'ExpoLinearGradient' from project 'Pods')
    cd /Users/momtajhusen/Desktop/UnderOneRoof/ios/Pods
    builtin-SwiftDriver -- /Applications/Xcode.app/Contents/Developer/Toolchains/XcodeDefault.xctoolchain/usr/bin/swiftc -module-name ExpoLinearGradient -Onone -whole-module-optimization -enforce-exclusivity\=checked @/Users/momtajhusen/Library/Developer/Xcode/DerivedData/UnderOneRoof-bvjuhnhcwjrvzafftvptbetbcgcq/Build/Intermediates.noindex/Pods.build/Debug-iphonesimulator/ExpoLinearGradient.build/Objects-normal/arm64/ExpoLinearGradient.SwiftFileList -DDEBUG -D COCOAPODS -Xcc -fmodule-map-file\=/Users/momtajhusen/Library/Developer/Xcode/DerivedData/UnderOneRoof-bvjuhnhcwjrvzafftvptbetbcgcq/Build/Products/Debug-iphonesimulator/ExpoModulesCore/ExpoModulesCore.modulemap -Xcc -fmodule-map-file\=/Users/momtajhusen/Desktop/UnderOneRoof/ios/Pods/Headers/Public/DoubleConversion/DoubleConversion.modulemap -Xcc -fmodule-map-file\=/Users/momtajhusen/Desktop/UnderOneRoof/ios/Pods/Headers/Public/RCTDeprecation/RCTDeprecation.modulemap -Xcc -fmodule-map-file\=/Users/momtajhusen/Desktop/UnderOneRoof/ios/Pods/Headers/Public/RCTFabric/React-RCTFabric.modulemap -Xcc -fmodule-map-file\=/Users/momtajhusen/Desktop/UnderOneRoof/ios/Pods/Headers/Public/RCTTypeSafety/RCTTypeSafety.modulemap -Xcc -fmodule-map-file\=/Users/momtajhusen/Desktop/UnderOneRoof/ios/Pods/Headers/Public/React/React-Core.modulemap -Xcc -fmodule-map-file\=/Users/momtajhusen/Desktop/UnderOneRoof/ios/Pods/Headers/Public/ReactCodegen/ReactCodegen.modulemap -Xcc -fmodule-map-file\=/Users/momtajhusen/Desktop/UnderOneRoof/ios/Pods/Headers/Public/ReactCommon/ReactCommon.modulemap -Xcc -fmodule-map-file\=/Users/momtajhusen/Desktop/UnderOneRoof/ios/Pods/Headers/Public/React_Fabric/React-Fabric.modulemap -Xcc -fmodule-map-file\=/Users/momtajhusen/Desktop/UnderOneRoof/ios/Pods/Headers/Public/React_FabricComponents/React-FabricComponents.modulemap -Xcc -fmodule-map-file\=/Users/momtajhusen/Desktop/UnderOneRoof/ios/Pods/Headers/Public/React_NativeModulesApple/React-NativeModulesApple.modulemap -Xcc -fmodule-map-file\=/Users/momtajhusen/Desktop/UnderOneRoof/ios/Pods/Headers/Public/React_RCTAppDelegate/React-RCTAppDelegate.modulemap -Xcc -fmodule-map-file\=/Users/momtajhusen/Desktop/UnderOneRoof/ios/Pods/Headers/Public/folly/RCT-Folly.modulemap -Xcc -fmodule-map-file\=/Users/momtajhusen/Desktop/UnderOneRoof/ios/Pods/Headers/Public/glog/glog.modulemap -Xcc -fmodule-map-file\=/Users/momtajhusen/Desktop/UnderOneRoof/ios/Pods/Headers/Public/jsi/React-jsi.modulemap -Xcc -fmodule-map-file\=/Users/momtajhusen/Desktop/UnderOneRoof/ios/Pods/Headers/Public/jsinspector_modern/React-jsinspector.modulemap -Xcc -fmodule-map-file\=/Users/momtajhusen/Desktop/UnderOneRoof/ios/Pods/Headers/Public/react_debug/React-debug.modulemap -Xcc -fmodule-map-file\=/Users/momtajhusen/Desktop/UnderOneRoof/ios/Pods/Headers/Public/react_featureflags/React-featureflags.modulemap -Xcc -fmodule-map-file\=/Users/momtajhusen/Desktop/UnderOneRoof/ios/Pods/Headers/Public/react_nativemodule_defaults/React-defaultsnativemodule.modulemap -Xcc -fmodule-map-file\=/Users/momtajhusen/Desktop/UnderOneRoof/ios/Pods/Headers/Public/react_nativemodule_dom/React-domnativemodule.modulemap -Xcc -fmodule-map-file\=/Users/momtajhusen/Desktop/UnderOneRoof/ios/Pods/Headers/Public/react_nativemodule_featureflags/React-featureflagsnativemodule.modulemap -Xcc -fmodule-map-file\=/Users/momtajhusen/Desktop/UnderOneRoof/ios/Pods/Headers/Public/react_nativemodule_idlecallbacks/React-idlecallbacksnativemodule.modulemap -Xcc -fmodule-map-file\=/Users/momtajhusen/Desktop/UnderOneRoof/ios/Pods/Headers/Public/react_nativemodule_microtasks/React-microtasksnativemodule.modulemap -Xcc -fmodule-map-file\=/Users/momtajhusen/Desktop/UnderOneRoof/ios/Pods/Headers/Public/react_renderer_debug/React-rendererdebug.modulemap -Xcc -fmodule-map-file\=/Users/momtajhusen/Desktop/UnderOneRoof/ios/Pods/Headers/Public/react_renderer_graphics/React-graphics.modulemap -Xcc -fmodule-map-file\=/Users/momtajhusen/Desktop/UnderOneRoof/ios/Pods/Headers/Public/react_renderer_imagemanager/React-ImageManager.modulemap -Xcc -fmodule-map-file\=/Users/momtajhusen/Desktop/UnderOneRoof/ios/Pods/Headers/Public/react_utils/React-utils.modulemap -Xcc -fmodule-map-file\=/Users/momtajhusen/Desktop/UnderOneRoof/ios/Pods/Headers/Public/reacthermes/React-hermes.modulemap -Xcc -fmodule-map-file\=/Users/momtajhusen/Desktop/UnderOneRoof/ios/Pods/Headers/Public/yoga/Yoga.modulemap -import-underlying-module -Xcc -fmodule-map-file\=/Users/momtajhusen/Desktop/UnderOneRoof/ios/Pods/Headers/Public/ExpoLinearGradient/ExpoLinearGradient.modulemap -enable-bare-slash-regex -enable-experimental-feature DebugDescriptionMacro -sdk /Applications/Xcode.app/Contents/Developer/Platforms/iPhoneSimulator.platform/Developer/SDKs/iPhoneSimulator18.5.sdk -target arm64-apple-ios15.1-simulator -g -module-cache-path /Users/momtajhusen/Library/Developer/Xcode/DerivedData/ModuleCache.noindex -Xfrontend -serialize-debugging-options -enable-testing -index-store-path /Users/momtajhusen/Library/Developer/Xcode/DerivedData/UnderOneRoof-bvjuhnhcwjrvzafftvptbetbcgcq/Index.noindex/DataStore -swift-version 5 -I /Users/momtajhusen/Library/Developer/Xcode/DerivedData/UnderOneRoof-bvjuhnhcwjrvzafftvptbetbcgcq/Build/Products/Debug-iphonesimulator/ExpoLinearGradient -I /Users/momtajhusen/Library/Developer/Xcode/DerivedData/UnderOneRoof-bvjuhnhcwjrvzafftvptbetbcgcq/Build/Products/Debug-iphonesimulator/ExpoModulesCore -F /Users/momtajhusen/Library/Developer/Xcode/DerivedData/UnderOneRoof-bvjuhnhcwjrvzafftvptbetbcgcq/Build/Products/Debug-iphonesimulator/ExpoLinearGradient -F /Users/momtajhusen/Desktop/UnderOneRoof/ios/Pods/hermes-engine/destroot/Library/Frameworks/universal -F /Users/momtajhusen/Library/Developer/Xcode/DerivedData/UnderOneRoof-bvjuhnhcwjrvzafftvptbetbcgcq/Build/Products/Debug-iphonesimulator/XCFrameworkIntermediates/hermes-engine/Pre-built -c -num-threads 10 -Xcc -ivfsstatcache -Xcc /Users/momtajhusen/Library/Developer/Xcode/DerivedData/SDKStatCaches.noindex/iphonesimulator18.5-22F76-d5fc8ad4295d2ef488fb7d0f804ce0c4.sdkstatcache -output-file-map /Users/momtajhusen/Library/Developer/Xcode/DerivedData/UnderOneRoof-bvjuhnhcwjrvzafftvptbetbcgcq/Build/Intermediates.noindex/Pods.build/Debug-iphonesimulator/ExpoLinearGradient.build/Objects-normal/arm64/ExpoLinearGradient-OutputFileMap.json -use-frontend-parseable-output -save-temps -no-color-diagnostics -serialize-diagnostics -emit-dependencies -emit-module -emit-module-path /Users/momtajhusen/Library/Developer/Xcode/DerivedData/UnderOneRoof-bvjuhnhcwjrvzafftvptbetbcgcq/Build/Intermediates.noindex/Pods.build/Debug-iphonesimulator/ExpoLinearGradient.build/Objects-normal/arm64/ExpoLinearGradient.swiftmodule -validate-clang-modules-once -clang-build-session-file /Users/momtajhusen/Library/Developer/Xcode/DerivedData/ModuleCache.noindex/Session.modulevalidation -Xcc -I/Users/momtajhusen/Library/Developer/Xcode/DerivedData/UnderOneRoof-bvjuhnhcwjrvzafftvptbetbcgcq/Build/Intermediates.noindex/Pods.build/Debug-iphonesimulator/ExpoLinearGradient.build/swift-overrides.hmap -emit-const-values -Xfrontend -const-gather-protocols-file -Xfrontend /Users/momtajhusen/Library/Developer/Xcode/DerivedData/UnderOneRoof-bvjuhnhcwjrvzafftvptbetbcgcq/Build/Intermediates.noindex/Pods.build/Debug-iphonesimulator/ExpoLinearGradient.build/Objects-normal/arm64/ExpoLinearGradient_const_extract_protocols.json -Xcc -iquote -Xcc /Users/momtajhusen/Library/Developer/Xcode/DerivedData/UnderOneRoof-bvjuhnhcwjrvzafftvptbetbcgcq/Build/Intermediates.noindex/Pods.build/Debug-iphonesimulator/ExpoLinearGradient.build/ExpoLinearGradient-generated-files.hmap -Xcc -I/Users/momtajhusen/Library/Developer/Xcode/DerivedData/UnderOneRoof-bvjuhnhcwjrvzafftvptbetbcgcq/Build/Intermediates.noindex/Pods.build/Debug-iphonesimulator/ExpoLinearGradient.build/ExpoLinearGradient-own-target-headers.hmap -Xcc -I/Users/momtajhusen/Library/Developer/Xcode/DerivedData/UnderOneRoof-bvjuhnhcwjrvzafftvptbetbcgcq/Build/Intermediates.noindex/Pods.build/Debug-iphonesimulator/ExpoLin
debug earGradient.build/ExpoLinearGradient-all-non-framework-target-headers.hmap -Xcc -ivfsoverlay -Xcc /Users/momtajhusen/Library/Developer/Xcode/DerivedData/UnderOneRoof-bvjuhnhcwjrvzafftvptbetbcgcq/Build/Intermediates.noindex/Pods.build/Debug-iphonesimulator/Pods-8699adb1dd336b26511df848a716bd42-VFS-iphonesimulator/all-product-headers.yaml -Xcc -iquote -Xcc /Users/momtajhusen/Library/Developer/Xcode/DerivedData/UnderOneRoof-bvjuhnhcwjrvzafftvptbetbcgcq/Build/Intermediates.noindex/Pods.build/Debug-iphonesimulator/ExpoLinearGradient.build/ExpoLinearGradient-project-headers.hmap -Xcc -I/Users/momtajhusen/Library/Developer/Xcode/DerivedData/UnderOneRoof-bvjuhnhcwjrvzafftvptbetbcgcq/Build/Products/Debug-iphonesimulator/ExpoLinearGradient/include -Xcc -I/Users/momtajhusen/Desktop/UnderOneRoof/ios/Pods/Headers/Public -Xcc -I/Users/momtajhusen/Desktop/UnderOneRoof/ios/Pods/Headers/Public/DoubleConversion -Xcc -I/Users/momtajhusen/Desktop/UnderOneRoof/ios/Pods/Headers/Public/ExpoModulesCore -Xcc -I/Users/momtajhusen/Desktop/UnderOneRoof/ios/Pods/Headers/Public/FBLazyVector -Xcc -I/Users/momtajhusen/Desktop/UnderOneRoof/ios/Pods/Headers/Public/RCT-Folly -Xcc -I/Users/momtajhusen/Desktop/UnderOneRoof/ios/Pods/Headers/Public/RCTRequired -Xcc -I/Users/momtajhusen/Desktop/UnderOneRoof/ios/Pods/Headers/Public/RCTTypeSafety -Xcc -I/Users/momtajhusen/Desktop/UnderOneRoof/ios/Pods/Headers/Public/React-Core -Xcc -I/Users/momtajhusen/Desktop/UnderOneRoof/ios/Pods/Headers/Public/React-Fabric -Xcc -I/Users/momtajhusen/Desktop/UnderOneRoof/ios/Pods/Headers/Public/React-FabricComponents -Xcc -I/Users/momtajhusen/Desktop/UnderOneRoof/ios/Pods/Headers/Public/React-FabricImage -Xcc -I/Users/momtajhusen/Desktop/UnderOneRoof/ios/Pods/Headers/Public/React-ImageManager -Xcc -I/Users/momtajhusen/Desktop/UnderOneRoof/ios/Pods/Headers/Public/React-Mapbuffer -Xcc -I/Users/momtajhusen/Desktop/UnderOneRoof/ios/Pods/Headers/Public/React-NativeModulesApple -Xcc -I/Users/momtajhusen/Desktop/UnderOneRoof/ios/Pods/Headers/Public/React-RCTBlob -Xcc -I/Users/momtajhusen/Desktop/UnderOneRoof/ios/Pods/Headers/Public/React-RCTFabric -Xcc -I/Users/momtajhusen/Desktop/UnderOneRoof/ios/Pods/Headers/Public/React-RCTText -Xcc -I/Users/momtajhusen/Desktop/UnderOneRoof/ios/Pods/Headers/Public/React-RuntimeApple -Xcc -I/Users/momtajhusen/Desktop/UnderOneRoof/ios/Pods/Headers/Public/React-RuntimeCore -Xcc -I/Users/momtajhusen/Desktop/UnderOneRoof/ios/Pods/Headers/Public/React-RuntimeHermes -Xcc -I/Users/momtajhusen/Desktop/UnderOneRoof/ios/Pods/Headers/Public/React-callinvoker -Xcc -I/Users/momtajhusen/Desktop/UnderOneRoof/ios/Pods/Headers/Public/React-cxxreact -Xcc -I/Users/momtajhusen/Desktop/UnderOneRoof/ios/Pods/Headers/Public/React-debug -Xcc -I/Users/momtajhusen/Desktop/UnderOneRoof/ios/Pods/Headers/Public/React-defaultsnativemodule -Xcc -I/Users/momtajhusen/Desktop/UnderOneRoof/ios/Pods/Headers/Public/React-domnativemodule -Xcc -I/Users/momtajhusen/Desktop/UnderOneRoof/ios/Pods/Headers/Public/React-featureflags -Xcc -I/Users/momtajhusen/Desktop/UnderOneRoof/ios/Pods/Headers/Public/React-featureflagsnativemodule -Xcc -I/Users/momtajhusen/Desktop/UnderOneRoof/ios/Pods/Headers/Public/React-graphics -Xcc -I/Users/momtajhusen/Desktop/UnderOneRoof/ios/Pods/Headers/Public/React-hermes -Xcc -I/Users/momtajhusen/Desktop/UnderOneRoof/ios/Pods/Headers/Public/React-idlecallbacksnativemodule -Xcc -I/Users/momtajhusen/Desktop/UnderOneRoof/ios/Pods/Headers/Public/React-jserrorhandler -Xcc -I/Users/momtajhusen/Desktop/UnderOneRoof/ios/Pods/Headers/Public/React-jsi -Xcc -I/Users/momtajhusen/Desktop/UnderOneRoof/ios/Pods/Headers/Public/React-jsiexecutor -Xcc -I/Users/momtajhusen/Desktop/UnderOneRoof/ios/Pods/Headers/Public/React-jsinspector -Xcc -I/Users/momtajhusen/Desktop/UnderOneRoof/ios/Pods/Headers/Public/React-logger -Xcc -I/Users/momtajhusen/Desktop/UnderOneRoof/ios/Pods/Headers/Public/React-microtasksnativemodule -Xcc -I/Users/momtajhusen/Desktop/UnderOneRoof/ios/Pods/Headers/Public/React-nativeconfig -Xcc -I/Users/momtajhusen/Desktop/UnderOneRoof/ios/Pods/Headers/Public/React-perflogger -Xcc -I/Users/momtajhusen/Desktop/UnderOneRoof/ios/Pods/Headers/Public/React-performancetimeline -Xcc -I/Users/momtajhusen/Desktop/UnderOneRoof/ios/Pods/Headers/Public/React-rendererconsistency -Xcc -I/Users/momtajhusen/Desktop/UnderOneRoof/ios/Pods/Headers/Public/React-rendererdebug -Xcc -I/Users/momtajhusen/Desktop/UnderOneRoof/ios/Pods/Headers/Public/React-runtimeexecutor -Xcc -I/Users/momtajhusen/Desktop/UnderOneRoof/ios/Pods/Headers/Public/React-runtimescheduler -Xcc -I/Users/momtajhusen/Desktop/UnderOneRoof/ios/Pods/Headers/Public/React-timing -Xcc -I/Users/momtajhusen/Desktop/UnderOneRoof/ios/Pods/Headers/Public/React-utils -Xcc -I/Users/momtajhusen/Desktop/UnderOneRoof/ios/Pods/Headers/Public/ReactCodegen -Xcc -I/Users/momtajhusen/Desktop/UnderOneRoof/ios/Pods/Headers/Public/ReactCommon -Xcc -I/Users/momtajhusen/Desktop/UnderOneRoof/ios/Pods/Headers/Public/Yoga -Xcc -I/Users/momtajhusen/Desktop/UnderOneRoof/ios/Pods/Headers/Public/boost -Xcc -I/Users/momtajhusen/Desktop/UnderOneRoof/ios/Pods/Headers/Public/fast_float -Xcc -I/Users/momtajhusen/Desktop/UnderOneRoof/ios/Pods/Headers/Public/fmt -Xcc -I/Users/momtajhusen/Desktop/UnderOneRoof/ios/Pods/Headers/Public/glog -Xcc -I/Users/momtajhusen/Desktop/UnderOneRoof/ios/Pods/Headers/Public/hermes-engine -Xcc -I/Users/momtajhusen/Library/Developer/Xcode/DerivedData/UnderOneRoof-bvjuhnhcwjrvzafftvptbetbcgcq/Build/Intermediates.noindex/Pods.build/Debug-iphonesimulator/ExpoLinearGradient.build/DerivedSources-normal/arm64 -Xcc -I/Users/momtajhusen/Library/Developer/Xcode/DerivedData/UnderOneRoof-bvjuhnhcwjrvzafftvptbetbcgcq/Build/Intermediates.noindex/Pods.build/Debug-iphonesimulator/ExpoLinearGradient.build/DerivedSources/arm64 -Xcc -I/Users/momtajhusen/Library/Developer/Xcode/DerivedData/UnderOneRoof-bvjuhnhcwjrvzafftvptbetbcgcq/Build/Intermediates.noindex/Pods.build/Debug-iphonesimulator/ExpoLinearGradient.build/DerivedSources -Xcc -DPOD_CONFIGURATION_DEBUG\=1 -Xcc -DDEBUG\=1 -Xcc -DCOCOAPODS\=1 -emit-objc-header -emit-objc-header-path /Users/momtajhusen/Library/Developer/Xcode/DerivedData/UnderOneRoof-bvjuhnhcwjrvzafftvptbetbcgcq/Build/Intermediates.noindex/Pods.build/Debug-iphonesimulator/ExpoLinearGradient.build/Objects-normal/arm64/ExpoLinearGradient-Swift.h -working-directory /Users/momtajhusen/Desktop/UnderOneRoof/ios/Pods -no-emit-module-separately-wmo


debug SwiftDriver ExpoKeepAwake normal arm64 com.apple.xcode.tools.swift.compiler (in target 'ExpoKeepAwake' from project 'Pods')
    cd /Users/momtajhusen/Desktop/UnderOneRoof/ios/Pods
    builtin-SwiftDriver -- /Applications/Xcode.app/Contents/Developer/Toolchains/XcodeDefault.xctoolchain/usr/bin/swiftc -module-name ExpoKeepAwake -Onone -whole-module-optimization -enforce-exclusivity\=checked @/Users/momtajhusen/Library/Developer/Xcode/DerivedData/UnderOneRoof-bvjuhnhcwjrvzafftvptbetbcgcq/Build/Intermediates.noindex/Pods.build/Debug-iphonesimulator/ExpoKeepAwake.build/Objects-normal/arm64/ExpoKeepAwake.SwiftFileList -DDEBUG -D COCOAPODS -Xcc -fmodule-map-file\=/Users/momtajhusen/Library/Developer/Xcode/DerivedData/UnderOneRoof-bvjuhnhcwjrvzafftvptbetbcgcq/Build/Products/Debug-iphonesimulator/ExpoModulesCore/ExpoModulesCore.modulemap -Xcc -fmodule-map-file\=/Users/momtajhusen/Desktop/UnderOneRoof/ios/Pods/Headers/Public/DoubleConversion/DoubleConversion.modulemap -Xcc -fmodule-map-file\=/Users/momtajhusen/Desktop/UnderOneRoof/ios/Pods/Headers/Public/RCTDeprecation/RCTDeprecation.modulemap -Xcc -fmodule-map-file\=/Users/momtajhusen/Desktop/UnderOneRoof/ios/Pods/Headers/Public/RCTFabric/React-RCTFabric.modulemap -Xcc -fmodule-map-file\=/Users/momtajhusen/Desktop/UnderOneRoof/ios/Pods/Headers/Public/RCTTypeSafety/RCTTypeSafety.modulemap -Xcc -fmodule-map-file\=/Users/momtajhusen/Desktop/UnderOneRoof/ios/Pods/Headers/Public/React/React-Core.modulemap -Xcc -fmodule-map-file\=/Users/momtajhusen/Desktop/UnderOneRoof/ios/Pods/Headers/Public/ReactCodegen/ReactCodegen.modulemap -Xcc -fmodule-map-file\=/Users/momtajhusen/Desktop/UnderOneRoof/ios/Pods/Headers/Public/ReactCommon/ReactCommon.modulemap -Xcc -fmodule-map-file\=/Users/momtajhusen/Desktop/UnderOneRoof/ios/Pods/Headers/Public/React_Fabric/React-Fabric.modulemap -Xcc -fmodule-map-file\=/Users/momtajhusen/Desktop/UnderOneRoof/ios/Pods/Headers/Public/React_FabricComponents/React-FabricComponents.modulemap -Xcc -fmodule-map-file\=/Users/momtajhusen/Desktop/UnderOneRoof/ios/Pods/Headers/Public/React_NativeModulesApple/React-NativeModulesApple.modulemap -Xcc -fmodule-map-file\=/Users/momtajhusen/Desktop/UnderOneRoof/ios/Pods/Headers/Public/React_RCTAppDelegate/React-RCTAppDelegate.modulemap -Xcc -fmodule-map-file\=/Users/momtajhusen/Desktop/UnderOneRoof/ios/Pods/Headers/Public/folly/RCT-Folly.modulemap -Xcc -fmodule-map-file\=/Users/momtajhusen/Desktop/UnderOneRoof/ios/Pods/Headers/Public/glog/glog.modulemap -Xcc -fmodule-map-file\=/Users/momtajhusen/Desktop/UnderOneRoof/ios/Pods/Headers/Public/jsi/React-jsi.modulemap -Xcc -fmodule-map-file\=/Users/momtajhusen/Desktop/UnderOneRoof/ios/Pods/Headers/Public/jsinspector_modern/React-jsinspector.modulemap -Xcc -fmodule-map-file\=/Users/momtajhusen/Desktop/UnderOneRoof/ios/Pods/Headers/Public/react_debug/React-debug.modulemap -Xcc -fmodule-map-file\=/Users/momtajhusen/Desktop/UnderOneRoof/ios/Pods/Headers/Public/react_featureflags/React-featureflags.modulemap -Xcc -fmodule-map-file\=/Users/momtajhusen/Desktop/UnderOneRoof/ios/Pods/Headers/Public/react_nativemodule_defaults/React-defaultsnativemodule.modulemap -Xcc -fmodule-map-file\=/Users/momtajhusen/Desktop/UnderOneRoof/ios/Pods/Headers/Public/react_nativemodule_dom/React-domnativemodule.modulemap -Xcc -fmodule-map-file\=/Users/momtajhusen/Desktop/UnderOneRoof/ios/Pods/Headers/Public/react_nativemodule_featureflags/React-featureflagsnativemodule.modulemap -Xcc -fmodule-map-file\=/Users/momtajhusen/Desktop/UnderOneRoof/ios/Pods/Headers/Public/react_nativemodule_idlecallbacks/React-idlecallbacksnativemodule.modulemap -Xcc -fmodule-map-file\=/Users/momtajhusen/Desktop/UnderOneRoof/ios/Pods/Headers/Public/react_nativemodule_microtasks/React-microtasksnativemodule.modulemap -Xcc -fmodule-map-file\=/Users/momtajhusen/Desktop/UnderOneRoof/ios/Pods/Headers/Public/react_renderer_debug/React-rendererdebug.modulemap -Xcc -fmodule-map-file\=/Users/momtajhusen/Desktop/UnderOneRoof/ios/Pods/Headers/Public/react_renderer_graphics/React-graphics.modulemap -Xcc -fmodule-map-file\=/Users/momtajhusen/Desktop/UnderOneRoof/ios/Pods/Headers/Public/react_renderer_imagemanager/React-ImageManager.modulemap -Xcc -fmodule-map-file\=/Users/momtajhusen/Desktop/UnderOneRoof/ios/Pods/Headers/Public/react_utils/React-utils.modulemap -Xcc -fmodule-map-file\=/Users/momtajhusen/Desktop/UnderOneRoof/ios/Pods/Headers/Public/reacthermes/React-hermes.modulemap -Xcc -fmodule-map-file\=/Users/momtajhusen/Desktop/UnderOneRoof/ios/Pods/Headers/Public/yoga/Yoga.modulemap -import-underlying-module -Xcc -fmodule-map-file\=/Users/momtajhusen/Desktop/UnderOneRoof/ios/Pods/Headers/Public/ExpoKeepAwake/ExpoKeepAwake.modulemap -enable-bare-slash-regex -enable-experimental-feature DebugDescriptionMacro -sdk /Applications/Xcode.app/Contents/Developer/Platforms/iPhoneSimulator.platform/Developer/SDKs/iPhoneSimulator18.5.sdk -target arm64-apple-ios15.1-simulator -g -module-cache-path /Users/momtajhusen/Library/Developer/Xcode/DerivedData/ModuleCache.noindex -Xfrontend -serialize-debugging-options -enable-testing -index-store-path /Users/momtajhusen/Library/Developer/Xcode/DerivedData/UnderOneRoof-bvjuhnhcwjrvzafftvptbetbcgcq/Index.noindex/DataStore -swift-version 5 -I /Users/momtajhusen/Library/Developer/Xcode/DerivedData/UnderOneRoof-bvjuhnhcwjrvzafftvptbetbcgcq/Build/Products/Debug-iphonesimulator/ExpoKeepAwake -I /Users/momtajhusen/Library/Developer/Xcode/DerivedData/UnderOneRoof-bvjuhnhcwjrvzafftvptbetbcgcq/Build/Products/Debug-iphonesimulator/ExpoModulesCore -F /Users/momtajhusen/Library/Developer/Xcode/DerivedData/UnderOneRoof-bvjuhnhcwjrvzafftvptbetbcgcq/Build/Products/Debug-iphonesimulator/ExpoKeepAwake -F /Users/momtajhusen/Desktop/UnderOneRoof/ios/Pods/hermes-engine/destroot/Library/Frameworks/universal -F /Users/momtajhusen/Library/Developer/Xcode/DerivedData/UnderOneRoof-bvjuhnhcwjrvzafftvptbetbcgcq/Build/Products/Debug-iphonesimulator/XCFrameworkIntermediates/hermes-engine/Pre-built -parse-as-library -c -num-threads 10 -Xcc -ivfsstatcache -Xcc /Users/momtajhusen/Library/Developer/Xcode/DerivedData/SDKStatCaches.noindex/iphonesimulator18.5-22F76-d5fc8ad4295d2ef488fb7d0f804ce0c4.sdkstatcache -output-file-map /Users/momtajhusen/Library/Developer/Xcode/DerivedData/UnderOneRoof-bvjuhnhcwjrvzafftvptbetbcgcq/Build/Intermediates.noindex/Pods.build/Debug-iphonesimulator/ExpoKeepAwake.build/Objects-normal/arm64/ExpoKeepAwake-OutputFileMap.json -use-frontend-parseable-output -save-temps -no-color-diagnostics -serialize-diagnostics -emit-dependencies -emit-module -emit-module-path /Users/momtajhusen/Library/Developer/Xcode/DerivedData/UnderOneRoof-bvjuhnhcwjrvzafftvptbetbcgcq/Build/Intermediates.noindex/Pods.build/Debug-iphonesimulator/ExpoKeepAwake.build/Objects-normal/arm64/ExpoKeepAwake.swiftmodule -validate-clang-modules-once -clang-build-session-file /Users/momtajhusen/Library/Developer/Xcode/DerivedData/ModuleCache.noindex/Session.modulevalidation -Xcc -I/Users/momtajhusen/Library/Developer/Xcode/DerivedData/UnderOneRoof-bvjuhnhcwjrvzafftvptbetbcgcq/Build/Intermediates.noindex/Pods.build/Debug-iphonesimulator/ExpoKeepAwake.build/swift-overrides.hmap -emit-const-values -Xfrontend -const-gather-protocols-file -Xfrontend /Users/momtajhusen/Library/Developer/Xcode/DerivedData/UnderOneRoof-bvjuhnhcwjrvzafftvptbetbcgcq/Build/Intermediates.noindex/Pods.build/Debug-iphonesimulator/ExpoKeepAwake.build/Objects-normal/arm64/ExpoKeepAwake_const_extract_protocols.json -Xcc -iquote -Xcc /Users/momtajhusen/Library/Developer/Xcode/DerivedData/UnderOneRoof-bvjuhnhcwjrvzafftvptbetbcgcq/Build/Intermediates.noindex/Pods.build/Debug-iphonesimulator/ExpoKeepAwake.build/ExpoKeepAwake-generated-files.hmap -Xcc -I/Users/momtajhusen/Library/Developer/Xcode/DerivedData/UnderOneRoof-bvjuhnhcwjrvzafftvptbetbcgcq/Build/Intermediates.noindex/Pods.build/Debug-iphonesimulator/ExpoKeepAwake.build/ExpoKeepAwake-own-target-headers.hmap -Xcc -I/Users/momtajhusen/Library/Developer/Xcode/DerivedData/UnderOneRoof-bvjuhnhcwjrvzafftvptbetbcgcq/Build/Intermediates.noindex/Pods.build/Debug-iphonesimulator/ExpoKeepAwake.build/ExpoKeepAwake-all-non-framework-target-headers.hmap -Xcc -ivfsoverlay
debug  -Xcc /Users/momtajhusen/Library/Developer/Xcode/DerivedData/UnderOneRoof-bvjuhnhcwjrvzafftvptbetbcgcq/Build/Intermediates.noindex/Pods.build/Debug-iphonesimulator/Pods-8699adb1dd336b26511df848a716bd42-VFS-iphonesimulator/all-product-headers.yaml -Xcc -iquote -Xcc /Users/momtajhusen/Library/Developer/Xcode/DerivedData/UnderOneRoof-bvjuhnhcwjrvzafftvptbetbcgcq/Build/Intermediates.noindex/Pods.build/Debug-iphonesimulator/ExpoKeepAwake.build/ExpoKeepAwake-project-headers.hmap -Xcc -I/Users/momtajhusen/Library/Developer/Xcode/DerivedData/UnderOneRoof-bvjuhnhcwjrvzafftvptbetbcgcq/Build/Products/Debug-iphonesimulator/ExpoKeepAwake/include -Xcc -I/Users/momtajhusen/Desktop/UnderOneRoof/ios/Pods/Headers/Public -Xcc -I/Users/momtajhusen/Desktop/UnderOneRoof/ios/Pods/Headers/Public/DoubleConversion -Xcc -I/Users/momtajhusen/Desktop/UnderOneRoof/ios/Pods/Headers/Public/ExpoModulesCore -Xcc -I/Users/momtajhusen/Desktop/UnderOneRoof/ios/Pods/Headers/Public/FBLazyVector -Xcc -I/Users/momtajhusen/Desktop/UnderOneRoof/ios/Pods/Headers/Public/RCT-Folly -Xcc -I/Users/momtajhusen/Desktop/UnderOneRoof/ios/Pods/Headers/Public/RCTRequired -Xcc -I/Users/momtajhusen/Desktop/UnderOneRoof/ios/Pods/Headers/Public/RCTTypeSafety -Xcc -I/Users/momtajhusen/Desktop/UnderOneRoof/ios/Pods/Headers/Public/React-Core -Xcc -I/Users/momtajhusen/Desktop/UnderOneRoof/ios/Pods/Headers/Public/React-Fabric -Xcc -I/Users/momtajhusen/Desktop/UnderOneRoof/ios/Pods/Headers/Public/React-FabricComponents -Xcc -I/Users/momtajhusen/Desktop/UnderOneRoof/ios/Pods/Headers/Public/React-FabricImage -Xcc -I/Users/momtajhusen/Desktop/UnderOneRoof/ios/Pods/Headers/Public/React-ImageManager -Xcc -I/Users/momtajhusen/Desktop/UnderOneRoof/ios/Pods/Headers/Public/React-Mapbuffer -Xcc -I/Users/momtajhusen/Desktop/UnderOneRoof/ios/Pods/Headers/Public/React-NativeModulesApple -Xcc -I/Users/momtajhusen/Desktop/UnderOneRoof/ios/Pods/Headers/Public/React-RCTBlob -Xcc -I/Users/momtajhusen/Desktop/UnderOneRoof/ios/Pods/Headers/Public/React-RCTFabric -Xcc -I/Users/momtajhusen/Desktop/UnderOneRoof/ios/Pods/Headers/Public/React-RCTText -Xcc -I/Users/momtajhusen/Desktop/UnderOneRoof/ios/Pods/Headers/Public/React-RuntimeApple -Xcc -I/Users/momtajhusen/Desktop/UnderOneRoof/ios/Pods/Headers/Public/React-RuntimeCore -Xcc -I/Users/momtajhusen/Desktop/UnderOneRoof/ios/Pods/Headers/Public/React-RuntimeHermes -Xcc -I/Users/momtajhusen/Desktop/UnderOneRoof/ios/Pods/Headers/Public/React-callinvoker -Xcc -I/Users/momtajhusen/Desktop/UnderOneRoof/ios/Pods/Headers/Public/React-cxxreact -Xcc -I/Users/momtajhusen/Desktop/UnderOneRoof/ios/Pods/Headers/Public/React-debug -Xcc -I/Users/momtajhusen/Desktop/UnderOneRoof/ios/Pods/Headers/Public/React-defaultsnativemodule -Xcc -I/Users/momtajhusen/Desktop/UnderOneRoof/ios/Pods/Headers/Public/React-domnativemodule -Xcc -I/Users/momtajhusen/Desktop/UnderOneRoof/ios/Pods/Headers/Public/React-featureflags -Xcc -I/Users/momtajhusen/Desktop/UnderOneRoof/ios/Pods/Headers/Public/React-featureflagsnativemodule -Xcc -I/Users/momtajhusen/Desktop/UnderOneRoof/ios/Pods/Headers/Public/React-graphics -Xcc -I/Users/momtajhusen/Desktop/UnderOneRoof/ios/Pods/Headers/Public/React-hermes -Xcc -I/Users/momtajhusen/Desktop/UnderOneRoof/ios/Pods/Headers/Public/React-idlecallbacksnativemodule -Xcc -I/Users/momtajhusen/Desktop/UnderOneRoof/ios/Pods/Headers/Public/React-jserrorhandler -Xcc -I/Users/momtajhusen/Desktop/UnderOneRoof/ios/Pods/Headers/Public/React-jsi -Xcc -I/Users/momtajhusen/Desktop/UnderOneRoof/ios/Pods/Headers/Public/React-jsiexecutor -Xcc -I/Users/momtajhusen/Desktop/UnderOneRoof/ios/Pods/Headers/Public/React-jsinspector -Xcc -I/Users/momtajhusen/Desktop/UnderOneRoof/ios/Pods/Headers/Public/React-logger -Xcc -I/Users/momtajhusen/Desktop/UnderOneRoof/ios/Pods/Headers/Public/React-microtasksnativemodule -Xcc -I/Users/momtajhusen/Desktop/UnderOneRoof/ios/Pods/Headers/Public/React-nativeconfig -Xcc -I/Users/momtajhusen/Desktop/UnderOneRoof/ios/Pods/Headers/Public/React-perflogger -Xcc -I/Users/momtajhusen/Desktop/UnderOneRoof/ios/Pods/Headers/Public/React-performancetimeline -Xcc -I/Users/momtajhusen/Desktop/UnderOneRoof/ios/Pods/Headers/Public/React-rendererconsistency -Xcc -I/Users/momtajhusen/Desktop/UnderOneRoof/ios/Pods/Headers/Public/React-rendererdebug -Xcc -I/Users/momtajhusen/Desktop/UnderOneRoof/ios/Pods/Headers/Public/React-runtimeexecutor -Xcc -I/Users/momtajhusen/Desktop/UnderOneRoof/ios/Pods/Headers/Public/React-runtimescheduler -Xcc -I/Users/momtajhusen/Desktop/UnderOneRoof/ios/Pods/Headers/Public/React-timing -Xcc -I/Users/momtajhusen/Desktop/UnderOneRoof/ios/Pods/Headers/Public/React-utils -Xcc -I/Users/momtajhusen/Desktop/UnderOneRoof/ios/Pods/Headers/Public/ReactCodegen -Xcc -I/Users/momtajhusen/Desktop/UnderOneRoof/ios/Pods/Headers/Public/ReactCommon -Xcc -I/Users/momtajhusen/Desktop/UnderOneRoof/ios/Pods/Headers/Public/Yoga -Xcc -I/Users/momtajhusen/Desktop/UnderOneRoof/ios/Pods/Headers/Public/boost -Xcc -I/Users/momtajhusen/Desktop/UnderOneRoof/ios/Pods/Headers/Public/fast_float -Xcc -I/Users/momtajhusen/Desktop/UnderOneRoof/ios/Pods/Headers/Public/fmt -Xcc -I/Users/momtajhusen/Desktop/UnderOneRoof/ios/Pods/Headers/Public/glog -Xcc -I/Users/momtajhusen/Desktop/UnderOneRoof/ios/Pods/Headers/Public/hermes-engine -Xcc -I/Users/momtajhusen/Library/Developer/Xcode/DerivedData/UnderOneRoof-bvjuhnhcwjrvzafftvptbetbcgcq/Build/Intermediates.noindex/Pods.build/Debug-iphonesimulator/ExpoKeepAwake.build/DerivedSources-normal/arm64 -Xcc -I/Users/momtajhusen/Library/Developer/Xcode/DerivedData/UnderOneRoof-bvjuhnhcwjrvzafftvptbetbcgcq/Build/Intermediates.noindex/Pods.build/Debug-iphonesimulator/ExpoKeepAwake.build/DerivedSources/arm64 -Xcc -I/Users/momtajhusen/Library/Developer/Xcode/DerivedData/UnderOneRoof-bvjuhnhcwjrvzafftvptbetbcgcq/Build/Intermediates.noindex/Pods.build/Debug-iphonesimulator/ExpoKeepAwake.build/DerivedSources -Xcc -DPOD_CONFIGURATION_DEBUG\=1 -Xcc -DDEBUG\=1 -Xcc -DCOCOAPODS\=1 -emit-objc-header -emit-objc-header-path /Users/momtajhusen/Library/Developer/Xcode/DerivedData/UnderOneRoof-bvjuhnhcwjrvzafftvptbetbcgcq/Build/Intermediates.noindex/Pods.build/Debug-iphonesimulator/ExpoKeepAwake.build/Objects-normal/arm64/ExpoKeepAwake-Swift.h -working-directory /Users/momtajhusen/Desktop/UnderOneRoof/ios/Pods -no-emit-module-separately-wmo


debug SwiftDriver ExpoImagePicker normal arm64 com.apple.xcode.tools.swift.compiler (in target 'ExpoImagePicker' from project 'Pods')
    cd /Users/momtajhusen/Desktop/UnderOneRoof/ios/Pods
    builtin-SwiftDriver -- /Applications/Xcode.app/Contents/Developer/Toolchains/XcodeDefault.xctoolchain/usr/bin/swiftc -module-name ExpoImagePicker -Onone -whole-module-optimization -enforce-exclusivity\=checked @/Users/momtajhusen/Library/Developer/Xcode/DerivedData/UnderOneRoof-bvjuhnhcwjrvzafftvptbetbcgcq/Build/Intermediates.noindex/Pods.build/Debug-iphonesimulator/ExpoImagePicker.build/Objects-normal/arm64/ExpoImagePicker.SwiftFileList -DDEBUG -D COCOAPODS -Xcc -fmodule-map-file\=/Users/momtajhusen/Library/Developer/Xcode/DerivedData/UnderOneRoof-bvjuhnhcwjrvzafftvptbetbcgcq/Build/Products/Debug-iphonesimulator/ExpoModulesCore/ExpoModulesCore.modulemap -Xcc -fmodule-map-file\=/Users/momtajhusen/Desktop/UnderOneRoof/ios/Pods/Headers/Public/DoubleConversion/DoubleConversion.modulemap -Xcc -fmodule-map-file\=/Users/momtajhusen/Desktop/UnderOneRoof/ios/Pods/Headers/Public/RCTDeprecation/RCTDeprecation.modulemap -Xcc -fmodule-map-file\=/Users/momtajhusen/Desktop/UnderOneRoof/ios/Pods/Headers/Public/RCTFabric/React-RCTFabric.modulemap -Xcc -fmodule-map-file\=/Users/momtajhusen/Desktop/UnderOneRoof/ios/Pods/Headers/Public/RCTTypeSafety/RCTTypeSafety.modulemap -Xcc -fmodule-map-file\=/Users/momtajhusen/Desktop/UnderOneRoof/ios/Pods/Headers/Public/React/React-Core.modulemap -Xcc -fmodule-map-file\=/Users/momtajhusen/Desktop/UnderOneRoof/ios/Pods/Headers/Public/ReactCodegen/ReactCodegen.modulemap -Xcc -fmodule-map-file\=/Users/momtajhusen/Desktop/UnderOneRoof/ios/Pods/Headers/Public/ReactCommon/ReactCommon.modulemap -Xcc -fmodule-map-file\=/Users/momtajhusen/Desktop/UnderOneRoof/ios/Pods/Headers/Public/React_Fabric/React-Fabric.modulemap -Xcc -fmodule-map-file\=/Users/momtajhusen/Desktop/UnderOneRoof/ios/Pods/Headers/Public/React_FabricComponents/React-FabricComponents.modulemap -Xcc -fmodule-map-file\=/Users/momtajhusen/Desktop/UnderOneRoof/ios/Pods/Headers/Public/React_NativeModulesApple/React-NativeModulesApple.modulemap -Xcc -fmodule-map-file\=/Users/momtajhusen/Desktop/UnderOneRoof/ios/Pods/Headers/Public/React_RCTAppDelegate/React-RCTAppDelegate.modulemap -Xcc -fmodule-map-file\=/Users/momtajhusen/Desktop/UnderOneRoof/ios/Pods/Headers/Public/folly/RCT-Folly.modulemap -Xcc -fmodule-map-file\=/Users/momtajhusen/Desktop/UnderOneRoof/ios/Pods/Headers/Public/glog/glog.modulemap -Xcc -fmodule-map-file\=/Users/momtajhusen/Desktop/UnderOneRoof/ios/Pods/Headers/Public/jsi/React-jsi.modulemap -Xcc -fmodule-map-file\=/Users/momtajhusen/Desktop/UnderOneRoof/ios/Pods/Headers/Public/jsinspector_modern/React-jsinspector.modulemap -Xcc -fmodule-map-file\=/Users/momtajhusen/Desktop/UnderOneRoof/ios/Pods/Headers/Public/react_debug/React-debug.modulemap -Xcc -fmodule-map-file\=/Users/momtajhusen/Desktop/UnderOneRoof/ios/Pods/Headers/Public/react_featureflags/React-featureflags.modulemap -Xcc -fmodule-map-file\=/Users/momtajhusen/Desktop/UnderOneRoof/ios/Pods/Headers/Public/react_nativemodule_defaults/React-defaultsnativemodule.modulemap -Xcc -fmodule-map-file\=/Users/momtajhusen/Desktop/UnderOneRoof/ios/Pods/Headers/Public/react_nativemodule_dom/React-domnativemodule.modulemap -Xcc -fmodule-map-file\=/Users/momtajhusen/Desktop/UnderOneRoof/ios/Pods/Headers/Public/react_nativemodule_featureflags/React-featureflagsnativemodule.modulemap -Xcc -fmodule-map-file\=/Users/momtajhusen/Desktop/UnderOneRoof/ios/Pods/Headers/Public/react_nativemodule_idlecallbacks/React-idlecallbacksnativemodule.modulemap -Xcc -fmodule-map-file\=/Users/momtajhusen/Desktop/UnderOneRoof/ios/Pods/Headers/Public/react_nativemodule_microtasks/React-microtasksnativemodule.modulemap -Xcc -fmodule-map-file\=/Users/momtajhusen/Desktop/UnderOneRoof/ios/Pods/Headers/Public/react_renderer_debug/React-rendererdebug.modulemap -Xcc -fmodule-map-file\=/Users/momtajhusen/Desktop/UnderOneRoof/ios/Pods/Headers/Public/react_renderer_graphics/React-graphics.modulemap -Xcc -fmodule-map-file\=/Users/momtajhusen/Desktop/UnderOneRoof/ios/Pods/Headers/Public/react_renderer_imagemanager/React-ImageManager.modulemap -Xcc -fmodule-map-file\=/Users/momtajhusen/Desktop/UnderOneRoof/ios/Pods/Headers/Public/react_utils/React-utils.modulemap -Xcc -fmodule-map-file\=/Users/momtajhusen/Desktop/UnderOneRoof/ios/Pods/Headers/Public/reacthermes/React-hermes.modulemap -Xcc -fmodule-map-file\=/Users/momtajhusen/Desktop/UnderOneRoof/ios/Pods/Headers/Public/yoga/Yoga.modulemap -import-underlying-module -Xcc -fmodule-map-file\=/Users/momtajhusen/Desktop/UnderOneRoof/ios/Pods/Headers/Public/ExpoImagePicker/ExpoImagePicker.modulemap -enable-bare-slash-regex -enable-experimental-feature DebugDescriptionMacro -sdk /Applications/Xcode.app/Contents/Developer/Platforms/iPhoneSimulator.platform/Developer/SDKs/iPhoneSimulator18.5.sdk -target arm64-apple-ios15.1-simulator -g -module-cache-path /Users/momtajhusen/Library/Developer/Xcode/DerivedData/ModuleCache.noindex -Xfrontend -serialize-debugging-options -enable-testing -index-store-path /Users/momtajhusen/Library/Developer/Xcode/DerivedData/UnderOneRoof-bvjuhnhcwjrvzafftvptbetbcgcq/Index.noindex/DataStore -swift-version 5 -I /Users/momtajhusen/Library/Developer/Xcode/DerivedData/UnderOneRoof-bvjuhnhcwjrvzafftvptbetbcgcq/Build/Products/Debug-iphonesimulator/ExpoImagePicker -I /Users/momtajhusen/Library/Developer/Xcode/DerivedData/UnderOneRoof-bvjuhnhcwjrvzafftvptbetbcgcq/Build/Products/Debug-iphonesimulator/ExpoModulesCore -F /Users/momtajhusen/Library/Developer/Xcode/DerivedData/UnderOneRoof-bvjuhnhcwjrvzafftvptbetbcgcq/Build/Products/Debug-iphonesimulator/ExpoImagePicker -F /Users/momtajhusen/Desktop/UnderOneRoof/ios/Pods/hermes-engine/destroot/Library/Frameworks/universal -F /Users/momtajhusen/Library/Developer/Xcode/DerivedData/UnderOneRoof-bvjuhnhcwjrvzafftvptbetbcgcq/Build/Products/Debug-iphonesimulator/XCFrameworkIntermediates/hermes-engine/Pre-built -c -num-threads 10 -Xcc -ivfsstatcache -Xcc /Users/momtajhusen/Library/Developer/Xcode/DerivedData/SDKStatCaches.noindex/iphonesimulator18.5-22F76-d5fc8ad4295d2ef488fb7d0f804ce0c4.sdkstatcache -output-file-map /Users/momtajhusen/Library/Developer/Xcode/DerivedData/UnderOneRoof-bvjuhnhcwjrvzafftvptbetbcgcq/Build/Intermediates.noindex/Pods.build/Debug-iphonesimulator/ExpoImagePicker.build/Objects-normal/arm64/ExpoImagePicker-OutputFileMap.json -use-frontend-parseable-output -save-temps -no-color-diagnostics -serialize-diagnostics -emit-dependencies -emit-module -emit-module-path /Users/momtajhusen/Library/Developer/Xcode/DerivedData/UnderOneRoof-bvjuhnhcwjrvzafftvptbetbcgcq/Build/Intermediates.noindex/Pods.build/Debug-iphonesimulator/ExpoImagePicker.build/Objects-normal/arm64/ExpoImagePicker.swiftmodule -validate-clang-modules-once -clang-build-session-file /Users/momtajhusen/Library/Developer/Xcode/DerivedData/ModuleCache.noindex/Session.modulevalidation -Xcc -I/Users/momtajhusen/Library/Developer/Xcode/DerivedData/UnderOneRoof-bvjuhnhcwjrvzafftvptbetbcgcq/Build/Intermediates.noindex/Pods.build/Debug-iphonesimulator/ExpoImagePicker.build/swift-overrides.hmap -emit-const-values -Xfrontend -const-gather-protocols-file -Xfrontend /Users/momtajhusen/Library/Developer/Xcode/DerivedData/UnderOneRoof-bvjuhnhcwjrvzafftvptbetbcgcq/Build/Intermediates.noindex/Pods.build/Debug-iphonesimulator/ExpoImagePicker.build/Objects-normal/arm64/ExpoImagePicker_const_extract_protocols.json -Xcc -iquote -Xcc /Users/momtajhusen/Library/Developer/Xcode/DerivedData/UnderOneRoof-bvjuhnhcwjrvzafftvptbetbcgcq/Build/Intermediates.noindex/Pods.build/Debug-iphonesimulator/ExpoImagePicker.build/ExpoImagePicker-generated-files.hmap -Xcc -I/Users/momtajhusen/Library/Developer/Xcode/DerivedData/UnderOneRoof-bvjuhnhcwjrvzafftvptbetbcgcq/Build/Intermediates.noindex/Pods.build/Debug-iphonesimulator/ExpoImagePicker.build/ExpoImagePicker-own-target-headers.hmap -Xcc -I/Users/momtajhusen/Library/Developer/Xcode/DerivedData/UnderOneRoof-bvjuhnhcwjrvzafftvptbetbcgcq/Build/Intermediates.noindex/Pods.build/Debug-iphonesimulator/ExpoImagePicker.build/ExpoImagePicker-all-non-framework-target-head
debug ers.hmap -Xcc -ivfsoverlay -Xcc /Users/momtajhusen/Library/Developer/Xcode/DerivedData/UnderOneRoof-bvjuhnhcwjrvzafftvptbetbcgcq/Build/Intermediates.noindex/Pods.build/Debug-iphonesimulator/Pods-8699adb1dd336b26511df848a716bd42-VFS-iphonesimulator/all-product-headers.yaml -Xcc -iquote -Xcc /Users/momtajhusen/Library/Developer/Xcode/DerivedData/UnderOneRoof-bvjuhnhcwjrvzafftvptbetbcgcq/Build/Intermediates.noindex/Pods.build/Debug-iphonesimulator/ExpoImagePicker.build/ExpoImagePicker-project-headers.hmap -Xcc -I/Users/momtajhusen/Library/Developer/Xcode/DerivedData/UnderOneRoof-bvjuhnhcwjrvzafftvptbetbcgcq/Build/Products/Debug-iphonesimulator/ExpoImagePicker/include -Xcc -I/Users/momtajhusen/Desktop/UnderOneRoof/ios/Pods/Headers/Public -Xcc -I/Users/momtajhusen/Desktop/UnderOneRoof/ios/Pods/Headers/Public/DoubleConversion -Xcc -I/Users/momtajhusen/Desktop/UnderOneRoof/ios/Pods/Headers/Public/ExpoModulesCore -Xcc -I/Users/momtajhusen/Desktop/UnderOneRoof/ios/Pods/Headers/Public/FBLazyVector -Xcc -I/Users/momtajhusen/Desktop/UnderOneRoof/ios/Pods/Headers/Public/RCT-Folly -Xcc -I/Users/momtajhusen/Desktop/UnderOneRoof/ios/Pods/Headers/Public/RCTRequired -Xcc -I/Users/momtajhusen/Desktop/UnderOneRoof/ios/Pods/Headers/Public/RCTTypeSafety -Xcc -I/Users/momtajhusen/Desktop/UnderOneRoof/ios/Pods/Headers/Public/React-Core -Xcc -I/Users/momtajhusen/Desktop/UnderOneRoof/ios/Pods/Headers/Public/React-Fabric -Xcc -I/Users/momtajhusen/Desktop/UnderOneRoof/ios/Pods/Headers/Public/React-FabricComponents -Xcc -I/Users/momtajhusen/Desktop/UnderOneRoof/ios/Pods/Headers/Public/React-FabricImage -Xcc -I/Users/momtajhusen/Desktop/UnderOneRoof/ios/Pods/Headers/Public/React-ImageManager -Xcc -I/Users/momtajhusen/Desktop/UnderOneRoof/ios/Pods/Headers/Public/React-Mapbuffer -Xcc -I/Users/momtajhusen/Desktop/UnderOneRoof/ios/Pods/Headers/Public/React-NativeModulesApple -Xcc -I/Users/momtajhusen/Desktop/UnderOneRoof/ios/Pods/Headers/Public/React-RCTBlob -Xcc -I/Users/momtajhusen/Desktop/UnderOneRoof/ios/Pods/Headers/Public/React-RCTFabric -Xcc -I/Users/momtajhusen/Desktop/UnderOneRoof/ios/Pods/Headers/Public/React-RCTText -Xcc -I/Users/momtajhusen/Desktop/UnderOneRoof/ios/Pods/Headers/Public/React-RuntimeApple -Xcc -I/Users/momtajhusen/Desktop/UnderOneRoof/ios/Pods/Headers/Public/React-RuntimeCore -Xcc -I/Users/momtajhusen/Desktop/UnderOneRoof/ios/Pods/Headers/Public/React-RuntimeHermes -Xcc -I/Users/momtajhusen/Desktop/UnderOneRoof/ios/Pods/Headers/Public/React-callinvoker -Xcc -I/Users/momtajhusen/Desktop/UnderOneRoof/ios/Pods/Headers/Public/React-cxxreact -Xcc -I/Users/momtajhusen/Desktop/UnderOneRoof/ios/Pods/Headers/Public/React-debug -Xcc -I/Users/momtajhusen/Desktop/UnderOneRoof/ios/Pods/Headers/Public/React-defaultsnativemodule -Xcc -I/Users/momtajhusen/Desktop/UnderOneRoof/ios/Pods/Headers/Public/React-domnativemodule -Xcc -I/Users/momtajhusen/Desktop/UnderOneRoof/ios/Pods/Headers/Public/React-featureflags -Xcc -I/Users/momtajhusen/Desktop/UnderOneRoof/ios/Pods/Headers/Public/React-featureflagsnativemodule -Xcc -I/Users/momtajhusen/Desktop/UnderOneRoof/ios/Pods/Headers/Public/React-graphics -Xcc -I/Users/momtajhusen/Desktop/UnderOneRoof/ios/Pods/Headers/Public/React-hermes -Xcc -I/Users/momtajhusen/Desktop/UnderOneRoof/ios/Pods/Headers/Public/React-idlecallbacksnativemodule -Xcc -I/Users/momtajhusen/Desktop/UnderOneRoof/ios/Pods/Headers/Public/React-jserrorhandler -Xcc -I/Users/momtajhusen/Desktop/UnderOneRoof/ios/Pods/Headers/Public/React-jsi -Xcc -I/Users/momtajhusen/Desktop/UnderOneRoof/ios/Pods/Headers/Public/React-jsiexecutor -Xcc -I/Users/momtajhusen/Desktop/UnderOneRoof/ios/Pods/Headers/Public/React-jsinspector -Xcc -I/Users/momtajhusen/Desktop/UnderOneRoof/ios/Pods/Headers/Public/React-logger -Xcc -I/Users/momtajhusen/Desktop/UnderOneRoof/ios/Pods/Headers/Public/React-microtasksnativemodule -Xcc -I/Users/momtajhusen/Desktop/UnderOneRoof/ios/Pods/Headers/Public/React-nativeconfig -Xcc -I/Users/momtajhusen/Desktop/UnderOneRoof/ios/Pods/Headers/Public/React-perflogger -Xcc -I/Users/momtajhusen/Desktop/UnderOneRoof/ios/Pods/Headers/Public/React-performancetimeline -Xcc -I/Users/momtajhusen/Desktop/UnderOneRoof/ios/Pods/Headers/Public/React-rendererconsistency -Xcc -I/Users/momtajhusen/Desktop/UnderOneRoof/ios/Pods/Headers/Public/React-rendererdebug -Xcc -I/Users/momtajhusen/Desktop/UnderOneRoof/ios/Pods/Headers/Public/React-runtimeexecutor -Xcc -I/Users/momtajhusen/Desktop/UnderOneRoof/ios/Pods/Headers/Public/React-runtimescheduler -Xcc -I/Users/momtajhusen/Desktop/UnderOneRoof/ios/Pods/Headers/Public/React-timing -Xcc -I/Users/momtajhusen/Desktop/UnderOneRoof/ios/Pods/Headers/Public/React-utils -Xcc -I/Users/momtajhusen/Desktop/UnderOneRoof/ios/Pods/Headers/Public/ReactCodegen -Xcc -I/Users/momtajhusen/Desktop/UnderOneRoof/ios/Pods/Headers/Public/ReactCommon -Xcc -I/Users/momtajhusen/Desktop/UnderOneRoof/ios/Pods/Headers/Public/Yoga -Xcc -I/Users/momtajhusen/Desktop/UnderOneRoof/ios/Pods/Headers/Public/boost -Xcc -I/Users/momtajhusen/Desktop/UnderOneRoof/ios/Pods/Headers/Public/fast_float -Xcc -I/Users/momtajhusen/Desktop/UnderOneRoof/ios/Pods/Headers/Public/fmt -Xcc -I/Users/momtajhusen/Desktop/UnderOneRoof/ios/Pods/Headers/Public/glog -Xcc -I/Users/momtajhusen/Desktop/UnderOneRoof/ios/Pods/Headers/Public/hermes-engine -Xcc -I/Users/momtajhusen/Library/Developer/Xcode/DerivedData/UnderOneRoof-bvjuhnhcwjrvzafftvptbetbcgcq/Build/Intermediates.noindex/Pods.build/Debug-iphonesimulator/ExpoImagePicker.build/DerivedSources-normal/arm64 -Xcc -I/Users/momtajhusen/Library/Developer/Xcode/DerivedData/UnderOneRoof-bvjuhnhcwjrvzafftvptbetbcgcq/Build/Intermediates.noindex/Pods.build/Debug-iphonesimulator/ExpoImagePicker.build/DerivedSources/arm64 -Xcc -I/Users/momtajhusen/Library/Developer/Xcode/DerivedData/UnderOneRoof-bvjuhnhcwjrvzafftvptbetbcgcq/Build/Intermediates.noindex/Pods.build/Debug-iphonesimulator/ExpoImagePicker.build/DerivedSources -Xcc -DPOD_CONFIGURATION_DEBUG\=1 -Xcc -DDEBUG\=1 -Xcc -DCOCOAPODS\=1 -emit-objc-header -emit-objc-header-path /Users/momtajhusen/Library/Developer/Xcode/DerivedData/UnderOneRoof-bvjuhnhcwjrvzafftvptbetbcgcq/Build/Intermediates.noindex/Pods.build/Debug-iphonesimulator/ExpoImagePicker.build/Objects-normal/arm64/ExpoImagePicker-Swift.h -working-directory /Users/momtajhusen/Desktop/UnderOneRoof/ios/Pods -no-emit-module-separately-wmo


debug SwiftDriver ExpoFont normal arm64 com.apple.xcode.tools.swift.compiler (in target 'ExpoFont' from project 'Pods')
    cd /Users/momtajhusen/Desktop/UnderOneRoof/ios/Pods
    builtin-SwiftDriver -- /Applications/Xcode.app/Contents/Developer/Toolchains/XcodeDefault.xctoolchain/usr/bin/swiftc -module-name ExpoFont -Onone -enforce-exclusivity\=checked @/Users/momtajhusen/Library/Developer/Xcode/DerivedData/UnderOneRoof-bvjuhnhcwjrvzafftvptbetbcgcq/Build/Intermediates.noindex/Pods.build/Debug-iphonesimulator/ExpoFont.build/Objects-normal/arm64/ExpoFont.SwiftFileList -DDEBUG -D COCOAPODS -Xcc -fmodule-map-file\=/Users/momtajhusen/Library/Developer/Xcode/DerivedData/UnderOneRoof-bvjuhnhcwjrvzafftvptbetbcgcq/Build/Products/Debug-iphonesimulator/ExpoModulesCore/ExpoModulesCore.modulemap -Xcc -fmodule-map-file\=/Users/momtajhusen/Desktop/UnderOneRoof/ios/Pods/Headers/Public/DoubleConversion/DoubleConversion.modulemap -Xcc -fmodule-map-file\=/Users/momtajhusen/Desktop/UnderOneRoof/ios/Pods/Headers/Public/RCTDeprecation/RCTDeprecation.modulemap -Xcc -fmodule-map-file\=/Users/momtajhusen/Desktop/UnderOneRoof/ios/Pods/Headers/Public/RCTFabric/React-RCTFabric.modulemap -Xcc -fmodule-map-file\=/Users/momtajhusen/Desktop/UnderOneRoof/ios/Pods/Headers/Public/RCTTypeSafety/RCTTypeSafety.modulemap -Xcc -fmodule-map-file\=/Users/momtajhusen/Desktop/UnderOneRoof/ios/Pods/Headers/Public/React/React-Core.modulemap -Xcc -fmodule-map-file\=/Users/momtajhusen/Desktop/UnderOneRoof/ios/Pods/Headers/Public/ReactCodegen/ReactCodegen.modulemap -Xcc -fmodule-map-file\=/Users/momtajhusen/Desktop/UnderOneRoof/ios/Pods/Headers/Public/ReactCommon/ReactCommon.modulemap -Xcc -fmodule-map-file\=/Users/momtajhusen/Desktop/UnderOneRoof/ios/Pods/Headers/Public/React_Fabric/React-Fabric.modulemap -Xcc -fmodule-map-file\=/Users/momtajhusen/Desktop/UnderOneRoof/ios/Pods/Headers/Public/React_FabricComponents/React-FabricComponents.modulemap -Xcc -fmodule-map-file\=/Users/momtajhusen/Desktop/UnderOneRoof/ios/Pods/Headers/Public/React_NativeModulesApple/React-NativeModulesApple.modulemap -Xcc -fmodule-map-file\=/Users/momtajhusen/Desktop/UnderOneRoof/ios/Pods/Headers/Public/React_RCTAppDelegate/React-RCTAppDelegate.modulemap -Xcc -fmodule-map-file\=/Users/momtajhusen/Desktop/UnderOneRoof/ios/Pods/Headers/Public/folly/RCT-Folly.modulemap -Xcc -fmodule-map-file\=/Users/momtajhusen/Desktop/UnderOneRoof/ios/Pods/Headers/Public/glog/glog.modulemap -Xcc -fmodule-map-file\=/Users/momtajhusen/Desktop/UnderOneRoof/ios/Pods/Headers/Public/jsi/React-jsi.modulemap -Xcc -fmodule-map-file\=/Users/momtajhusen/Desktop/UnderOneRoof/ios/Pods/Headers/Public/jsinspector_modern/React-jsinspector.modulemap -Xcc -fmodule-map-file\=/Users/momtajhusen/Desktop/UnderOneRoof/ios/Pods/Headers/Public/react_debug/React-debug.modulemap -Xcc -fmodule-map-file\=/Users/momtajhusen/Desktop/UnderOneRoof/ios/Pods/Headers/Public/react_featureflags/React-featureflags.modulemap -Xcc -fmodule-map-file\=/Users/momtajhusen/Desktop/UnderOneRoof/ios/Pods/Headers/Public/react_nativemodule_defaults/React-defaultsnativemodule.modulemap -Xcc -fmodule-map-file\=/Users/momtajhusen/Desktop/UnderOneRoof/ios/Pods/Headers/Public/react_nativemodule_dom/React-domnativemodule.modulemap -Xcc -fmodule-map-file\=/Users/momtajhusen/Desktop/UnderOneRoof/ios/Pods/Headers/Public/react_nativemodule_featureflags/React-featureflagsnativemodule.modulemap -Xcc -fmodule-map-file\=/Users/momtajhusen/Desktop/UnderOneRoof/ios/Pods/Headers/Public/react_nativemodule_idlecallbacks/React-idlecallbacksnativemodule.modulemap -Xcc -fmodule-map-file\=/Users/momtajhusen/Desktop/UnderOneRoof/ios/Pods/Headers/Public/react_nativemodule_microtasks/React-microtasksnativemodule.modulemap -Xcc -fmodule-map-file\=/Users/momtajhusen/Desktop/UnderOneRoof/ios/Pods/Headers/Public/react_renderer_debug/React-rendererdebug.modulemap -Xcc -fmodule-map-file\=/Users/momtajhusen/Desktop/UnderOneRoof/ios/Pods/Headers/Public/react_renderer_graphics/React-graphics.modulemap -Xcc -fmodule-map-file\=/Users/momtajhusen/Desktop/UnderOneRoof/ios/Pods/Headers/Public/react_renderer_imagemanager/React-ImageManager.modulemap -Xcc -fmodule-map-file\=/Users/momtajhusen/Desktop/UnderOneRoof/ios/Pods/Headers/Public/react_utils/React-utils.modulemap -Xcc -fmodule-map-file\=/Users/momtajhusen/Desktop/UnderOneRoof/ios/Pods/Headers/Public/reacthermes/React-hermes.modulemap -Xcc -fmodule-map-file\=/Users/momtajhusen/Desktop/UnderOneRoof/ios/Pods/Headers/Public/yoga/Yoga.modulemap -import-underlying-module -Xcc -fmodule-map-file\=/Users/momtajhusen/Desktop/UnderOneRoof/ios/Pods/Headers/Public/ExpoFont/ExpoFont.modulemap -enable-bare-slash-regex -enable-experimental-feature DebugDescriptionMacro -sdk /Applications/Xcode.app/Contents/Developer/Platforms/iPhoneSimulator.platform/Developer/SDKs/iPhoneSimulator18.5.sdk -target arm64-apple-ios15.1-simulator -g -module-cache-path /Users/momtajhusen/Library/Developer/Xcode/DerivedData/ModuleCache.noindex -Xfrontend -serialize-debugging-options -enable-testing -index-store-path /Users/momtajhusen/Library/Developer/Xcode/DerivedData/UnderOneRoof-bvjuhnhcwjrvzafftvptbetbcgcq/Index.noindex/DataStore -swift-version 5 -I /Users/momtajhusen/Library/Developer/Xcode/DerivedData/UnderOneRoof-bvjuhnhcwjrvzafftvptbetbcgcq/Build/Products/Debug-iphonesimulator/ExpoFont -I /Users/momtajhusen/Library/Developer/Xcode/DerivedData/UnderOneRoof-bvjuhnhcwjrvzafftvptbetbcgcq/Build/Products/Debug-iphonesimulator/ExpoModulesCore -F /Users/momtajhusen/Library/Developer/Xcode/DerivedData/UnderOneRoof-bvjuhnhcwjrvzafftvptbetbcgcq/Build/Products/Debug-iphonesimulator/ExpoFont -F /Users/momtajhusen/Desktop/UnderOneRoof/ios/Pods/hermes-engine/destroot/Library/Frameworks/universal -F /Users/momtajhusen/Library/Developer/Xcode/DerivedData/UnderOneRoof-bvjuhnhcwjrvzafftvptbetbcgcq/Build/Products/Debug-iphonesimulator/XCFrameworkIntermediates/hermes-engine/Pre-built -c -j10 -enable-batch-mode -incremental -Xcc -ivfsstatcache -Xcc /Users/momtajhusen/Library/Developer/Xcode/DerivedData/SDKStatCaches.noindex/iphonesimulator18.5-22F76-d5fc8ad4295d2ef488fb7d0f804ce0c4.sdkstatcache -output-file-map /Users/momtajhusen/Library/Developer/Xcode/DerivedData/UnderOneRoof-bvjuhnhcwjrvzafftvptbetbcgcq/Build/Intermediates.noindex/Pods.build/Debug-iphonesimulator/ExpoFont.build/Objects-normal/arm64/ExpoFont-OutputFileMap.json -use-frontend-parseable-output -save-temps -no-color-diagnostics -serialize-diagnostics -emit-dependencies -emit-module -emit-module-path /Users/momtajhusen/Library/Developer/Xcode/DerivedData/UnderOneRoof-bvjuhnhcwjrvzafftvptbetbcgcq/Build/Intermediates.noindex/Pods.build/Debug-iphonesimulator/ExpoFont.build/Objects-normal/arm64/ExpoFont.swiftmodule -validate-clang-modules-once -clang-build-session-file /Users/momtajhusen/Library/Developer/Xcode/DerivedData/ModuleCache.noindex/Session.modulevalidation -Xcc -I/Users/momtajhusen/Library/Developer/Xcode/DerivedData/UnderOneRoof-bvjuhnhcwjrvzafftvptbetbcgcq/Build/Intermediates.noindex/Pods.build/Debug-iphonesimulator/ExpoFont.build/swift-overrides.hmap -emit-const-values -Xfrontend -const-gather-protocols-file -Xfrontend /Users/momtajhusen/Library/Developer/Xcode/DerivedData/UnderOneRoof-bvjuhnhcwjrvzafftvptbetbcgcq/Build/Intermediates.noindex/Pods.build/Debug-iphonesimulator/ExpoFont.build/Objects-normal/arm64/ExpoFont_const_extract_protocols.json -Xcc -iquote -Xcc /Users/momtajhusen/Library/Developer/Xcode/DerivedData/UnderOneRoof-bvjuhnhcwjrvzafftvptbetbcgcq/Build/Intermediates.noindex/Pods.build/Debug-iphonesimulator/ExpoFont.build/ExpoFont-generated-files.hmap -Xcc -I/Users/momtajhusen/Library/Developer/Xcode/DerivedData/UnderOneRoof-bvjuhnhcwjrvzafftvptbetbcgcq/Build/Intermediates.noindex/Pods.build/Debug-iphonesimulator/ExpoFont.build/ExpoFont-own-target-headers.hmap -Xcc -I/Users/momtajhusen/Library/Developer/Xcode/DerivedData/UnderOneRoof-bvjuhnhcwjrvzafftvptbetbcgcq/Build/Intermediates.noindex/Pods.build/Debug-iphonesimulator/ExpoFont.build/ExpoFont-all-non-framework-target-headers.hmap -Xcc -ivfsoverlay -Xcc /Users/momtajhusen/Library/Developer/Xcode/DerivedData/UnderOneRoof-bvjuhnhcwjrvzafftvptbetbcgcq/Build/Intermediates.noindex/Pod
debug s.build/Debug-iphonesimulator/Pods-8699adb1dd336b26511df848a716bd42-VFS-iphonesimulator/all-product-headers.yaml -Xcc -iquote -Xcc /Users/momtajhusen/Library/Developer/Xcode/DerivedData/UnderOneRoof-bvjuhnhcwjrvzafftvptbetbcgcq/Build/Intermediates.noindex/Pods.build/Debug-iphonesimulator/ExpoFont.build/ExpoFont-project-headers.hmap -Xcc -I/Users/momtajhusen/Library/Developer/Xcode/DerivedData/UnderOneRoof-bvjuhnhcwjrvzafftvptbetbcgcq/Build/Products/Debug-iphonesimulator/ExpoFont/include -Xcc -I/Users/momtajhusen/Desktop/UnderOneRoof/ios/Pods/Headers/Public -Xcc -I/Users/momtajhusen/Desktop/UnderOneRoof/ios/Pods/Headers/Public/DoubleConversion -Xcc -I/Users/momtajhusen/Desktop/UnderOneRoof/ios/Pods/Headers/Public/ExpoModulesCore -Xcc -I/Users/momtajhusen/Desktop/UnderOneRoof/ios/Pods/Headers/Public/FBLazyVector -Xcc -I/Users/momtajhusen/Desktop/UnderOneRoof/ios/Pods/Headers/Public/RCT-Folly -Xcc -I/Users/momtajhusen/Desktop/UnderOneRoof/ios/Pods/Headers/Public/RCTRequired -Xcc -I/Users/momtajhusen/Desktop/UnderOneRoof/ios/Pods/Headers/Public/RCTTypeSafety -Xcc -I/Users/momtajhusen/Desktop/UnderOneRoof/ios/Pods/Headers/Public/React-Core -Xcc -I/Users/momtajhusen/Desktop/UnderOneRoof/ios/Pods/Headers/Public/React-Fabric -Xcc -I/Users/momtajhusen/Desktop/UnderOneRoof/ios/Pods/Headers/Public/React-FabricComponents -Xcc -I/Users/momtajhusen/Desktop/UnderOneRoof/ios/Pods/Headers/Public/React-FabricImage -Xcc -I/Users/momtajhusen/Desktop/UnderOneRoof/ios/Pods/Headers/Public/React-ImageManager -Xcc -I/Users/momtajhusen/Desktop/UnderOneRoof/ios/Pods/Headers/Public/React-Mapbuffer -Xcc -I/Users/momtajhusen/Desktop/UnderOneRoof/ios/Pods/Headers/Public/React-NativeModulesApple -Xcc -I/Users/momtajhusen/Desktop/UnderOneRoof/ios/Pods/Headers/Public/React-RCTBlob -Xcc -I/Users/momtajhusen/Desktop/UnderOneRoof/ios/Pods/Headers/Public/React-RCTFabric -Xcc -I/Users/momtajhusen/Desktop/UnderOneRoof/ios/Pods/Headers/Public/React-RCTText -Xcc -I/Users/momtajhusen/Desktop/UnderOneRoof/ios/Pods/Headers/Public/React-RuntimeApple -Xcc -I/Users/momtajhusen/Desktop/UnderOneRoof/ios/Pods/Headers/Public/React-RuntimeCore -Xcc -I/Users/momtajhusen/Desktop/UnderOneRoof/ios/Pods/Headers/Public/React-RuntimeHermes -Xcc -I/Users/momtajhusen/Desktop/UnderOneRoof/ios/Pods/Headers/Public/React-callinvoker -Xcc -I/Users/momtajhusen/Desktop/UnderOneRoof/ios/Pods/Headers/Public/React-cxxreact -Xcc -I/Users/momtajhusen/Desktop/UnderOneRoof/ios/Pods/Headers/Public/React-debug -Xcc -I/Users/momtajhusen/Desktop/UnderOneRoof/ios/Pods/Headers/Public/React-defaultsnativemodule -Xcc -I/Users/momtajhusen/Desktop/UnderOneRoof/ios/Pods/Headers/Public/React-domnativemodule -Xcc -I/Users/momtajhusen/Desktop/UnderOneRoof/ios/Pods/Headers/Public/React-featureflags -Xcc -I/Users/momtajhusen/Desktop/UnderOneRoof/ios/Pods/Headers/Public/React-featureflagsnativemodule -Xcc -I/Users/momtajhusen/Desktop/UnderOneRoof/ios/Pods/Headers/Public/React-graphics -Xcc -I/Users/momtajhusen/Desktop/UnderOneRoof/ios/Pods/Headers/Public/React-hermes -Xcc -I/Users/momtajhusen/Desktop/UnderOneRoof/ios/Pods/Headers/Public/React-idlecallbacksnativemodule -Xcc -I/Users/momtajhusen/Desktop/UnderOneRoof/ios/Pods/Headers/Public/React-jserrorhandler -Xcc -I/Users/momtajhusen/Desktop/UnderOneRoof/ios/Pods/Headers/Public/React-jsi -Xcc -I/Users/momtajhusen/Desktop/UnderOneRoof/ios/Pods/Headers/Public/React-jsiexecutor -Xcc -I/Users/momtajhusen/Desktop/UnderOneRoof/ios/Pods/Headers/Public/React-jsinspector -Xcc -I/Users/momtajhusen/Desktop/UnderOneRoof/ios/Pods/Headers/Public/React-logger -Xcc -I/Users/momtajhusen/Desktop/UnderOneRoof/ios/Pods/Headers/Public/React-microtasksnativemodule -Xcc -I/Users/momtajhusen/Desktop/UnderOneRoof/ios/Pods/Headers/Public/React-nativeconfig -Xcc -I/Users/momtajhusen/Desktop/UnderOneRoof/ios/Pods/Headers/Public/React-perflogger -Xcc -I/Users/momtajhusen/Desktop/UnderOneRoof/ios/Pods/Headers/Public/React-performancetimeline -Xcc -I/Users/momtajhusen/Desktop/UnderOneRoof/ios/Pods/Headers/Public/React-rendererconsistency -Xcc -I/Users/momtajhusen/Desktop/UnderOneRoof/ios/Pods/Headers/Public/React-rendererdebug -Xcc -I/Users/momtajhusen/Desktop/UnderOneRoof/ios/Pods/Headers/Public/React-runtimeexecutor -Xcc -I/Users/momtajhusen/Desktop/UnderOneRoof/ios/Pods/Headers/Public/React-runtimescheduler -Xcc -I/Users/momtajhusen/Desktop/UnderOneRoof/ios/Pods/Headers/Public/React-timing -Xcc -I/Users/momtajhusen/Desktop/UnderOneRoof/ios/Pods/Headers/Public/React-utils -Xcc -I/Users/momtajhusen/Desktop/UnderOneRoof/ios/Pods/Headers/Public/ReactCodegen -Xcc -I/Users/momtajhusen/Desktop/UnderOneRoof/ios/Pods/Headers/Public/ReactCommon -Xcc -I/Users/momtajhusen/Desktop/UnderOneRoof/ios/Pods/Headers/Public/Yoga -Xcc -I/Users/momtajhusen/Desktop/UnderOneRoof/ios/Pods/Headers/Public/boost -Xcc -I/Users/momtajhusen/Desktop/UnderOneRoof/ios/Pods/Headers/Public/fast_float -Xcc -I/Users/momtajhusen/Desktop/UnderOneRoof/ios/Pods/Headers/Public/fmt -Xcc -I/Users/momtajhusen/Desktop/UnderOneRoof/ios/Pods/Headers/Public/glog -Xcc -I/Users/momtajhusen/Desktop/UnderOneRoof/ios/Pods/Headers/Public/hermes-engine -Xcc -I/Users/momtajhusen/Library/Developer/Xcode/DerivedData/UnderOneRoof-bvjuhnhcwjrvzafftvptbetbcgcq/Build/Intermediates.noindex/Pods.build/Debug-iphonesimulator/ExpoFont.build/DerivedSources-normal/arm64 -Xcc -I/Users/momtajhusen/Library/Developer/Xcode/DerivedData/UnderOneRoof-bvjuhnhcwjrvzafftvptbetbcgcq/Build/Intermediates.noindex/Pods.build/Debug-iphonesimulator/ExpoFont.build/DerivedSources/arm64 -Xcc -I/Users/momtajhusen/Library/Developer/Xcode/DerivedData/UnderOneRoof-bvjuhnhcwjrvzafftvptbetbcgcq/Build/Intermediates.noindex/Pods.build/Debug-iphonesimulator/ExpoFont.build/DerivedSources -Xcc -DPOD_CONFIGURATION_DEBUG\=1 -Xcc -DDEBUG\=1 -Xcc -DCOCOAPODS\=1 -emit-objc-header -emit-objc-header-path /Users/momtajhusen/Library/Developer/Xcode/DerivedData/UnderOneRoof-bvjuhnhcwjrvzafftvptbetbcgcq/Build/Intermediates.noindex/Pods.build/Debug-iphonesimulator/ExpoFont.build/Objects-normal/arm64/ExpoFont-Swift.h -working-directory /Users/momtajhusen/Desktop/UnderOneRoof/ios/Pods -experimental-emit-module-separately -disable-cmo


debug SwiftDriver ExpoFileSystem normal arm64 com.apple.xcode.tools.swift.compiler (in target 'ExpoFileSystem' from project 'Pods')
    cd /Users/momtajhusen/Desktop/UnderOneRoof/ios/Pods
    builtin-SwiftDriver -- /Applications/Xcode.app/Contents/Developer/Toolchains/XcodeDefault.xctoolchain/usr/bin/swiftc -module-name ExpoFileSystem -Onone -enforce-exclusivity\=checked @/Users/momtajhusen/Library/Developer/Xcode/DerivedData/UnderOneRoof-bvjuhnhcwjrvzafftvptbetbcgcq/Build/Intermediates.noindex/Pods.build/Debug-iphonesimulator/ExpoFileSystem.build/Objects-normal/arm64/ExpoFileSystem.SwiftFileList -DDEBUG -D COCOAPODS -Xcc -fmodule-map-file\=/Users/momtajhusen/Library/Developer/Xcode/DerivedData/UnderOneRoof-bvjuhnhcwjrvzafftvptbetbcgcq/Build/Products/Debug-iphonesimulator/ExpoModulesCore/ExpoModulesCore.modulemap -Xcc -fmodule-map-file\=/Users/momtajhusen/Desktop/UnderOneRoof/ios/Pods/Headers/Public/DoubleConversion/DoubleConversion.modulemap -Xcc -fmodule-map-file\=/Users/momtajhusen/Desktop/UnderOneRoof/ios/Pods/Headers/Public/RCTDeprecation/RCTDeprecation.modulemap -Xcc -fmodule-map-file\=/Users/momtajhusen/Desktop/UnderOneRoof/ios/Pods/Headers/Public/RCTFabric/React-RCTFabric.modulemap -Xcc -fmodule-map-file\=/Users/momtajhusen/Desktop/UnderOneRoof/ios/Pods/Headers/Public/RCTTypeSafety/RCTTypeSafety.modulemap -Xcc -fmodule-map-file\=/Users/momtajhusen/Desktop/UnderOneRoof/ios/Pods/Headers/Public/React/React-Core.modulemap -Xcc -fmodule-map-file\=/Users/momtajhusen/Desktop/UnderOneRoof/ios/Pods/Headers/Public/ReactCodegen/ReactCodegen.modulemap -Xcc -fmodule-map-file\=/Users/momtajhusen/Desktop/UnderOneRoof/ios/Pods/Headers/Public/ReactCommon/ReactCommon.modulemap -Xcc -fmodule-map-file\=/Users/momtajhusen/Desktop/UnderOneRoof/ios/Pods/Headers/Public/React_Fabric/React-Fabric.modulemap -Xcc -fmodule-map-file\=/Users/momtajhusen/Desktop/UnderOneRoof/ios/Pods/Headers/Public/React_FabricComponents/React-FabricComponents.modulemap -Xcc -fmodule-map-file\=/Users/momtajhusen/Desktop/UnderOneRoof/ios/Pods/Headers/Public/React_NativeModulesApple/React-NativeModulesApple.modulemap -Xcc -fmodule-map-file\=/Users/momtajhusen/Desktop/UnderOneRoof/ios/Pods/Headers/Public/React_RCTAppDelegate/React-RCTAppDelegate.modulemap -Xcc -fmodule-map-file\=/Users/momtajhusen/Desktop/UnderOneRoof/ios/Pods/Headers/Public/folly/RCT-Folly.modulemap -Xcc -fmodule-map-file\=/Users/momtajhusen/Desktop/UnderOneRoof/ios/Pods/Headers/Public/glog/glog.modulemap -Xcc -fmodule-map-file\=/Users/momtajhusen/Desktop/UnderOneRoof/ios/Pods/Headers/Public/jsi/React-jsi.modulemap -Xcc -fmodule-map-file\=/Users/momtajhusen/Desktop/UnderOneRoof/ios/Pods/Headers/Public/jsinspector_modern/React-jsinspector.modulemap -Xcc -fmodule-map-file\=/Users/momtajhusen/Desktop/UnderOneRoof/ios/Pods/Headers/Public/react_debug/React-debug.modulemap -Xcc -fmodule-map-file\=/Users/momtajhusen/Desktop/UnderOneRoof/ios/Pods/Headers/Public/react_featureflags/React-featureflags.modulemap -Xcc -fmodule-map-file\=/Users/momtajhusen/Desktop/UnderOneRoof/ios/Pods/Headers/Public/react_nativemodule_defaults/React-defaultsnativemodule.modulemap -Xcc -fmodule-map-file\=/Users/momtajhusen/Desktop/UnderOneRoof/ios/Pods/Headers/Public/react_nativemodule_dom/React-domnativemodule.modulemap -Xcc -fmodule-map-file\=/Users/momtajhusen/Desktop/UnderOneRoof/ios/Pods/Headers/Public/react_nativemodule_featureflags/React-featureflagsnativemodule.modulemap -Xcc -fmodule-map-file\=/Users/momtajhusen/Desktop/UnderOneRoof/ios/Pods/Headers/Public/react_nativemodule_idlecallbacks/React-idlecallbacksnativemodule.modulemap -Xcc -fmodule-map-file\=/Users/momtajhusen/Desktop/UnderOneRoof/ios/Pods/Headers/Public/react_nativemodule_microtasks/React-microtasksnativemodule.modulemap -Xcc -fmodule-map-file\=/Users/momtajhusen/Desktop/UnderOneRoof/ios/Pods/Headers/Public/react_renderer_debug/React-rendererdebug.modulemap -Xcc -fmodule-map-file\=/Users/momtajhusen/Desktop/UnderOneRoof/ios/Pods/Headers/Public/react_renderer_graphics/React-graphics.modulemap -Xcc -fmodule-map-file\=/Users/momtajhusen/Desktop/UnderOneRoof/ios/Pods/Headers/Public/react_renderer_imagemanager/React-ImageManager.modulemap -Xcc -fmodule-map-file\=/Users/momtajhusen/Desktop/UnderOneRoof/ios/Pods/Headers/Public/react_utils/React-utils.modulemap -Xcc -fmodule-map-file\=/Users/momtajhusen/Desktop/UnderOneRoof/ios/Pods/Headers/Public/reacthermes/React-hermes.modulemap -Xcc -fmodule-map-file\=/Users/momtajhusen/Desktop/UnderOneRoof/ios/Pods/Headers/Public/yoga/Yoga.modulemap -import-underlying-module -Xcc -fmodule-map-file\=/Users/momtajhusen/Desktop/UnderOneRoof/ios/Pods/Headers/Public/ExpoFileSystem/ExpoFileSystem.modulemap -enable-bare-slash-regex -enable-experimental-feature DebugDescriptionMacro -sdk /Applications/Xcode.app/Contents/Developer/Platforms/iPhoneSimulator.platform/Developer/SDKs/iPhoneSimulator18.5.sdk -target arm64-apple-ios15.1-simulator -g -module-cache-path /Users/momtajhusen/Library/Developer/Xcode/DerivedData/ModuleCache.noindex -Xfrontend -serialize-debugging-options -enable-testing -index-store-path /Users/momtajhusen/Library/Developer/Xcode/DerivedData/UnderOneRoof-bvjuhnhcwjrvzafftvptbetbcgcq/Index.noindex/DataStore -swift-version 5 -I /Users/momtajhusen/Library/Developer/Xcode/DerivedData/UnderOneRoof-bvjuhnhcwjrvzafftvptbetbcgcq/Build/Products/Debug-iphonesimulator/ExpoFileSystem -I /Users/momtajhusen/Library/Developer/Xcode/DerivedData/UnderOneRoof-bvjuhnhcwjrvzafftvptbetbcgcq/Build/Products/Debug-iphonesimulator/ExpoModulesCore -F /Users/momtajhusen/Library/Developer/Xcode/DerivedData/UnderOneRoof-bvjuhnhcwjrvzafftvptbetbcgcq/Build/Products/Debug-iphonesimulator/ExpoFileSystem -F /Users/momtajhusen/Desktop/UnderOneRoof/ios/Pods/hermes-engine/destroot/Library/Frameworks/universal -F /Users/momtajhusen/Library/Developer/Xcode/DerivedData/UnderOneRoof-bvjuhnhcwjrvzafftvptbetbcgcq/Build/Products/Debug-iphonesimulator/XCFrameworkIntermediates/hermes-engine/Pre-built -c -j10 -enable-batch-mode -incremental -Xcc -ivfsstatcache -Xcc /Users/momtajhusen/Library/Developer/Xcode/DerivedData/SDKStatCaches.noindex/iphonesimulator18.5-22F76-d5fc8ad4295d2ef488fb7d0f804ce0c4.sdkstatcache -output-file-map /Users/momtajhusen/Library/Developer/Xcode/DerivedData/UnderOneRoof-bvjuhnhcwjrvzafftvptbetbcgcq/Build/Intermediates.noindex/Pods.build/Debug-iphonesimulator/ExpoFileSystem.build/Objects-normal/arm64/ExpoFileSystem-OutputFileMap.json -use-frontend-parseable-output -save-temps -no-color-diagnostics -serialize-diagnostics -emit-dependencies -emit-module -emit-module-path /Users/momtajhusen/Library/Developer/Xcode/DerivedData/UnderOneRoof-bvjuhnhcwjrvzafftvptbetbcgcq/Build/Intermediates.noindex/Pods.build/Debug-iphonesimulator/ExpoFileSystem.build/Objects-normal/arm64/ExpoFileSystem.swiftmodule -validate-clang-modules-once -clang-build-session-file /Users/momtajhusen/Library/Developer/Xcode/DerivedData/ModuleCache.noindex/Session.modulevalidation -Xcc -I/Users/momtajhusen/Library/Developer/Xcode/DerivedData/UnderOneRoof-bvjuhnhcwjrvzafftvptbetbcgcq/Build/Intermediates.noindex/Pods.build/Debug-iphonesimulator/ExpoFileSystem.build/swift-overrides.hmap -emit-const-values -Xfrontend -const-gather-protocols-file -Xfrontend /Users/momtajhusen/Library/Developer/Xcode/DerivedData/UnderOneRoof-bvjuhnhcwjrvzafftvptbetbcgcq/Build/Intermediates.noindex/Pods.build/Debug-iphonesimulator/ExpoFileSystem.build/Objects-normal/arm64/ExpoFileSystem_const_extract_protocols.json -Xcc -iquote -Xcc /Users/momtajhusen/Library/Developer/Xcode/DerivedData/UnderOneRoof-bvjuhnhcwjrvzafftvptbetbcgcq/Build/Intermediates.noindex/Pods.build/Debug-iphonesimulator/ExpoFileSystem.build/ExpoFileSystem-generated-files.hmap -Xcc -I/Users/momtajhusen/Library/Developer/Xcode/DerivedData/UnderOneRoof-bvjuhnhcwjrvzafftvptbetbcgcq/Build/Intermediates.noindex/Pods.build/Debug-iphonesimulator/ExpoFileSystem.build/ExpoFileSystem-own-target-headers.hmap -Xcc -I/Users/momtajhusen/Library/Developer/Xcode/DerivedData/UnderOneRoof-bvjuhnhcwjrvzafftvptbetbcgcq/Build/Intermediates.noindex/Pods.build/Debug-iphonesimulator/ExpoFileSystem.build/ExpoFileSystem-all-non-framework-target-headers.hmap -Xcc -ivfsoverlay -
debug Xcc /Users/momtajhusen/Library/Developer/Xcode/DerivedData/UnderOneRoof-bvjuhnhcwjrvzafftvptbetbcgcq/Build/Intermediates.noindex/Pods.build/Debug-iphonesimulator/Pods-8699adb1dd336b26511df848a716bd42-VFS-iphonesimulator/all-product-headers.yaml -Xcc -iquote -Xcc /Users/momtajhusen/Library/Developer/Xcode/DerivedData/UnderOneRoof-bvjuhnhcwjrvzafftvptbetbcgcq/Build/Intermediates.noindex/Pods.build/Debug-iphonesimulator/ExpoFileSystem.build/ExpoFileSystem-project-headers.hmap -Xcc -I/Users/momtajhusen/Library/Developer/Xcode/DerivedData/UnderOneRoof-bvjuhnhcwjrvzafftvptbetbcgcq/Build/Products/Debug-iphonesimulator/ExpoFileSystem/include -Xcc -I/Users/momtajhusen/Desktop/UnderOneRoof/ios/Pods/Headers/Private -Xcc -I/Users/momtajhusen/Desktop/UnderOneRoof/ios/Pods/Headers/Private/ExpoFileSystem -Xcc -I/Users/momtajhusen/Desktop/UnderOneRoof/ios/Pods/Headers/Public -Xcc -I/Users/momtajhusen/Desktop/UnderOneRoof/ios/Pods/Headers/Public/DoubleConversion -Xcc -I/Users/momtajhusen/Desktop/UnderOneRoof/ios/Pods/Headers/Public/ExpoModulesCore -Xcc -I/Users/momtajhusen/Desktop/UnderOneRoof/ios/Pods/Headers/Public/FBLazyVector -Xcc -I/Users/momtajhusen/Desktop/UnderOneRoof/ios/Pods/Headers/Public/RCT-Folly -Xcc -I/Users/momtajhusen/Desktop/UnderOneRoof/ios/Pods/Headers/Public/RCTRequired -Xcc -I/Users/momtajhusen/Desktop/UnderOneRoof/ios/Pods/Headers/Public/RCTTypeSafety -Xcc -I/Users/momtajhusen/Desktop/UnderOneRoof/ios/Pods/Headers/Public/React-Core -Xcc -I/Users/momtajhusen/Desktop/UnderOneRoof/ios/Pods/Headers/Public/React-Fabric -Xcc -I/Users/momtajhusen/Desktop/UnderOneRoof/ios/Pods/Headers/Public/React-FabricComponents -Xcc -I/Users/momtajhusen/Desktop/UnderOneRoof/ios/Pods/Headers/Public/React-FabricImage -Xcc -I/Users/momtajhusen/Desktop/UnderOneRoof/ios/Pods/Headers/Public/React-ImageManager -Xcc -I/Users/momtajhusen/Desktop/UnderOneRoof/ios/Pods/Headers/Public/React-Mapbuffer -Xcc -I/Users/momtajhusen/Desktop/UnderOneRoof/ios/Pods/Headers/Public/React-NativeModulesApple -Xcc -I/Users/momtajhusen/Desktop/UnderOneRoof/ios/Pods/Headers/Public/React-RCTBlob -Xcc -I/Users/momtajhusen/Desktop/UnderOneRoof/ios/Pods/Headers/Public/React-RCTFabric -Xcc -I/Users/momtajhusen/Desktop/UnderOneRoof/ios/Pods/Headers/Public/React-RCTText -Xcc -I/Users/momtajhusen/Desktop/UnderOneRoof/ios/Pods/Headers/Public/React-RuntimeApple -Xcc -I/Users/momtajhusen/Desktop/UnderOneRoof/ios/Pods/Headers/Public/React-RuntimeCore -Xcc -I/Users/momtajhusen/Desktop/UnderOneRoof/ios/Pods/Headers/Public/React-RuntimeHermes -Xcc -I/Users/momtajhusen/Desktop/UnderOneRoof/ios/Pods/Headers/Public/React-callinvoker -Xcc -I/Users/momtajhusen/Desktop/UnderOneRoof/ios/Pods/Headers/Public/React-cxxreact -Xcc -I/Users/momtajhusen/Desktop/UnderOneRoof/ios/Pods/Headers/Public/React-debug -Xcc -I/Users/momtajhusen/Desktop/UnderOneRoof/ios/Pods/Headers/Public/React-defaultsnativemodule -Xcc -I/Users/momtajhusen/Desktop/UnderOneRoof/ios/Pods/Headers/Public/React-domnativemodule -Xcc -I/Users/momtajhusen/Desktop/UnderOneRoof/ios/Pods/Headers/Public/React-featureflags -Xcc -I/Users/momtajhusen/Desktop/UnderOneRoof/ios/Pods/Headers/Public/React-featureflagsnativemodule -Xcc -I/Users/momtajhusen/Desktop/UnderOneRoof/ios/Pods/Headers/Public/React-graphics -Xcc -I/Users/momtajhusen/Desktop/UnderOneRoof/ios/Pods/Headers/Public/React-hermes -Xcc -I/Users/momtajhusen/Desktop/UnderOneRoof/ios/Pods/Headers/Public/React-idlecallbacksnativemodule -Xcc -I/Users/momtajhusen/Desktop/UnderOneRoof/ios/Pods/Headers/Public/React-jserrorhandler -Xcc -I/Users/momtajhusen/Desktop/UnderOneRoof/ios/Pods/Headers/Public/React-jsi -Xcc -I/Users/momtajhusen/Desktop/UnderOneRoof/ios/Pods/Headers/Public/React-jsiexecutor -Xcc -I/Users/momtajhusen/Desktop/UnderOneRoof/ios/Pods/Headers/Public/React-jsinspector -Xcc -I/Users/momtajhusen/Desktop/UnderOneRoof/ios/Pods/Headers/Public/React-logger -Xcc -I/Users/momtajhusen/Desktop/UnderOneRoof/ios/Pods/Headers/Public/React-microtasksnativemodule -Xcc -I/Users/momtajhusen/Desktop/UnderOneRoof/ios/Pods/Headers/Public/React-nativeconfig -Xcc -I/Users/momtajhusen/Desktop/UnderOneRoof/ios/Pods/Headers/Public/React-perflogger -Xcc -I/Users/momtajhusen/Desktop/UnderOneRoof/ios/Pods/Headers/Public/React-performancetimeline -Xcc -I/Users/momtajhusen/Desktop/UnderOneRoof/ios/Pods/Headers/Public/React-rendererconsistency -Xcc -I/Users/momtajhusen/Desktop/UnderOneRoof/ios/Pods/Headers/Public/React-rendererdebug -Xcc -I/Users/momtajhusen/Desktop/UnderOneRoof/ios/Pods/Headers/Public/React-runtimeexecutor -Xcc -I/Users/momtajhusen/Desktop/UnderOneRoof/ios/Pods/Headers/Public/React-runtimescheduler -Xcc -I/Users/momtajhusen/Desktop/UnderOneRoof/ios/Pods/Headers/Public/React-timing -Xcc -I/Users/momtajhusen/Desktop/UnderOneRoof/ios/Pods/Headers/Public/React-utils -Xcc -I/Users/momtajhusen/Desktop/UnderOneRoof/ios/Pods/Headers/Public/ReactCodegen -Xcc -I/Users/momtajhusen/Desktop/UnderOneRoof/ios/Pods/Headers/Public/ReactCommon -Xcc -I/Users/momtajhusen/Desktop/UnderOneRoof/ios/Pods/Headers/Public/Yoga -Xcc -I/Users/momtajhusen/Desktop/UnderOneRoof/ios/Pods/Headers/Public/boost -Xcc -I/Users/momtajhusen/Desktop/UnderOneRoof/ios/Pods/Headers/Public/fast_float -Xcc -I/Users/momtajhusen/Desktop/UnderOneRoof/ios/Pods/Headers/Public/fmt -Xcc -I/Users/momtajhusen/Desktop/UnderOneRoof/ios/Pods/Headers/Public/glog -Xcc -I/Users/momtajhusen/Desktop/UnderOneRoof/ios/Pods/Headers/Public/hermes-engine -Xcc -I/Users/momtajhusen/Library/Developer/Xcode/DerivedData/UnderOneRoof-bvjuhnhcwjrvzafftvptbetbcgcq/Build/Intermediates.noindex/Pods.build/Debug-iphonesimulator/ExpoFileSystem.build/DerivedSources-normal/arm64 -Xcc -I/Users/momtajhusen/Library/Developer/Xcode/DerivedData/UnderOneRoof-bvjuhnhcwjrvzafftvptbetbcgcq/Build/Intermediates.noindex/Pods.build/Debug-iphonesimulator/ExpoFileSystem.build/DerivedSources/arm64 -Xcc -I/Users/momtajhusen/Library/Developer/Xcode/DerivedData/UnderOneRoof-bvjuhnhcwjrvzafftvptbetbcgcq/Build/Intermediates.noindex/Pods.build/Debug-iphonesimulator/ExpoFileSystem.build/DerivedSources -Xcc -DPOD_CONFIGURATION_DEBUG\=1 -Xcc -DDEBUG\=1 -Xcc -DCOCOAPODS\=1 -emit-objc-header -emit-objc-header-path /Users/momtajhusen/Library/Developer/Xcode/DerivedData/UnderOneRoof-bvjuhnhcwjrvzafftvptbetbcgcq/Build/Intermediates.noindex/Pods.build/Debug-iphonesimulator/ExpoFileSystem.build/Objects-normal/arm64/ExpoFileSystem-Swift.h -working-directory /Users/momtajhusen/Desktop/UnderOneRoof/ios/Pods -experimental-emit-module-separately -disable-cmo


debug SwiftDriver ExpoDocumentPicker normal arm64 com.apple.xcode.tools.swift.compiler (in target 'ExpoDocumentPicker' from project 'Pods')
    cd /Users/momtajhusen/Desktop/UnderOneRoof/ios/Pods
    builtin-SwiftDriver -- /Applications/Xcode.app/Contents/Developer/Toolchains/XcodeDefault.xctoolchain/usr/bin/swiftc -module-name ExpoDocumentPicker -Onone -whole-module-optimization -enforce-exclusivity\=checked @/Users/momtajhusen/Library/Developer/Xcode/DerivedData/UnderOneRoof-bvjuhnhcwjrvzafftvptbetbcgcq/Build/Intermediates.noindex/Pods.build/Debug-iphonesimulator/ExpoDocumentPicker.build/Objects-normal/arm64/ExpoDocumentPicker.SwiftFileList -DDEBUG -D COCOAPODS -Xcc -fmodule-map-file\=/Users/momtajhusen/Library/Developer/Xcode/DerivedData/UnderOneRoof-bvjuhnhcwjrvzafftvptbetbcgcq/Build/Products/Debug-iphonesimulator/ExpoModulesCore/ExpoModulesCore.modulemap -Xcc -fmodule-map-file\=/Users/momtajhusen/Desktop/UnderOneRoof/ios/Pods/Headers/Public/DoubleConversion/DoubleConversion.modulemap -Xcc -fmodule-map-file\=/Users/momtajhusen/Desktop/UnderOneRoof/ios/Pods/Headers/Public/RCTDeprecation/RCTDeprecation.modulemap -Xcc -fmodule-map-file\=/Users/momtajhusen/Desktop/UnderOneRoof/ios/Pods/Headers/Public/RCTFabric/React-RCTFabric.modulemap -Xcc -fmodule-map-file\=/Users/momtajhusen/Desktop/UnderOneRoof/ios/Pods/Headers/Public/RCTTypeSafety/RCTTypeSafety.modulemap -Xcc -fmodule-map-file\=/Users/momtajhusen/Desktop/UnderOneRoof/ios/Pods/Headers/Public/React/React-Core.modulemap -Xcc -fmodule-map-file\=/Users/momtajhusen/Desktop/UnderOneRoof/ios/Pods/Headers/Public/ReactCodegen/ReactCodegen.modulemap -Xcc -fmodule-map-file\=/Users/momtajhusen/Desktop/UnderOneRoof/ios/Pods/Headers/Public/ReactCommon/ReactCommon.modulemap -Xcc -fmodule-map-file\=/Users/momtajhusen/Desktop/UnderOneRoof/ios/Pods/Headers/Public/React_Fabric/React-Fabric.modulemap -Xcc -fmodule-map-file\=/Users/momtajhusen/Desktop/UnderOneRoof/ios/Pods/Headers/Public/React_FabricComponents/React-FabricComponents.modulemap -Xcc -fmodule-map-file\=/Users/momtajhusen/Desktop/UnderOneRoof/ios/Pods/Headers/Public/React_NativeModulesApple/React-NativeModulesApple.modulemap -Xcc -fmodule-map-file\=/Users/momtajhusen/Desktop/UnderOneRoof/ios/Pods/Headers/Public/React_RCTAppDelegate/React-RCTAppDelegate.modulemap -Xcc -fmodule-map-file\=/Users/momtajhusen/Desktop/UnderOneRoof/ios/Pods/Headers/Public/folly/RCT-Folly.modulemap -Xcc -fmodule-map-file\=/Users/momtajhusen/Desktop/UnderOneRoof/ios/Pods/Headers/Public/glog/glog.modulemap -Xcc -fmodule-map-file\=/Users/momtajhusen/Desktop/UnderOneRoof/ios/Pods/Headers/Public/jsi/React-jsi.modulemap -Xcc -fmodule-map-file\=/Users/momtajhusen/Desktop/UnderOneRoof/ios/Pods/Headers/Public/jsinspector_modern/React-jsinspector.modulemap -Xcc -fmodule-map-file\=/Users/momtajhusen/Desktop/UnderOneRoof/ios/Pods/Headers/Public/react_debug/React-debug.modulemap -Xcc -fmodule-map-file\=/Users/momtajhusen/Desktop/UnderOneRoof/ios/Pods/Headers/Public/react_featureflags/React-featureflags.modulemap -Xcc -fmodule-map-file\=/Users/momtajhusen/Desktop/UnderOneRoof/ios/Pods/Headers/Public/react_nativemodule_defaults/React-defaultsnativemodule.modulemap -Xcc -fmodule-map-file\=/Users/momtajhusen/Desktop/UnderOneRoof/ios/Pods/Headers/Public/react_nativemodule_dom/React-domnativemodule.modulemap -Xcc -fmodule-map-file\=/Users/momtajhusen/Desktop/UnderOneRoof/ios/Pods/Headers/Public/react_nativemodule_featureflags/React-featureflagsnativemodule.modulemap -Xcc -fmodule-map-file\=/Users/momtajhusen/Desktop/UnderOneRoof/ios/Pods/Headers/Public/react_nativemodule_idlecallbacks/React-idlecallbacksnativemodule.modulemap -Xcc -fmodule-map-file\=/Users/momtajhusen/Desktop/UnderOneRoof/ios/Pods/Headers/Public/react_nativemodule_microtasks/React-microtasksnativemodule.modulemap -Xcc -fmodule-map-file\=/Users/momtajhusen/Desktop/UnderOneRoof/ios/Pods/Headers/Public/react_renderer_debug/React-rendererdebug.modulemap -Xcc -fmodule-map-file\=/Users/momtajhusen/Desktop/UnderOneRoof/ios/Pods/Headers/Public/react_renderer_graphics/React-graphics.modulemap -Xcc -fmodule-map-file\=/Users/momtajhusen/Desktop/UnderOneRoof/ios/Pods/Headers/Public/react_renderer_imagemanager/React-ImageManager.modulemap -Xcc -fmodule-map-file\=/Users/momtajhusen/Desktop/UnderOneRoof/ios/Pods/Headers/Public/react_utils/React-utils.modulemap -Xcc -fmodule-map-file\=/Users/momtajhusen/Desktop/UnderOneRoof/ios/Pods/Headers/Public/reacthermes/React-hermes.modulemap -Xcc -fmodule-map-file\=/Users/momtajhusen/Desktop/UnderOneRoof/ios/Pods/Headers/Public/yoga/Yoga.modulemap -import-underlying-module -Xcc -fmodule-map-file\=/Users/momtajhusen/Desktop/UnderOneRoof/ios/Pods/Headers/Public/ExpoDocumentPicker/ExpoDocumentPicker.modulemap -enable-bare-slash-regex -enable-experimental-feature DebugDescriptionMacro -sdk /Applications/Xcode.app/Contents/Developer/Platforms/iPhoneSimulator.platform/Developer/SDKs/iPhoneSimulator18.5.sdk -target arm64-apple-ios15.1-simulator -g -module-cache-path /Users/momtajhusen/Library/Developer/Xcode/DerivedData/ModuleCache.noindex -Xfrontend -serialize-debugging-options -enable-testing -index-store-path /Users/momtajhusen/Library/Developer/Xcode/DerivedData/UnderOneRoof-bvjuhnhcwjrvzafftvptbetbcgcq/Index.noindex/DataStore -swift-version 5 -I /Users/momtajhusen/Library/Developer/Xcode/DerivedData/UnderOneRoof-bvjuhnhcwjrvzafftvptbetbcgcq/Build/Products/Debug-iphonesimulator/ExpoDocumentPicker -I /Users/momtajhusen/Library/Developer/Xcode/DerivedData/UnderOneRoof-bvjuhnhcwjrvzafftvptbetbcgcq/Build/Products/Debug-iphonesimulator/ExpoModulesCore -F /Users/momtajhusen/Library/Developer/Xcode/DerivedData/UnderOneRoof-bvjuhnhcwjrvzafftvptbetbcgcq/Build/Products/Debug-iphonesimulator/ExpoDocumentPicker -F /Users/momtajhusen/Desktop/UnderOneRoof/ios/Pods/hermes-engine/destroot/Library/Frameworks/universal -F /Users/momtajhusen/Library/Developer/Xcode/DerivedData/UnderOneRoof-bvjuhnhcwjrvzafftvptbetbcgcq/Build/Products/Debug-iphonesimulator/XCFrameworkIntermediates/hermes-engine/Pre-built -c -num-threads 10 -Xcc -ivfsstatcache -Xcc /Users/momtajhusen/Library/Developer/Xcode/DerivedData/SDKStatCaches.noindex/iphonesimulator18.5-22F76-d5fc8ad4295d2ef488fb7d0f804ce0c4.sdkstatcache -output-file-map /Users/momtajhusen/Library/Developer/Xcode/DerivedData/UnderOneRoof-bvjuhnhcwjrvzafftvptbetbcgcq/Build/Intermediates.noindex/Pods.build/Debug-iphonesimulator/ExpoDocumentPicker.build/Objects-normal/arm64/ExpoDocumentPicker-OutputFileMap.json -use-frontend-parseable-output -save-temps -no-color-diagnostics -serialize-diagnostics -emit-dependencies -emit-module -emit-module-path /Users/momtajhusen/Library/Developer/Xcode/DerivedData/UnderOneRoof-bvjuhnhcwjrvzafftvptbetbcgcq/Build/Intermediates.noindex/Pods.build/Debug-iphonesimulator/ExpoDocumentPicker.build/Objects-normal/arm64/ExpoDocumentPicker.swiftmodule -validate-clang-modules-once -clang-build-session-file /Users/momtajhusen/Library/Developer/Xcode/DerivedData/ModuleCache.noindex/Session.modulevalidation -Xcc -I/Users/momtajhusen/Library/Developer/Xcode/DerivedData/UnderOneRoof-bvjuhnhcwjrvzafftvptbetbcgcq/Build/Intermediates.noindex/Pods.build/Debug-iphonesimulator/ExpoDocumentPicker.build/swift-overrides.hmap -emit-const-values -Xfrontend -const-gather-protocols-file -Xfrontend /Users/momtajhusen/Library/Developer/Xcode/DerivedData/UnderOneRoof-bvjuhnhcwjrvzafftvptbetbcgcq/Build/Intermediates.noindex/Pods.build/Debug-iphonesimulator/ExpoDocumentPicker.build/Objects-normal/arm64/ExpoDocumentPicker_const_extract_protocols.json -Xcc -iquote -Xcc /Users/momtajhusen/Library/Developer/Xcode/DerivedData/UnderOneRoof-bvjuhnhcwjrvzafftvptbetbcgcq/Build/Intermediates.noindex/Pods.build/Debug-iphonesimulator/ExpoDocumentPicker.build/ExpoDocumentPicker-generated-files.hmap -Xcc -I/Users/momtajhusen/Library/Developer/Xcode/DerivedData/UnderOneRoof-bvjuhnhcwjrvzafftvptbetbcgcq/Build/Intermediates.noindex/Pods.build/Debug-iphonesimulator/ExpoDocumentPicker.build/ExpoDocumentPicker-own-target-headers.hmap -Xcc -I/Users/momtajhusen/Library/Developer/Xcode/DerivedData/UnderOneRoof-bvjuhnhcwjrvzafftvptbetbcgcq/Build/Intermediates.noindex/Pods.build/Debug-iphonesimulator/ExpoDoc
debug umentPicker.build/ExpoDocumentPicker-all-non-framework-target-headers.hmap -Xcc -ivfsoverlay -Xcc /Users/momtajhusen/Library/Developer/Xcode/DerivedData/UnderOneRoof-bvjuhnhcwjrvzafftvptbetbcgcq/Build/Intermediates.noindex/Pods.build/Debug-iphonesimulator/Pods-8699adb1dd336b26511df848a716bd42-VFS-iphonesimulator/all-product-headers.yaml -Xcc -iquote -Xcc /Users/momtajhusen/Library/Developer/Xcode/DerivedData/UnderOneRoof-bvjuhnhcwjrvzafftvptbetbcgcq/Build/Intermediates.noindex/Pods.build/Debug-iphonesimulator/ExpoDocumentPicker.build/ExpoDocumentPicker-project-headers.hmap -Xcc -I/Users/momtajhusen/Library/Developer/Xcode/DerivedData/UnderOneRoof-bvjuhnhcwjrvzafftvptbetbcgcq/Build/Products/Debug-iphonesimulator/ExpoDocumentPicker/include -Xcc -I/Users/momtajhusen/Desktop/UnderOneRoof/ios/Pods/Headers/Public -Xcc -I/Users/momtajhusen/Desktop/UnderOneRoof/ios/Pods/Headers/Public/DoubleConversion -Xcc -I/Users/momtajhusen/Desktop/UnderOneRoof/ios/Pods/Headers/Public/ExpoModulesCore -Xcc -I/Users/momtajhusen/Desktop/UnderOneRoof/ios/Pods/Headers/Public/FBLazyVector -Xcc -I/Users/momtajhusen/Desktop/UnderOneRoof/ios/Pods/Headers/Public/RCT-Folly -Xcc -I/Users/momtajhusen/Desktop/UnderOneRoof/ios/Pods/Headers/Public/RCTRequired -Xcc -I/Users/momtajhusen/Desktop/UnderOneRoof/ios/Pods/Headers/Public/RCTTypeSafety -Xcc -I/Users/momtajhusen/Desktop/UnderOneRoof/ios/Pods/Headers/Public/React-Core -Xcc -I/Users/momtajhusen/Desktop/UnderOneRoof/ios/Pods/Headers/Public/React-Fabric -Xcc -I/Users/momtajhusen/Desktop/UnderOneRoof/ios/Pods/Headers/Public/React-FabricComponents -Xcc -I/Users/momtajhusen/Desktop/UnderOneRoof/ios/Pods/Headers/Public/React-FabricImage -Xcc -I/Users/momtajhusen/Desktop/UnderOneRoof/ios/Pods/Headers/Public/React-ImageManager -Xcc -I/Users/momtajhusen/Desktop/UnderOneRoof/ios/Pods/Headers/Public/React-Mapbuffer -Xcc -I/Users/momtajhusen/Desktop/UnderOneRoof/ios/Pods/Headers/Public/React-NativeModulesApple -Xcc -I/Users/momtajhusen/Desktop/UnderOneRoof/ios/Pods/Headers/Public/React-RCTBlob -Xcc -I/Users/momtajhusen/Desktop/UnderOneRoof/ios/Pods/Headers/Public/React-RCTFabric -Xcc -I/Users/momtajhusen/Desktop/UnderOneRoof/ios/Pods/Headers/Public/React-RCTText -Xcc -I/Users/momtajhusen/Desktop/UnderOneRoof/ios/Pods/Headers/Public/React-RuntimeApple -Xcc -I/Users/momtajhusen/Desktop/UnderOneRoof/ios/Pods/Headers/Public/React-RuntimeCore -Xcc -I/Users/momtajhusen/Desktop/UnderOneRoof/ios/Pods/Headers/Public/React-RuntimeHermes -Xcc -I/Users/momtajhusen/Desktop/UnderOneRoof/ios/Pods/Headers/Public/React-callinvoker -Xcc -I/Users/momtajhusen/Desktop/UnderOneRoof/ios/Pods/Headers/Public/React-cxxreact -Xcc -I/Users/momtajhusen/Desktop/UnderOneRoof/ios/Pods/Headers/Public/React-debug -Xcc -I/Users/momtajhusen/Desktop/UnderOneRoof/ios/Pods/Headers/Public/React-defaultsnativemodule -Xcc -I/Users/momtajhusen/Desktop/UnderOneRoof/ios/Pods/Headers/Public/React-domnativemodule -Xcc -I/Users/momtajhusen/Desktop/UnderOneRoof/ios/Pods/Headers/Public/React-featureflags -Xcc -I/Users/momtajhusen/Desktop/UnderOneRoof/ios/Pods/Headers/Public/React-featureflagsnativemodule -Xcc -I/Users/momtajhusen/Desktop/UnderOneRoof/ios/Pods/Headers/Public/React-graphics -Xcc -I/Users/momtajhusen/Desktop/UnderOneRoof/ios/Pods/Headers/Public/React-hermes -Xcc -I/Users/momtajhusen/Desktop/UnderOneRoof/ios/Pods/Headers/Public/React-idlecallbacksnativemodule -Xcc -I/Users/momtajhusen/Desktop/UnderOneRoof/ios/Pods/Headers/Public/React-jserrorhandler -Xcc -I/Users/momtajhusen/Desktop/UnderOneRoof/ios/Pods/Headers/Public/React-jsi -Xcc -I/Users/momtajhusen/Desktop/UnderOneRoof/ios/Pods/Headers/Public/React-jsiexecutor -Xcc -I/Users/momtajhusen/Desktop/UnderOneRoof/ios/Pods/Headers/Public/React-jsinspector -Xcc -I/Users/momtajhusen/Desktop/UnderOneRoof/ios/Pods/Headers/Public/React-logger -Xcc -I/Users/momtajhusen/Desktop/UnderOneRoof/ios/Pods/Headers/Public/React-microtasksnativemodule -Xcc -I/Users/momtajhusen/Desktop/UnderOneRoof/ios/Pods/Headers/Public/React-nativeconfig -Xcc -I/Users/momtajhusen/Desktop/UnderOneRoof/ios/Pods/Headers/Public/React-perflogger -Xcc -I/Users/momtajhusen/Desktop/UnderOneRoof/ios/Pods/Headers/Public/React-performancetimeline -Xcc -I/Users/momtajhusen/Desktop/UnderOneRoof/ios/Pods/Headers/Public/React-rendererconsistency -Xcc -I/Users/momtajhusen/Desktop/UnderOneRoof/ios/Pods/Headers/Public/React-rendererdebug -Xcc -I/Users/momtajhusen/Desktop/UnderOneRoof/ios/Pods/Headers/Public/React-runtimeexecutor -Xcc -I/Users/momtajhusen/Desktop/UnderOneRoof/ios/Pods/Headers/Public/React-runtimescheduler -Xcc -I/Users/momtajhusen/Desktop/UnderOneRoof/ios/Pods/Headers/Public/React-timing -Xcc -I/Users/momtajhusen/Desktop/UnderOneRoof/ios/Pods/Headers/Public/React-utils -Xcc -I/Users/momtajhusen/Desktop/UnderOneRoof/ios/Pods/Headers/Public/ReactCodegen -Xcc -I/Users/momtajhusen/Desktop/UnderOneRoof/ios/Pods/Headers/Public/ReactCommon -Xcc -I/Users/momtajhusen/Desktop/UnderOneRoof/ios/Pods/Headers/Public/Yoga -Xcc -I/Users/momtajhusen/Desktop/UnderOneRoof/ios/Pods/Headers/Public/boost -Xcc -I/Users/momtajhusen/Desktop/UnderOneRoof/ios/Pods/Headers/Public/fast_float -Xcc -I/Users/momtajhusen/Desktop/UnderOneRoof/ios/Pods/Headers/Public/fmt -Xcc -I/Users/momtajhusen/Desktop/UnderOneRoof/ios/Pods/Headers/Public/glog -Xcc -I/Users/momtajhusen/Desktop/UnderOneRoof/ios/Pods/Headers/Public/hermes-engine -Xcc -I/Users/momtajhusen/Library/Developer/Xcode/DerivedData/UnderOneRoof-bvjuhnhcwjrvzafftvptbetbcgcq/Build/Intermediates.noindex/Pods.build/Debug-iphonesimulator/ExpoDocumentPicker.build/DerivedSources-normal/arm64 -Xcc -I/Users/momtajhusen/Library/Developer/Xcode/DerivedData/UnderOneRoof-bvjuhnhcwjrvzafftvptbetbcgcq/Build/Intermediates.noindex/Pods.build/Debug-iphonesimulator/ExpoDocumentPicker.build/DerivedSources/arm64 -Xcc -I/Users/momtajhusen/Library/Developer/Xcode/DerivedData/UnderOneRoof-bvjuhnhcwjrvzafftvptbetbcgcq/Build/Intermediates.noindex/Pods.build/Debug-iphonesimulator/ExpoDocumentPicker.build/DerivedSources -Xcc -DPOD_CONFIGURATION_DEBUG\=1 -Xcc -DDEBUG\=1 -Xcc -DCOCOAPODS\=1 -emit-objc-header -emit-objc-header-path /Users/momtajhusen/Library/Developer/Xcode/DerivedData/UnderOneRoof-bvjuhnhcwjrvzafftvptbetbcgcq/Build/Intermediates.noindex/Pods.build/Debug-iphonesimulator/ExpoDocumentPicker.build/Objects-normal/arm64/ExpoDocumentPicker-Swift.h -working-directory /Users/momtajhusen/Desktop/UnderOneRoof/ios/Pods -no-emit-module-separately-wmo

SwiftCompile normal arm64 Compiling\ LinearGradientLayer.swift,\ LinearGradientModule.swift,\ LinearGradientView.swift /Users/momtajhusen/Desktop/UnderOneRoof/node_modules/expo-linear-gradient/ios/LinearGradientLayer.swift /Users/momtajhusen/Desktop/UnderOneRoof/node_modules/expo-linear-gradient/ios/LinearGradientModule.swift /Users/momtajhusen/Desktop/UnderOneRoof/node_modules/expo-linear-gradient/ios/LinearGradientView.swift (in target 'ExpoLinearGradient' from project 'Pods')

debug 
CompileSwift normal arm64 (in target 'ExpoLinearGradient' from project 'Pods')
    cd /Users/momtajhusen/Desktop/UnderOneRoof/ios/Pods
    

debug 

debug SwiftCompile normal arm64 Compiling\ ImagePickerExceptions.swift,\ ImagePickerHandler.swift,\ ImagePickerModule.swift,\ ImagePickerOptions.swift,\ ImagePickerPermissionRequesters.swift,\ ImagePickerResponse.swift,\ ImagePickerUtils.swift,\ ImageUtils.swift,\ MediaHandler.swift,\ NSItemProvider+Async.swift,\ StatusBarVisibilityController.swift,\ UIImage+fixOrientation.swift,\ UIImagePickerControllerExtentsion.swift,\ VideoUtils.swift /Users/momtajhusen/Desktop/UnderOneRoof/node_modules/expo-image-picker/ios/ImagePickerExceptions.swift /Users/momtajhusen/Desktop/UnderOneRoof/node_modules/expo-image-picker/ios/ImagePickerHandler.swift /Users/momtajhusen/Desktop/UnderOneRoof/node_modules/expo-image-picker/ios/ImagePickerModule.swift /Users/momtajhusen/Desktop/UnderOneRoof/node_modules/expo-image-picker/ios/ImagePickerOptions.swift /Users/momtajhusen/Desktop/UnderOneRoof/node_modules/expo-image-picker/ios/ImagePickerPermissionRequesters.swift /Users/momtajhusen/Desktop/UnderOneRoof/node_modules/expo-image-picker/ios/ImagePickerResponse.swift /Users/momtajhusen/Desktop/UnderOneRoof/node_modules/expo-image-picker/ios/ImagePickerUtils.swift /Users/momtajhusen/Desktop/UnderOneRoof/node_modules/expo-image-picker/ios/ImageUtils.swift /Users/momtajhusen/Desktop/UnderOneRoof/node_modules/expo-image-picker/ios/MediaHandler.swift /Users/momtajhusen/Desktop/UnderOneRoof/node_modules/expo-image-picker/ios/NSItemProvider+Async.swift /Users/momtajhusen/Desktop/UnderOneRoof/node_modules/expo-image-picker/ios/StatusBarVisibilityController.swift /Users/momtajhusen/Desktop/UnderOneRoof/node_modules/expo-image-picker/ios/UIImage+fixOrientation.swift /Users/momtajhusen/Desktop/UnderOneRoof/node_modules/expo-image-picker/ios/UIImagePickerControllerExtentsion.swift /Users/momtajhusen/Desktop/UnderOneRoof/node_modules/expo-image-picker/ios/VideoUtils.swift (in target 'ExpoImagePicker' from project 'Pods')
debug 
CompileSwift normal arm64 (in target 'ExpoImagePicker' from project 'Pods')
    cd /Users/momtajhusen/Desktop/UnderOneRoof/ios/Pods
    

debug 

debug SwiftDriver ExpoDevice normal arm64 com.apple.xcode.tools.swift.compiler (in target 'ExpoDevice' from project 'Pods')
    cd /Users/momtajhusen/Desktop/UnderOneRoof/ios/Pods
    builtin-SwiftDriver -- /Applications/Xcode.app/Contents/Developer/Toolchains/XcodeDefault.xctoolchain/usr/bin/swiftc -module-name ExpoDevice -Onone -whole-module-optimization -enforce-exclusivity\=checked @/Users/momtajhusen/Library/Developer/Xcode/DerivedData/UnderOneRoof-bvjuhnhcwjrvzafftvptbetbcgcq/Build/Intermediates.noindex/Pods.build/Debug-iphonesimulator/ExpoDevice.build/Objects-normal/arm64/ExpoDevice.SwiftFileList -DDEBUG -D COCOAPODS -Xcc -fmodule-map-file\=/Users/momtajhusen/Library/Developer/Xcode/DerivedData/UnderOneRoof-bvjuhnhcwjrvzafftvptbetbcgcq/Build/Products/Debug-iphonesimulator/ExpoModulesCore/ExpoModulesCore.modulemap -Xcc -fmodule-map-file\=/Users/momtajhusen/Desktop/UnderOneRoof/ios/Pods/Headers/Public/DoubleConversion/DoubleConversion.modulemap -Xcc -fmodule-map-file\=/Users/momtajhusen/Desktop/UnderOneRoof/ios/Pods/Headers/Public/RCTDeprecation/RCTDeprecation.modulemap -Xcc -fmodule-map-file\=/Users/momtajhusen/Desktop/UnderOneRoof/ios/Pods/Headers/Public/RCTFabric/React-RCTFabric.modulemap -Xcc -fmodule-map-file\=/Users/momtajhusen/Desktop/UnderOneRoof/ios/Pods/Headers/Public/RCTTypeSafety/RCTTypeSafety.modulemap -Xcc -fmodule-map-file\=/Users/momtajhusen/Desktop/UnderOneRoof/ios/Pods/Headers/Public/React/React-Core.modulemap -Xcc -fmodule-map-file\=/Users/momtajhusen/Desktop/UnderOneRoof/ios/Pods/Headers/Public/ReactCodegen/ReactCodegen.modulemap -Xcc -fmodule-map-file\=/Users/momtajhusen/Desktop/UnderOneRoof/ios/Pods/Headers/Public/ReactCommon/ReactCommon.modulemap -Xcc -fmodule-map-file\=/Users/momtajhusen/Desktop/UnderOneRoof/ios/Pods/Headers/Public/React_Fabric/React-Fabric.modulemap -Xcc -fmodule-map-file\=/Users/momtajhusen/Desktop/UnderOneRoof/ios/Pods/Headers/Public/React_FabricComponents/React-FabricComponents.modulemap -Xcc -fmodule-map-file\=/Users/momtajhusen/Desktop/UnderOneRoof/ios/Pods/Headers/Public/React_NativeModulesApple/React-NativeModulesApple.modulemap -Xcc -fmodule-map-file\=/Users/momtajhusen/Desktop/UnderOneRoof/ios/Pods/Headers/Public/React_RCTAppDelegate/React-RCTAppDelegate.modulemap -Xcc -fmodule-map-file\=/Users/momtajhusen/Desktop/UnderOneRoof/ios/Pods/Headers/Public/folly/RCT-Folly.modulemap -Xcc -fmodule-map-file\=/Users/momtajhusen/Desktop/UnderOneRoof/ios/Pods/Headers/Public/glog/glog.modulemap -Xcc -fmodule-map-file\=/Users/momtajhusen/Desktop/UnderOneRoof/ios/Pods/Headers/Public/jsi/React-jsi.modulemap -Xcc -fmodule-map-file\=/Users/momtajhusen/Desktop/UnderOneRoof/ios/Pods/Headers/Public/jsinspector_modern/React-jsinspector.modulemap -Xcc -fmodule-map-file\=/Users/momtajhusen/Desktop/UnderOneRoof/ios/Pods/Headers/Public/react_debug/React-debug.modulemap -Xcc -fmodule-map-file\=/Users/momtajhusen/Desktop/UnderOneRoof/ios/Pods/Headers/Public/react_featureflags/React-featureflags.modulemap -Xcc -fmodule-map-file\=/Users/momtajhusen/Desktop/UnderOneRoof/ios/Pods/Headers/Public/react_nativemodule_defaults/React-defaultsnativemodule.modulemap -Xcc -fmodule-map-file\=/Users/momtajhusen/Desktop/UnderOneRoof/ios/Pods/Headers/Public/react_nativemodule_dom/React-domnativemodule.modulemap -Xcc -fmodule-map-file\=/Users/momtajhusen/Desktop/UnderOneRoof/ios/Pods/Headers/Public/react_nativemodule_featureflags/React-featureflagsnativemodule.modulemap -Xcc -fmodule-map-file\=/Users/momtajhusen/Desktop/UnderOneRoof/ios/Pods/Headers/Public/react_nativemodule_idlecallbacks/React-idlecallbacksnativemodule.modulemap -Xcc -fmodule-map-file\=/Users/momtajhusen/Desktop/UnderOneRoof/ios/Pods/Headers/Public/react_nativemodule_microtasks/React-microtasksnativemodule.modulemap -Xcc -fmodule-map-file\=/Users/momtajhusen/Desktop/UnderOneRoof/ios/Pods/Headers/Public/react_renderer_debug/React-rendererdebug.modulemap -Xcc -fmodule-map-file\=/Users/momtajhusen/Desktop/UnderOneRoof/ios/Pods/Headers/Public/react_renderer_graphics/React-graphics.modulemap -Xcc -fmodule-map-file\=/Users/momtajhusen/Desktop/UnderOneRoof/ios/Pods/Headers/Public/react_renderer_imagemanager/React-ImageManager.modulemap -Xcc -fmodule-map-file\=/Users/momtajhusen/Desktop/UnderOneRoof/ios/Pods/Headers/Public/react_utils/React-utils.modulemap -Xcc -fmodule-map-file\=/Users/momtajhusen/Desktop/UnderOneRoof/ios/Pods/Headers/Public/reacthermes/React-hermes.modulemap -Xcc -fmodule-map-file\=/Users/momtajhusen/Desktop/UnderOneRoof/ios/Pods/Headers/Public/yoga/Yoga.modulemap -import-underlying-module -Xcc -fmodule-map-file\=/Users/momtajhusen/Desktop/UnderOneRoof/ios/Pods/Headers/Public/ExpoDevice/ExpoDevice.modulemap -enable-bare-slash-regex -enable-experimental-feature DebugDescriptionMacro -sdk /Applications/Xcode.app/Contents/Developer/Platforms/iPhoneSimulator.platform/Developer/SDKs/iPhoneSimulator18.5.sdk -target arm64-apple-ios15.1-simulator -g -module-cache-path /Users/momtajhusen/Library/Developer/Xcode/DerivedData/ModuleCache.noindex -Xfrontend -serialize-debugging-options -enable-testing -index-store-path /Users/momtajhusen/Library/Developer/Xcode/DerivedData/UnderOneRoof-bvjuhnhcwjrvzafftvptbetbcgcq/Index.noindex/DataStore -swift-version 5 -I /Users/momtajhusen/Library/Developer/Xcode/DerivedData/UnderOneRoof-bvjuhnhcwjrvzafftvptbetbcgcq/Build/Products/Debug-iphonesimulator/ExpoDevice -I /Users/momtajhusen/Library/Developer/Xcode/DerivedData/UnderOneRoof-bvjuhnhcwjrvzafftvptbetbcgcq/Build/Products/Debug-iphonesimulator/ExpoModulesCore -F /Users/momtajhusen/Library/Developer/Xcode/DerivedData/UnderOneRoof-bvjuhnhcwjrvzafftvptbetbcgcq/Build/Products/Debug-iphonesimulator/ExpoDevice -F /Users/momtajhusen/Desktop/UnderOneRoof/ios/Pods/hermes-engine/destroot/Library/Frameworks/universal -F /Users/momtajhusen/Library/Developer/Xcode/DerivedData/UnderOneRoof-bvjuhnhcwjrvzafftvptbetbcgcq/Build/Products/Debug-iphonesimulator/XCFrameworkIntermediates/hermes-engine/Pre-built -c -num-threads 10 -Xcc -ivfsstatcache -Xcc /Users/momtajhusen/Library/Developer/Xcode/DerivedData/SDKStatCaches.noindex/iphonesimulator18.5-22F76-d5fc8ad4295d2ef488fb7d0f804ce0c4.sdkstatcache -output-file-map /Users/momtajhusen/Library/Developer/Xcode/DerivedData/UnderOneRoof-bvjuhnhcwjrvzafftvptbetbcgcq/Build/Intermediates.noindex/Pods.build/Debug-iphonesimulator/ExpoDevice.build/Objects-normal/arm64/ExpoDevice-OutputFileMap.json -use-frontend-parseable-output -save-temps -no-color-diagnostics -serialize-diagnostics -emit-dependencies -emit-module -emit-module-path /Users/momtajhusen/Library/Developer/Xcode/DerivedData/UnderOneRoof-bvjuhnhcwjrvzafftvptbetbcgcq/Build/Intermediates.noindex/Pods.build/Debug-iphonesimulator/ExpoDevice.build/Objects-normal/arm64/ExpoDevice.swiftmodule -validate-clang-modules-once -clang-build-session-file /Users/momtajhusen/Library/Developer/Xcode/DerivedData/ModuleCache.noindex/Session.modulevalidation -Xcc -I/Users/momtajhusen/Library/Developer/Xcode/DerivedData/UnderOneRoof-bvjuhnhcwjrvzafftvptbetbcgcq/Build/Intermediates.noindex/Pods.build/Debug-iphonesimulator/ExpoDevice.build/swift-overrides.hmap -emit-const-values -Xfrontend -const-gather-protocols-file -Xfrontend /Users/momtajhusen/Library/Developer/Xcode/DerivedData/UnderOneRoof-bvjuhnhcwjrvzafftvptbetbcgcq/Build/Intermediates.noindex/Pods.build/Debug-iphonesimulator/ExpoDevice.build/Objects-normal/arm64/ExpoDevice_const_extract_protocols.json -Xcc -iquote -Xcc /Users/momtajhusen/Library/Developer/Xcode/DerivedData/UnderOneRoof-bvjuhnhcwjrvzafftvptbetbcgcq/Build/Intermediates.noindex/Pods.build/Debug-iphonesimulator/ExpoDevice.build/ExpoDevice-generated-files.hmap -Xcc -I/Users/momtajhusen/Library/Developer/Xcode/DerivedData/UnderOneRoof-bvjuhnhcwjrvzafftvptbetbcgcq/Build/Intermediates.noindex/Pods.build/Debug-iphonesimulator/ExpoDevice.build/ExpoDevice-own-target-headers.hmap -Xcc -I/Users/momtajhusen/Library/Developer/Xcode/DerivedData/UnderOneRoof-bvjuhnhcwjrvzafftvptbetbcgcq/Build/Intermediates.noindex/Pods.build/Debug-iphonesimulator/ExpoDevice.build/ExpoDevice-all-non-framework-target-headers.hmap -Xcc -ivfsoverlay -Xcc /Users/momtajhusen/Library/Developer/Xcode/DerivedData/UnderOneRoof-bvjuhnhcwj
debug rvzafftvptbetbcgcq/Build/Intermediates.noindex/Pods.build/Debug-iphonesimulator/Pods-8699adb1dd336b26511df848a716bd42-VFS-iphonesimulator/all-product-headers.yaml -Xcc -iquote -Xcc /Users/momtajhusen/Library/Developer/Xcode/DerivedData/UnderOneRoof-bvjuhnhcwjrvzafftvptbetbcgcq/Build/Intermediates.noindex/Pods.build/Debug-iphonesimulator/ExpoDevice.build/ExpoDevice-project-headers.hmap -Xcc -I/Users/momtajhusen/Library/Developer/Xcode/DerivedData/UnderOneRoof-bvjuhnhcwjrvzafftvptbetbcgcq/Build/Products/Debug-iphonesimulator/ExpoDevice/include -Xcc -I/Users/momtajhusen/Desktop/UnderOneRoof/ios/Pods/Headers/Public -Xcc -I/Users/momtajhusen/Desktop/UnderOneRoof/ios/Pods/Headers/Public/DoubleConversion -Xcc -I/Users/momtajhusen/Desktop/UnderOneRoof/ios/Pods/Headers/Public/ExpoModulesCore -Xcc -I/Users/momtajhusen/Desktop/UnderOneRoof/ios/Pods/Headers/Public/FBLazyVector -Xcc -I/Users/momtajhusen/Desktop/UnderOneRoof/ios/Pods/Headers/Public/RCT-Folly -Xcc -I/Users/momtajhusen/Desktop/UnderOneRoof/ios/Pods/Headers/Public/RCTRequired -Xcc -I/Users/momtajhusen/Desktop/UnderOneRoof/ios/Pods/Headers/Public/RCTTypeSafety -Xcc -I/Users/momtajhusen/Desktop/UnderOneRoof/ios/Pods/Headers/Public/React-Core -Xcc -I/Users/momtajhusen/Desktop/UnderOneRoof/ios/Pods/Headers/Public/React-Fabric -Xcc -I/Users/momtajhusen/Desktop/UnderOneRoof/ios/Pods/Headers/Public/React-FabricComponents -Xcc -I/Users/momtajhusen/Desktop/UnderOneRoof/ios/Pods/Headers/Public/React-FabricImage -Xcc -I/Users/momtajhusen/Desktop/UnderOneRoof/ios/Pods/Headers/Public/React-ImageManager -Xcc -I/Users/momtajhusen/Desktop/UnderOneRoof/ios/Pods/Headers/Public/React-Mapbuffer -Xcc -I/Users/momtajhusen/Desktop/UnderOneRoof/ios/Pods/Headers/Public/React-NativeModulesApple -Xcc -I/Users/momtajhusen/Desktop/UnderOneRoof/ios/Pods/Headers/Public/React-RCTBlob -Xcc -I/Users/momtajhusen/Desktop/UnderOneRoof/ios/Pods/Headers/Public/React-RCTFabric -Xcc -I/Users/momtajhusen/Desktop/UnderOneRoof/ios/Pods/Headers/Public/React-RCTText -Xcc -I/Users/momtajhusen/Desktop/UnderOneRoof/ios/Pods/Headers/Public/React-RuntimeApple -Xcc -I/Users/momtajhusen/Desktop/UnderOneRoof/ios/Pods/Headers/Public/React-RuntimeCore -Xcc -I/Users/momtajhusen/Desktop/UnderOneRoof/ios/Pods/Headers/Public/React-RuntimeHermes -Xcc -I/Users/momtajhusen/Desktop/UnderOneRoof/ios/Pods/Headers/Public/React-callinvoker -Xcc -I/Users/momtajhusen/Desktop/UnderOneRoof/ios/Pods/Headers/Public/React-cxxreact -Xcc -I/Users/momtajhusen/Desktop/UnderOneRoof/ios/Pods/Headers/Public/React-debug -Xcc -I/Users/momtajhusen/Desktop/UnderOneRoof/ios/Pods/Headers/Public/React-defaultsnativemodule -Xcc -I/Users/momtajhusen/Desktop/UnderOneRoof/ios/Pods/Headers/Public/React-domnativemodule -Xcc -I/Users/momtajhusen/Desktop/UnderOneRoof/ios/Pods/Headers/Public/React-featureflags -Xcc -I/Users/momtajhusen/Desktop/UnderOneRoof/ios/Pods/Headers/Public/React-featureflagsnativemodule -Xcc -I/Users/momtajhusen/Desktop/UnderOneRoof/ios/Pods/Headers/Public/React-graphics -Xcc -I/Users/momtajhusen/Desktop/UnderOneRoof/ios/Pods/Headers/Public/React-hermes -Xcc -I/Users/momtajhusen/Desktop/UnderOneRoof/ios/Pods/Headers/Public/React-idlecallbacksnativemodule -Xcc -I/Users/momtajhusen/Desktop/UnderOneRoof/ios/Pods/Headers/Public/React-jserrorhandler -Xcc -I/Users/momtajhusen/Desktop/UnderOneRoof/ios/Pods/Headers/Public/React-jsi -Xcc -I/Users/momtajhusen/Desktop/UnderOneRoof/ios/Pods/Headers/Public/React-jsiexecutor -Xcc -I/Users/momtajhusen/Desktop/UnderOneRoof/ios/Pods/Headers/Public/React-jsinspector -Xcc -I/Users/momtajhusen/Desktop/UnderOneRoof/ios/Pods/Headers/Public/React-logger -Xcc -I/Users/momtajhusen/Desktop/UnderOneRoof/ios/Pods/Headers/Public/React-microtasksnativemodule -Xcc -I/Users/momtajhusen/Desktop/UnderOneRoof/ios/Pods/Headers/Public/React-nativeconfig -Xcc -I/Users/momtajhusen/Desktop/UnderOneRoof/ios/Pods/Headers/Public/React-perflogger -Xcc -I/Users/momtajhusen/Desktop/UnderOneRoof/ios/Pods/Headers/Public/React-performancetimeline -Xcc -I/Users/momtajhusen/Desktop/UnderOneRoof/ios/Pods/Headers/Public/React-rendererconsistency -Xcc -I/Users/momtajhusen/Desktop/UnderOneRoof/ios/Pods/Headers/Public/React-rendererdebug -Xcc -I/Users/momtajhusen/Desktop/UnderOneRoof/ios/Pods/Headers/Public/React-runtimeexecutor -Xcc -I/Users/momtajhusen/Desktop/UnderOneRoof/ios/Pods/Headers/Public/React-runtimescheduler -Xcc -I/Users/momtajhusen/Desktop/UnderOneRoof/ios/Pods/Headers/Public/React-timing -Xcc -I/Users/momtajhusen/Desktop/UnderOneRoof/ios/Pods/Headers/Public/React-utils -Xcc -I/Users/momtajhusen/Desktop/UnderOneRoof/ios/Pods/Headers/Public/ReactCodegen -Xcc -I/Users/momtajhusen/Desktop/UnderOneRoof/ios/Pods/Headers/Public/ReactCommon -Xcc -I/Users/momtajhusen/Desktop/UnderOneRoof/ios/Pods/Headers/Public/Yoga -Xcc -I/Users/momtajhusen/Desktop/UnderOneRoof/ios/Pods/Headers/Public/boost -Xcc -I/Users/momtajhusen/Desktop/UnderOneRoof/ios/Pods/Headers/Public/fast_float -Xcc -I/Users/momtajhusen/Desktop/UnderOneRoof/ios/Pods/Headers/Public/fmt -Xcc -I/Users/momtajhusen/Desktop/UnderOneRoof/ios/Pods/Headers/Public/glog -Xcc -I/Users/momtajhusen/Desktop/UnderOneRoof/ios/Pods/Headers/Public/hermes-engine -Xcc -I/Users/momtajhusen/Library/Developer/Xcode/DerivedData/UnderOneRoof-bvjuhnhcwjrvzafftvptbetbcgcq/Build/Intermediates.noindex/Pods.build/Debug-iphonesimulator/ExpoDevice.build/DerivedSources-normal/arm64 -Xcc -I/Users/momtajhusen/Library/Developer/Xcode/DerivedData/UnderOneRoof-bvjuhnhcwjrvzafftvptbetbcgcq/Build/Intermediates.noindex/Pods.build/Debug-iphonesimulator/ExpoDevice.build/DerivedSources/arm64 -Xcc -I/Users/momtajhusen/Library/Developer/Xcode/DerivedData/UnderOneRoof-bvjuhnhcwjrvzafftvptbetbcgcq/Build/Intermediates.noindex/Pods.build/Debug-iphonesimulator/ExpoDevice.build/DerivedSources -Xcc -DPOD_CONFIGURATION_DEBUG\=1 -Xcc -DDEBUG\=1 -Xcc -DCOCOAPODS\=1 -emit-objc-header -emit-objc-header-path /Users/momtajhusen/Library/Developer/Xcode/DerivedData/UnderOneRoof-bvjuhnhcwjrvzafftvptbetbcgcq/Build/Intermediates.noindex/Pods.build/Debug-iphonesimulator/ExpoDevice.build/Objects-normal/arm64/ExpoDevice-Swift.h -working-directory /Users/momtajhusen/Desktop/UnderOneRoof/ios/Pods -no-emit-module-separately-wmo


debug SwiftDriver ExpoClipboard normal arm64 com.apple.xcode.tools.swift.compiler (in target 'ExpoClipboard' from project 'Pods')
    cd /Users/momtajhusen/Desktop/UnderOneRoof/ios/Pods
    builtin-SwiftDriver -- /Applications/Xcode.app/Contents/Developer/Toolchains/XcodeDefault.xctoolchain/usr/bin/swiftc -module-name ExpoClipboard -Onone -whole-module-optimization -enforce-exclusivity\=checked @/Users/momtajhusen/Library/Developer/Xcode/DerivedData/UnderOneRoof-bvjuhnhcwjrvzafftvptbetbcgcq/Build/Intermediates.noindex/Pods.build/Debug-iphonesimulator/ExpoClipboard.build/Objects-normal/arm64/ExpoClipboard.SwiftFileList -DDEBUG -D COCOAPODS -Xcc -fmodule-map-file\=/Users/momtajhusen/Library/Developer/Xcode/DerivedData/UnderOneRoof-bvjuhnhcwjrvzafftvptbetbcgcq/Build/Products/Debug-iphonesimulator/ExpoModulesCore/ExpoModulesCore.modulemap -Xcc -fmodule-map-file\=/Users/momtajhusen/Desktop/UnderOneRoof/ios/Pods/Headers/Public/DoubleConversion/DoubleConversion.modulemap -Xcc -fmodule-map-file\=/Users/momtajhusen/Desktop/UnderOneRoof/ios/Pods/Headers/Public/RCTDeprecation/RCTDeprecation.modulemap -Xcc -fmodule-map-file\=/Users/momtajhusen/Desktop/UnderOneRoof/ios/Pods/Headers/Public/RCTFabric/React-RCTFabric.modulemap -Xcc -fmodule-map-file\=/Users/momtajhusen/Desktop/UnderOneRoof/ios/Pods/Headers/Public/RCTTypeSafety/RCTTypeSafety.modulemap -Xcc -fmodule-map-file\=/Users/momtajhusen/Desktop/UnderOneRoof/ios/Pods/Headers/Public/React/React-Core.modulemap -Xcc -fmodule-map-file\=/Users/momtajhusen/Desktop/UnderOneRoof/ios/Pods/Headers/Public/ReactCodegen/ReactCodegen.modulemap -Xcc -fmodule-map-file\=/Users/momtajhusen/Desktop/UnderOneRoof/ios/Pods/Headers/Public/ReactCommon/ReactCommon.modulemap -Xcc -fmodule-map-file\=/Users/momtajhusen/Desktop/UnderOneRoof/ios/Pods/Headers/Public/React_Fabric/React-Fabric.modulemap -Xcc -fmodule-map-file\=/Users/momtajhusen/Desktop/UnderOneRoof/ios/Pods/Headers/Public/React_FabricComponents/React-FabricComponents.modulemap -Xcc -fmodule-map-file\=/Users/momtajhusen/Desktop/UnderOneRoof/ios/Pods/Headers/Public/React_NativeModulesApple/React-NativeModulesApple.modulemap -Xcc -fmodule-map-file\=/Users/momtajhusen/Desktop/UnderOneRoof/ios/Pods/Headers/Public/React_RCTAppDelegate/React-RCTAppDelegate.modulemap -Xcc -fmodule-map-file\=/Users/momtajhusen/Desktop/UnderOneRoof/ios/Pods/Headers/Public/folly/RCT-Folly.modulemap -Xcc -fmodule-map-file\=/Users/momtajhusen/Desktop/UnderOneRoof/ios/Pods/Headers/Public/glog/glog.modulemap -Xcc -fmodule-map-file\=/Users/momtajhusen/Desktop/UnderOneRoof/ios/Pods/Headers/Public/jsi/React-jsi.modulemap -Xcc -fmodule-map-file\=/Users/momtajhusen/Desktop/UnderOneRoof/ios/Pods/Headers/Public/jsinspector_modern/React-jsinspector.modulemap -Xcc -fmodule-map-file\=/Users/momtajhusen/Desktop/UnderOneRoof/ios/Pods/Headers/Public/react_debug/React-debug.modulemap -Xcc -fmodule-map-file\=/Users/momtajhusen/Desktop/UnderOneRoof/ios/Pods/Headers/Public/react_featureflags/React-featureflags.modulemap -Xcc -fmodule-map-file\=/Users/momtajhusen/Desktop/UnderOneRoof/ios/Pods/Headers/Public/react_nativemodule_defaults/React-defaultsnativemodule.modulemap -Xcc -fmodule-map-file\=/Users/momtajhusen/Desktop/UnderOneRoof/ios/Pods/Headers/Public/react_nativemodule_dom/React-domnativemodule.modulemap -Xcc -fmodule-map-file\=/Users/momtajhusen/Desktop/UnderOneRoof/ios/Pods/Headers/Public/react_nativemodule_featureflags/React-featureflagsnativemodule.modulemap -Xcc -fmodule-map-file\=/Users/momtajhusen/Desktop/UnderOneRoof/ios/Pods/Headers/Public/react_nativemodule_idlecallbacks/React-idlecallbacksnativemodule.modulemap -Xcc -fmodule-map-file\=/Users/momtajhusen/Desktop/UnderOneRoof/ios/Pods/Headers/Public/react_nativemodule_microtasks/React-microtasksnativemodule.modulemap -Xcc -fmodule-map-file\=/Users/momtajhusen/Desktop/UnderOneRoof/ios/Pods/Headers/Public/react_renderer_debug/React-rendererdebug.modulemap -Xcc -fmodule-map-file\=/Users/momtajhusen/Desktop/UnderOneRoof/ios/Pods/Headers/Public/react_renderer_graphics/React-graphics.modulemap -Xcc -fmodule-map-file\=/Users/momtajhusen/Desktop/UnderOneRoof/ios/Pods/Headers/Public/react_renderer_imagemanager/React-ImageManager.modulemap -Xcc -fmodule-map-file\=/Users/momtajhusen/Desktop/UnderOneRoof/ios/Pods/Headers/Public/react_utils/React-utils.modulemap -Xcc -fmodule-map-file\=/Users/momtajhusen/Desktop/UnderOneRoof/ios/Pods/Headers/Public/reacthermes/React-hermes.modulemap -Xcc -fmodule-map-file\=/Users/momtajhusen/Desktop/UnderOneRoof/ios/Pods/Headers/Public/yoga/Yoga.modulemap -import-underlying-module -Xcc -fmodule-map-file\=/Users/momtajhusen/Desktop/UnderOneRoof/ios/Pods/Headers/Public/ExpoClipboard/ExpoClipboard.modulemap -enable-bare-slash-regex -enable-experimental-feature DebugDescriptionMacro -sdk /Applications/Xcode.app/Contents/Developer/Platforms/iPhoneSimulator.platform/Developer/SDKs/iPhoneSimulator18.5.sdk -target arm64-apple-ios15.1-simulator -g -module-cache-path /Users/momtajhusen/Library/Developer/Xcode/DerivedData/ModuleCache.noindex -Xfrontend -serialize-debugging-options -enable-testing -index-store-path /Users/momtajhusen/Library/Developer/Xcode/DerivedData/UnderOneRoof-bvjuhnhcwjrvzafftvptbetbcgcq/Index.noindex/DataStore -swift-version 5 -I /Users/momtajhusen/Library/Developer/Xcode/DerivedData/UnderOneRoof-bvjuhnhcwjrvzafftvptbetbcgcq/Build/Products/Debug-iphonesimulator/ExpoClipboard -I /Users/momtajhusen/Library/Developer/Xcode/DerivedData/UnderOneRoof-bvjuhnhcwjrvzafftvptbetbcgcq/Build/Products/Debug-iphonesimulator/ExpoModulesCore -F /Users/momtajhusen/Library/Developer/Xcode/DerivedData/UnderOneRoof-bvjuhnhcwjrvzafftvptbetbcgcq/Build/Products/Debug-iphonesimulator/ExpoClipboard -F /Users/momtajhusen/Desktop/UnderOneRoof/ios/Pods/hermes-engine/destroot/Library/Frameworks/universal -F /Users/momtajhusen/Library/Developer/Xcode/DerivedData/UnderOneRoof-bvjuhnhcwjrvzafftvptbetbcgcq/Build/Products/Debug-iphonesimulator/XCFrameworkIntermediates/hermes-engine/Pre-built -c -num-threads 10 -Xcc -ivfsstatcache -Xcc /Users/momtajhusen/Library/Developer/Xcode/DerivedData/SDKStatCaches.noindex/iphonesimulator18.5-22F76-d5fc8ad4295d2ef488fb7d0f804ce0c4.sdkstatcache -output-file-map /Users/momtajhusen/Library/Developer/Xcode/DerivedData/UnderOneRoof-bvjuhnhcwjrvzafftvptbetbcgcq/Build/Intermediates.noindex/Pods.build/Debug-iphonesimulator/ExpoClipboard.build/Objects-normal/arm64/ExpoClipboard-OutputFileMap.json -use-frontend-parseable-output -save-temps -no-color-diagnostics -serialize-diagnostics -emit-dependencies -emit-module -emit-module-path /Users/momtajhusen/Library/Developer/Xcode/DerivedData/UnderOneRoof-bvjuhnhcwjrvzafftvptbetbcgcq/Build/Intermediates.noindex/Pods.build/Debug-iphonesimulator/ExpoClipboard.build/Objects-normal/arm64/ExpoClipboard.swiftmodule -validate-clang-modules-once -clang-build-session-file /Users/momtajhusen/Library/Developer/Xcode/DerivedData/ModuleCache.noindex/Session.modulevalidation -Xcc -I/Users/momtajhusen/Library/Developer/Xcode/DerivedData/UnderOneRoof-bvjuhnhcwjrvzafftvptbetbcgcq/Build/Intermediates.noindex/Pods.build/Debug-iphonesimulator/ExpoClipboard.build/swift-overrides.hmap -emit-const-values -Xfrontend -const-gather-protocols-file -Xfrontend /Users/momtajhusen/Library/Developer/Xcode/DerivedData/UnderOneRoof-bvjuhnhcwjrvzafftvptbetbcgcq/Build/Intermediates.noindex/Pods.build/Debug-iphonesimulator/ExpoClipboard.build/Objects-normal/arm64/ExpoClipboard_const_extract_protocols.json -Xcc -iquote -Xcc /Users/momtajhusen/Library/Developer/Xcode/DerivedData/UnderOneRoof-bvjuhnhcwjrvzafftvptbetbcgcq/Build/Intermediates.noindex/Pods.build/Debug-iphonesimulator/ExpoClipboard.build/ExpoClipboard-generated-files.hmap -Xcc -I/Users/momtajhusen/Library/Developer/Xcode/DerivedData/UnderOneRoof-bvjuhnhcwjrvzafftvptbetbcgcq/Build/Intermediates.noindex/Pods.build/Debug-iphonesimulator/ExpoClipboard.build/ExpoClipboard-own-target-headers.hmap -Xcc -I/Users/momtajhusen/Library/Developer/Xcode/DerivedData/UnderOneRoof-bvjuhnhcwjrvzafftvptbetbcgcq/Build/Intermediates.noindex/Pods.build/Debug-iphonesimulator/ExpoClipboard.build/ExpoClipboard-all-non-framework-target-headers.hmap -Xcc -ivfsoverlay -Xcc /Users/momta
debug jhusen/Library/Developer/Xcode/DerivedData/UnderOneRoof-bvjuhnhcwjrvzafftvptbetbcgcq/Build/Intermediates.noindex/Pods.build/Debug-iphonesimulator/Pods-8699adb1dd336b26511df848a716bd42-VFS-iphonesimulator/all-product-headers.yaml -Xcc -iquote -Xcc /Users/momtajhusen/Library/Developer/Xcode/DerivedData/UnderOneRoof-bvjuhnhcwjrvzafftvptbetbcgcq/Build/Intermediates.noindex/Pods.build/Debug-iphonesimulator/ExpoClipboard.build/ExpoClipboard-project-headers.hmap -Xcc -I/Users/momtajhusen/Library/Developer/Xcode/DerivedData/UnderOneRoof-bvjuhnhcwjrvzafftvptbetbcgcq/Build/Products/Debug-iphonesimulator/ExpoClipboard/include -Xcc -I/Users/momtajhusen/Desktop/UnderOneRoof/ios/Pods/Headers/Public -Xcc -I/Users/momtajhusen/Desktop/UnderOneRoof/ios/Pods/Headers/Public/DoubleConversion -Xcc -I/Users/momtajhusen/Desktop/UnderOneRoof/ios/Pods/Headers/Public/ExpoModulesCore -Xcc -I/Users/momtajhusen/Desktop/UnderOneRoof/ios/Pods/Headers/Public/FBLazyVector -Xcc -I/Users/momtajhusen/Desktop/UnderOneRoof/ios/Pods/Headers/Public/RCT-Folly -Xcc -I/Users/momtajhusen/Desktop/UnderOneRoof/ios/Pods/Headers/Public/RCTRequired -Xcc -I/Users/momtajhusen/Desktop/UnderOneRoof/ios/Pods/Headers/Public/RCTTypeSafety -Xcc -I/Users/momtajhusen/Desktop/UnderOneRoof/ios/Pods/Headers/Public/React-Core -Xcc -I/Users/momtajhusen/Desktop/UnderOneRoof/ios/Pods/Headers/Public/React-Fabric -Xcc -I/Users/momtajhusen/Desktop/UnderOneRoof/ios/Pods/Headers/Public/React-FabricComponents -Xcc -I/Users/momtajhusen/Desktop/UnderOneRoof/ios/Pods/Headers/Public/React-FabricImage -Xcc -I/Users/momtajhusen/Desktop/UnderOneRoof/ios/Pods/Headers/Public/React-ImageManager -Xcc -I/Users/momtajhusen/Desktop/UnderOneRoof/ios/Pods/Headers/Public/React-Mapbuffer -Xcc -I/Users/momtajhusen/Desktop/UnderOneRoof/ios/Pods/Headers/Public/React-NativeModulesApple -Xcc -I/Users/momtajhusen/Desktop/UnderOneRoof/ios/Pods/Headers/Public/React-RCTBlob -Xcc -I/Users/momtajhusen/Desktop/UnderOneRoof/ios/Pods/Headers/Public/React-RCTFabric -Xcc -I/Users/momtajhusen/Desktop/UnderOneRoof/ios/Pods/Headers/Public/React-RCTText -Xcc -I/Users/momtajhusen/Desktop/UnderOneRoof/ios/Pods/Headers/Public/React-RuntimeApple -Xcc -I/Users/momtajhusen/Desktop/UnderOneRoof/ios/Pods/Headers/Public/React-RuntimeCore -Xcc -I/Users/momtajhusen/Desktop/UnderOneRoof/ios/Pods/Headers/Public/React-RuntimeHermes -Xcc -I/Users/momtajhusen/Desktop/UnderOneRoof/ios/Pods/Headers/Public/React-callinvoker -Xcc -I/Users/momtajhusen/Desktop/UnderOneRoof/ios/Pods/Headers/Public/React-cxxreact -Xcc -I/Users/momtajhusen/Desktop/UnderOneRoof/ios/Pods/Headers/Public/React-debug -Xcc -I/Users/momtajhusen/Desktop/UnderOneRoof/ios/Pods/Headers/Public/React-defaultsnativemodule -Xcc -I/Users/momtajhusen/Desktop/UnderOneRoof/ios/Pods/Headers/Public/React-domnativemodule -Xcc -I/Users/momtajhusen/Desktop/UnderOneRoof/ios/Pods/Headers/Public/React-featureflags -Xcc -I/Users/momtajhusen/Desktop/UnderOneRoof/ios/Pods/Headers/Public/React-featureflagsnativemodule -Xcc -I/Users/momtajhusen/Desktop/UnderOneRoof/ios/Pods/Headers/Public/React-graphics -Xcc -I/Users/momtajhusen/Desktop/UnderOneRoof/ios/Pods/Headers/Public/React-hermes -Xcc -I/Users/momtajhusen/Desktop/UnderOneRoof/ios/Pods/Headers/Public/React-idlecallbacksnativemodule -Xcc -I/Users/momtajhusen/Desktop/UnderOneRoof/ios/Pods/Headers/Public/React-jserrorhandler -Xcc -I/Users/momtajhusen/Desktop/UnderOneRoof/ios/Pods/Headers/Public/React-jsi -Xcc -I/Users/momtajhusen/Desktop/UnderOneRoof/ios/Pods/Headers/Public/React-jsiexecutor -Xcc -I/Users/momtajhusen/Desktop/UnderOneRoof/ios/Pods/Headers/Public/React-jsinspector -Xcc -I/Users/momtajhusen/Desktop/UnderOneRoof/ios/Pods/Headers/Public/React-logger -Xcc -I/Users/momtajhusen/Desktop/UnderOneRoof/ios/Pods/Headers/Public/React-microtasksnativemodule -Xcc -I/Users/momtajhusen/Desktop/UnderOneRoof/ios/Pods/Headers/Public/React-nativeconfig -Xcc -I/Users/momtajhusen/Desktop/UnderOneRoof/ios/Pods/Headers/Public/React-perflogger -Xcc -I/Users/momtajhusen/Desktop/UnderOneRoof/ios/Pods/Headers/Public/React-performancetimeline -Xcc -I/Users/momtajhusen/Desktop/UnderOneRoof/ios/Pods/Headers/Public/React-rendererconsistency -Xcc -I/Users/momtajhusen/Desktop/UnderOneRoof/ios/Pods/Headers/Public/React-rendererdebug -Xcc -I/Users/momtajhusen/Desktop/UnderOneRoof/ios/Pods/Headers/Public/React-runtimeexecutor -Xcc -I/Users/momtajhusen/Desktop/UnderOneRoof/ios/Pods/Headers/Public/React-runtimescheduler -Xcc -I/Users/momtajhusen/Desktop/UnderOneRoof/ios/Pods/Headers/Public/React-timing -Xcc -I/Users/momtajhusen/Desktop/UnderOneRoof/ios/Pods/Headers/Public/React-utils -Xcc -I/Users/momtajhusen/Desktop/UnderOneRoof/ios/Pods/Headers/Public/ReactCodegen -Xcc -I/Users/momtajhusen/Desktop/UnderOneRoof/ios/Pods/Headers/Public/ReactCommon -Xcc -I/Users/momtajhusen/Desktop/UnderOneRoof/ios/Pods/Headers/Public/Yoga -Xcc -I/Users/momtajhusen/Desktop/UnderOneRoof/ios/Pods/Headers/Public/boost -Xcc -I/Users/momtajhusen/Desktop/UnderOneRoof/ios/Pods/Headers/Public/fast_float -Xcc -I/Users/momtajhusen/Desktop/UnderOneRoof/ios/Pods/Headers/Public/fmt -Xcc -I/Users/momtajhusen/Desktop/UnderOneRoof/ios/Pods/Headers/Public/glog -Xcc -I/Users/momtajhusen/Desktop/UnderOneRoof/ios/Pods/Headers/Public/hermes-engine -Xcc -I/Users/momtajhusen/Library/Developer/Xcode/DerivedData/UnderOneRoof-bvjuhnhcwjrvzafftvptbetbcgcq/Build/Intermediates.noindex/Pods.build/Debug-iphonesimulator/ExpoClipboard.build/DerivedSources-normal/arm64 -Xcc -I/Users/momtajhusen/Library/Developer/Xcode/DerivedData/UnderOneRoof-bvjuhnhcwjrvzafftvptbetbcgcq/Build/Intermediates.noindex/Pods.build/Debug-iphonesimulator/ExpoClipboard.build/DerivedSources/arm64 -Xcc -I/Users/momtajhusen/Library/Developer/Xcode/DerivedData/UnderOneRoof-bvjuhnhcwjrvzafftvptbetbcgcq/Build/Intermediates.noindex/Pods.build/Debug-iphonesimulator/ExpoClipboard.build/DerivedSources -Xcc -DPOD_CONFIGURATION_DEBUG\=1 -Xcc -DDEBUG\=1 -Xcc -DCOCOAPODS\=1 -emit-objc-header -emit-objc-header-path /Users/momtajhusen/Library/Developer/Xcode/DerivedData/UnderOneRoof-bvjuhnhcwjrvzafftvptbetbcgcq/Build/Intermediates.noindex/Pods.build/Debug-iphonesimulator/ExpoClipboard.build/Objects-normal/arm64/ExpoClipboard-Swift.h -working-directory /Users/momtajhusen/Desktop/UnderOneRoof/ios/Pods -no-emit-module-separately-wmo

debug 

debug SwiftDriver ExpoAsset normal arm64 com.apple.xcode.tools.swift.compiler (in target 'ExpoAsset' from project 'Pods')
    cd /Users/momtajhusen/Desktop/UnderOneRoof/ios/Pods
    builtin-SwiftDriver -- /Applications/Xcode.app/Contents/Developer/Toolchains/XcodeDefault.xctoolchain/usr/bin/swiftc -module-name ExpoAsset -Onone -whole-module-optimization -enforce-exclusivity\=checked @/Users/momtajhusen/Library/Developer/Xcode/DerivedData/UnderOneRoof-bvjuhnhcwjrvzafftvptbetbcgcq/Build/Intermediates.noindex/Pods.build/Debug-iphonesimulator/ExpoAsset.build/Objects-normal/arm64/ExpoAsset.SwiftFileList -DDEBUG -D COCOAPODS -Xcc -fmodule-map-file\=/Users/momtajhusen/Library/Developer/Xcode/DerivedData/UnderOneRoof-bvjuhnhcwjrvzafftvptbetbcgcq/Build/Products/Debug-iphonesimulator/ExpoModulesCore/ExpoModulesCore.modulemap -Xcc -fmodule-map-file\=/Users/momtajhusen/Desktop/UnderOneRoof/ios/Pods/Headers/Public/DoubleConversion/DoubleConversion.modulemap -Xcc -fmodule-map-file\=/Users/momtajhusen/Desktop/UnderOneRoof/ios/Pods/Headers/Public/RCTDeprecation/RCTDeprecation.modulemap -Xcc -fmodule-map-file\=/Users/momtajhusen/Desktop/UnderOneRoof/ios/Pods/Headers/Public/RCTFabric/React-RCTFabric.modulemap -Xcc -fmodule-map-file\=/Users/momtajhusen/Desktop/UnderOneRoof/ios/Pods/Headers/Public/RCTTypeSafety/RCTTypeSafety.modulemap -Xcc -fmodule-map-file\=/Users/momtajhusen/Desktop/UnderOneRoof/ios/Pods/Headers/Public/React/React-Core.modulemap -Xcc -fmodule-map-file\=/Users/momtajhusen/Desktop/UnderOneRoof/ios/Pods/Headers/Public/ReactCodegen/ReactCodegen.modulemap -Xcc -fmodule-map-file\=/Users/momtajhusen/Desktop/UnderOneRoof/ios/Pods/Headers/Public/ReactCommon/ReactCommon.modulemap -Xcc -fmodule-map-file\=/Users/momtajhusen/Desktop/UnderOneRoof/ios/Pods/Headers/Public/React_Fabric/React-Fabric.modulemap -Xcc -fmodule-map-file\=/Users/momtajhusen/Desktop/UnderOneRoof/ios/Pods/Headers/Public/React_FabricComponents/React-FabricComponents.modulemap -Xcc -fmodule-map-file\=/Users/momtajhusen/Desktop/UnderOneRoof/ios/Pods/Headers/Public/React_NativeModulesApple/React-NativeModulesApple.modulemap -Xcc -fmodule-map-file\=/Users/momtajhusen/Desktop/UnderOneRoof/ios/Pods/Headers/Public/React_RCTAppDelegate/React-RCTAppDelegate.modulemap -Xcc -fmodule-map-file\=/Users/momtajhusen/Desktop/UnderOneRoof/ios/Pods/Headers/Public/folly/RCT-Folly.modulemap -Xcc -fmodule-map-file\=/Users/momtajhusen/Desktop/UnderOneRoof/ios/Pods/Headers/Public/glog/glog.modulemap -Xcc -fmodule-map-file\=/Users/momtajhusen/Desktop/UnderOneRoof/ios/Pods/Headers/Public/jsi/React-jsi.modulemap -Xcc -fmodule-map-file\=/Users/momtajhusen/Desktop/UnderOneRoof/ios/Pods/Headers/Public/jsinspector_modern/React-jsinspector.modulemap -Xcc -fmodule-map-file\=/Users/momtajhusen/Desktop/UnderOneRoof/ios/Pods/Headers/Public/react_debug/React-debug.modulemap -Xcc -fmodule-map-file\=/Users/momtajhusen/Desktop/UnderOneRoof/ios/Pods/Headers/Public/react_featureflags/React-featureflags.modulemap -Xcc -fmodule-map-file\=/Users/momtajhusen/Desktop/UnderOneRoof/ios/Pods/Headers/Public/react_nativemodule_defaults/React-defaultsnativemodule.modulemap -Xcc -fmodule-map-file\=/Users/momtajhusen/Desktop/UnderOneRoof/ios/Pods/Headers/Public/react_nativemodule_dom/React-domnativemodule.modulemap -Xcc -fmodule-map-file\=/Users/momtajhusen/Desktop/UnderOneRoof/ios/Pods/Headers/Public/react_nativemodule_featureflags/React-featureflagsnativemodule.modulemap -Xcc -fmodule-map-file\=/Users/momtajhusen/Desktop/UnderOneRoof/ios/Pods/Headers/Public/react_nativemodule_idlecallbacks/React-idlecallbacksnativemodule.modulemap -Xcc -fmodule-map-file\=/Users/momtajhusen/Desktop/UnderOneRoof/ios/Pods/Headers/Public/react_nativemodule_microtasks/React-microtasksnativemodule.modulemap -Xcc -fmodule-map-file\=/Users/momtajhusen/Desktop/UnderOneRoof/ios/Pods/Headers/Public/react_renderer_debug/React-rendererdebug.modulemap -Xcc -fmodule-map-file\=/Users/momtajhusen/Desktop/UnderOneRoof/ios/Pods/Headers/Public/react_renderer_graphics/React-graphics.modulemap -Xcc -fmodule-map-file\=/Users/momtajhusen/Desktop/UnderOneRoof/ios/Pods/Headers/Public/react_renderer_imagemanager/React-ImageManager.modulemap -Xcc -fmodule-map-file\=/Users/momtajhusen/Desktop/UnderOneRoof/ios/Pods/Headers/Public/react_utils/React-utils.modulemap -Xcc -fmodule-map-file\=/Users/momtajhusen/Desktop/UnderOneRoof/ios/Pods/Headers/Public/reacthermes/React-hermes.modulemap -Xcc -fmodule-map-file\=/Users/momtajhusen/Desktop/UnderOneRoof/ios/Pods/Headers/Public/yoga/Yoga.modulemap -import-underlying-module -Xcc -fmodule-map-file\=/Users/momtajhusen/Desktop/UnderOneRoof/ios/Pods/Headers/Public/ExpoAsset/ExpoAsset.modulemap -enable-bare-slash-regex -enable-experimental-feature DebugDescriptionMacro -sdk /Applications/Xcode.app/Contents/Developer/Platforms/iPhoneSimulator.platform/Developer/SDKs/iPhoneSimulator18.5.sdk -target arm64-apple-ios15.1-simulator -g -module-cache-path /Users/momtajhusen/Library/Developer/Xcode/DerivedData/ModuleCache.noindex -Xfrontend -serialize-debugging-options -enable-testing -index-store-path /Users/momtajhusen/Library/Developer/Xcode/DerivedData/UnderOneRoof-bvjuhnhcwjrvzafftvptbetbcgcq/Index.noindex/DataStore -swift-version 5 -I /Users/momtajhusen/Library/Developer/Xcode/DerivedData/UnderOneRoof-bvjuhnhcwjrvzafftvptbetbcgcq/Build/Products/Debug-iphonesimulator/ExpoAsset -I /Users/momtajhusen/Library/Developer/Xcode/DerivedData/UnderOneRoof-bvjuhnhcwjrvzafftvptbetbcgcq/Build/Products/Debug-iphonesimulator/ExpoModulesCore -F /Users/momtajhusen/Library/Developer/Xcode/DerivedData/UnderOneRoof-bvjuhnhcwjrvzafftvptbetbcgcq/Build/Products/Debug-iphonesimulator/ExpoAsset -F /Users/momtajhusen/Desktop/UnderOneRoof/ios/Pods/hermes-engine/destroot/Library/Frameworks/universal -F /Users/momtajhusen/Library/Developer/Xcode/DerivedData/UnderOneRoof-bvjuhnhcwjrvzafftvptbetbcgcq/Build/Products/Debug-iphonesimulator/XCFrameworkIntermediates/hermes-engine/Pre-built -parse-as-library -c -num-threads 10 -Xcc -ivfsstatcache -Xcc /Users/momtajhusen/Library/Developer/Xcode/DerivedData/SDKStatCaches.noindex/iphonesimulator18.5-22F76-d5fc8ad4295d2ef488fb7d0f804ce0c4.sdkstatcache -output-file-map /Users/momtajhusen/Library/Developer/Xcode/DerivedData/UnderOneRoof-bvjuhnhcwjrvzafftvptbetbcgcq/Build/Intermediates.noindex/Pods.build/Debug-iphonesimulator/ExpoAsset.build/Objects-normal/arm64/ExpoAsset-OutputFileMap.json -use-frontend-parseable-output -save-temps -no-color-diagnostics -serialize-diagnostics -emit-dependencies -emit-module -emit-module-path /Users/momtajhusen/Library/Developer/Xcode/DerivedData/UnderOneRoof-bvjuhnhcwjrvzafftvptbetbcgcq/Build/Intermediates.noindex/Pods.build/Debug-iphonesimulator/ExpoAsset.build/Objects-normal/arm64/ExpoAsset.swiftmodule -validate-clang-modules-once -clang-build-session-file /Users/momtajhusen/Library/Developer/Xcode/DerivedData/ModuleCache.noindex/Session.modulevalidation -Xcc -I/Users/momtajhusen/Library/Developer/Xcode/DerivedData/UnderOneRoof-bvjuhnhcwjrvzafftvptbetbcgcq/Build/Intermediates.noindex/Pods.build/Debug-iphonesimulator/ExpoAsset.build/swift-overrides.hmap -emit-const-values -Xfrontend -const-gather-protocols-file -Xfrontend /Users/momtajhusen/Library/Developer/Xcode/DerivedData/UnderOneRoof-bvjuhnhcwjrvzafftvptbetbcgcq/Build/Intermediates.noindex/Pods.build/Debug-iphonesimulator/ExpoAsset.build/Objects-normal/arm64/ExpoAsset_const_extract_protocols.json -Xcc -iquote -Xcc /Users/momtajhusen/Library/Developer/Xcode/DerivedData/UnderOneRoof-bvjuhnhcwjrvzafftvptbetbcgcq/Build/Intermediates.noindex/Pods.build/Debug-iphonesimulator/ExpoAsset.build/ExpoAsset-generated-files.hmap -Xcc -I/Users/momtajhusen/Library/Developer/Xcode/DerivedData/UnderOneRoof-bvjuhnhcwjrvzafftvptbetbcgcq/Build/Intermediates.noindex/Pods.build/Debug-iphonesimulator/ExpoAsset.build/ExpoAsset-own-target-headers.hmap -Xcc -I/Users/momtajhusen/Library/Developer/Xcode/DerivedData/UnderOneRoof-bvjuhnhcwjrvzafftvptbetbcgcq/Build/Intermediates.noindex/Pods.build/Debug-iphonesimulator/ExpoAsset.build/ExpoAsset-all-non-framework-target-headers.hmap -Xcc -ivfsoverlay -Xcc /Users/momtajhusen/Library/Developer/Xcode/DerivedData/UnderOneRoof-bvjuhnhcwjrvza
debug fftvptbetbcgcq/Build/Intermediates.noindex/Pods.build/Debug-iphonesimulator/Pods-8699adb1dd336b26511df848a716bd42-VFS-iphonesimulator/all-product-headers.yaml -Xcc -iquote -Xcc /Users/momtajhusen/Library/Developer/Xcode/DerivedData/UnderOneRoof-bvjuhnhcwjrvzafftvptbetbcgcq/Build/Intermediates.noindex/Pods.build/Debug-iphonesimulator/ExpoAsset.build/ExpoAsset-project-headers.hmap -Xcc -I/Users/momtajhusen/Library/Developer/Xcode/DerivedData/UnderOneRoof-bvjuhnhcwjrvzafftvptbetbcgcq/Build/Products/Debug-iphonesimulator/ExpoAsset/include -Xcc -I/Users/momtajhusen/Desktop/UnderOneRoof/ios/Pods/Headers/Public -Xcc -I/Users/momtajhusen/Desktop/UnderOneRoof/ios/Pods/Headers/Public/DoubleConversion -Xcc -I/Users/momtajhusen/Desktop/UnderOneRoof/ios/Pods/Headers/Public/ExpoModulesCore -Xcc -I/Users/momtajhusen/Desktop/UnderOneRoof/ios/Pods/Headers/Public/FBLazyVector -Xcc -I/Users/momtajhusen/Desktop/UnderOneRoof/ios/Pods/Headers/Public/RCT-Folly -Xcc -I/Users/momtajhusen/Desktop/UnderOneRoof/ios/Pods/Headers/Public/RCTRequired -Xcc -I/Users/momtajhusen/Desktop/UnderOneRoof/ios/Pods/Headers/Public/RCTTypeSafety -Xcc -I/Users/momtajhusen/Desktop/UnderOneRoof/ios/Pods/Headers/Public/React-Core -Xcc -I/Users/momtajhusen/Desktop/UnderOneRoof/ios/Pods/Headers/Public/React-Fabric -Xcc -I/Users/momtajhusen/Desktop/UnderOneRoof/ios/Pods/Headers/Public/React-FabricComponents -Xcc -I/Users/momtajhusen/Desktop/UnderOneRoof/ios/Pods/Headers/Public/React-FabricImage -Xcc -I/Users/momtajhusen/Desktop/UnderOneRoof/ios/Pods/Headers/Public/React-ImageManager -Xcc -I/Users/momtajhusen/Desktop/UnderOneRoof/ios/Pods/Headers/Public/React-Mapbuffer -Xcc -I/Users/momtajhusen/Desktop/UnderOneRoof/ios/Pods/Headers/Public/React-NativeModulesApple -Xcc -I/Users/momtajhusen/Desktop/UnderOneRoof/ios/Pods/Headers/Public/React-RCTBlob -Xcc -I/Users/momtajhusen/Desktop/UnderOneRoof/ios/Pods/Headers/Public/React-RCTFabric -Xcc -I/Users/momtajhusen/Desktop/UnderOneRoof/ios/Pods/Headers/Public/React-RCTText -Xcc -I/Users/momtajhusen/Desktop/UnderOneRoof/ios/Pods/Headers/Public/React-RuntimeApple -Xcc -I/Users/momtajhusen/Desktop/UnderOneRoof/ios/Pods/Headers/Public/React-RuntimeCore -Xcc -I/Users/momtajhusen/Desktop/UnderOneRoof/ios/Pods/Headers/Public/React-RuntimeHermes -Xcc -I/Users/momtajhusen/Desktop/UnderOneRoof/ios/Pods/Headers/Public/React-callinvoker -Xcc -I/Users/momtajhusen/Desktop/UnderOneRoof/ios/Pods/Headers/Public/React-cxxreact -Xcc -I/Users/momtajhusen/Desktop/UnderOneRoof/ios/Pods/Headers/Public/React-debug -Xcc -I/Users/momtajhusen/Desktop/UnderOneRoof/ios/Pods/Headers/Public/React-defaultsnativemodule -Xcc -I/Users/momtajhusen/Desktop/UnderOneRoof/ios/Pods/Headers/Public/React-domnativemodule -Xcc -I/Users/momtajhusen/Desktop/UnderOneRoof/ios/Pods/Headers/Public/React-featureflags -Xcc -I/Users/momtajhusen/Desktop/UnderOneRoof/ios/Pods/Headers/Public/React-featureflagsnativemodule -Xcc -I/Users/momtajhusen/Desktop/UnderOneRoof/ios/Pods/Headers/Public/React-graphics -Xcc -I/Users/momtajhusen/Desktop/UnderOneRoof/ios/Pods/Headers/Public/React-hermes -Xcc -I/Users/momtajhusen/Desktop/UnderOneRoof/ios/Pods/Headers/Public/React-idlecallbacksnativemodule -Xcc -I/Users/momtajhusen/Desktop/UnderOneRoof/ios/Pods/Headers/Public/React-jserrorhandler -Xcc -I/Users/momtajhusen/Desktop/UnderOneRoof/ios/Pods/Headers/Public/React-jsi -Xcc -I/Users/momtajhusen/Desktop/UnderOneRoof/ios/Pods/Headers/Public/React-jsiexecutor -Xcc -I/Users/momtajhusen/Desktop/UnderOneRoof/ios/Pods/Headers/Public/React-jsinspector -Xcc -I/Users/momtajhusen/Desktop/UnderOneRoof/ios/Pods/Headers/Public/React-logger -Xcc -I/Users/momtajhusen/Desktop/UnderOneRoof/ios/Pods/Headers/Public/React-microtasksnativemodule -Xcc -I/Users/momtajhusen/Desktop/UnderOneRoof/ios/Pods/Headers/Public/React-nativeconfig -Xcc -I/Users/momtajhusen/Desktop/UnderOneRoof/ios/Pods/Headers/Public/React-perflogger -Xcc -I/Users/momtajhusen/Desktop/UnderOneRoof/ios/Pods/Headers/Public/React-performancetimeline -Xcc -I/Users/momtajhusen/Desktop/UnderOneRoof/ios/Pods/Headers/Public/React-rendererconsistency -Xcc -I/Users/momtajhusen/Desktop/UnderOneRoof/ios/Pods/Headers/Public/React-rendererdebug -Xcc -I/Users/momtajhusen/Desktop/UnderOneRoof/ios/Pods/Headers/Public/React-runtimeexecutor -Xcc -I/Users/momtajhusen/Desktop/UnderOneRoof/ios/Pods/Headers/Public/React-runtimescheduler -Xcc -I/Users/momtajhusen/Desktop/UnderOneRoof/ios/Pods/Headers/Public/React-timing -Xcc -I/Users/momtajhusen/Desktop/UnderOneRoof/ios/Pods/Headers/Public/React-utils -Xcc -I/Users/momtajhusen/Desktop/UnderOneRoof/ios/Pods/Headers/Public/ReactCodegen -Xcc -I/Users/momtajhusen/Desktop/UnderOneRoof/ios/Pods/Headers/Public/ReactCommon -Xcc -I/Users/momtajhusen/Desktop/UnderOneRoof/ios/Pods/Headers/Public/Yoga -Xcc -I/Users/momtajhusen/Desktop/UnderOneRoof/ios/Pods/Headers/Public/boost -Xcc -I/Users/momtajhusen/Desktop/UnderOneRoof/ios/Pods/Headers/Public/fast_float -Xcc -I/Users/momtajhusen/Desktop/UnderOneRoof/ios/Pods/Headers/Public/fmt -Xcc -I/Users/momtajhusen/Desktop/UnderOneRoof/ios/Pods/Headers/Public/glog -Xcc -I/Users/momtajhusen/Desktop/UnderOneRoof/ios/Pods/Headers/Public/hermes-engine -Xcc -I/Users/momtajhusen/Library/Developer/Xcode/DerivedData/UnderOneRoof-bvjuhnhcwjrvzafftvptbetbcgcq/Build/Intermediates.noindex/Pods.build/Debug-iphonesimulator/ExpoAsset.build/DerivedSources-normal/arm64 -Xcc -I/Users/momtajhusen/Library/Developer/Xcode/DerivedData/UnderOneRoof-bvjuhnhcwjrvzafftvptbetbcgcq/Build/Intermediates.noindex/Pods.build/Debug-iphonesimulator/ExpoAsset.build/DerivedSources/arm64 -Xcc -I/Users/momtajhusen/Library/Developer/Xcode/DerivedData/UnderOneRoof-bvjuhnhcwjrvzafftvptbetbcgcq/Build/Intermediates.noindex/Pods.build/Debug-iphonesimulator/ExpoAsset.build/DerivedSources -Xcc -DPOD_CONFIGURATION_DEBUG\=1 -Xcc -DDEBUG\=1 -Xcc -DCOCOAPODS\=1 -emit-objc-header -emit-objc-header-path /Users/momtajhusen/Library/Developer/Xcode/DerivedData/UnderOneRoof-bvjuhnhcwjrvzafftvptbetbcgcq/Build/Intermediates.noindex/Pods.build/Debug-iphonesimulator/ExpoAsset.build/Objects-normal/arm64/ExpoAsset-Swift.h -working-directory /Users/momtajhusen/Desktop/UnderOneRoof/ios/Pods -no-emit-module-separately-wmo


debug SwiftDriver Expo normal arm64 com.apple.xcode.tools.swift.compiler (in target 'Expo' from project 'Pods')
    cd /Users/momtajhusen/Desktop/UnderOneRoof/ios/Pods
    builtin-SwiftDriver -- /Applications/Xcode.app/Contents/Developer/Toolchains/XcodeDefault.xctoolchain/usr/bin/swiftc -module-name Expo -Onone -enforce-exclusivity\=checked @/Users/momtajhusen/Library/Developer/Xcode/DerivedData/UnderOneRoof-bvjuhnhcwjrvzafftvptbetbcgcq/Build/Intermediates.noindex/Pods.build/Debug-iphonesimulator/Expo.build/Objects-normal/arm64/Expo.SwiftFileList -DDEBUG -D COCOAPODS -Xcc -fmodule-map-file\=/Users/momtajhusen/Library/Developer/Xcode/DerivedData/UnderOneRoof-bvjuhnhcwjrvzafftvptbetbcgcq/Build/Products/Debug-iphonesimulator/ExpoModulesCore/ExpoModulesCore.modulemap -Xcc -fmodule-map-file\=/Users/momtajhusen/Desktop/UnderOneRoof/ios/Pods/Headers/Public/DoubleConversion/DoubleConversion.modulemap -Xcc -fmodule-map-file\=/Users/momtajhusen/Desktop/UnderOneRoof/ios/Pods/Headers/Public/RCTDeprecation/RCTDeprecation.modulemap -Xcc -fmodule-map-file\=/Users/momtajhusen/Desktop/UnderOneRoof/ios/Pods/Headers/Public/RCTFabric/React-RCTFabric.modulemap -Xcc -fmodule-map-file\=/Users/momtajhusen/Desktop/UnderOneRoof/ios/Pods/Headers/Public/RCTTypeSafety/RCTTypeSafety.modulemap -Xcc -fmodule-map-file\=/Users/momtajhusen/Desktop/UnderOneRoof/ios/Pods/Headers/Public/React/React-Core.modulemap -Xcc -fmodule-map-file\=/Users/momtajhusen/Desktop/UnderOneRoof/ios/Pods/Headers/Public/ReactCodegen/ReactCodegen.modulemap -Xcc -fmodule-map-file\=/Users/momtajhusen/Desktop/UnderOneRoof/ios/Pods/Headers/Public/ReactCommon/ReactCommon.modulemap -Xcc -fmodule-map-file\=/Users/momtajhusen/Desktop/UnderOneRoof/ios/Pods/Headers/Public/React_Fabric/React-Fabric.modulemap -Xcc -fmodule-map-file\=/Users/momtajhusen/Desktop/UnderOneRoof/ios/Pods/Headers/Public/React_FabricComponents/React-FabricComponents.modulemap -Xcc -fmodule-map-file\=/Users/momtajhusen/Desktop/UnderOneRoof/ios/Pods/Headers/Public/React_NativeModulesApple/React-NativeModulesApple.modulemap -Xcc -fmodule-map-file\=/Users/momtajhusen/Desktop/UnderOneRoof/ios/Pods/Headers/Public/React_RCTAppDelegate/React-RCTAppDelegate.modulemap -Xcc -fmodule-map-file\=/Users/momtajhusen/Desktop/UnderOneRoof/ios/Pods/Headers/Public/folly/RCT-Folly.modulemap -Xcc -fmodule-map-file\=/Users/momtajhusen/Desktop/UnderOneRoof/ios/Pods/Headers/Public/glog/glog.modulemap -Xcc -fmodule-map-file\=/Users/momtajhusen/Desktop/UnderOneRoof/ios/Pods/Headers/Public/jsi/React-jsi.modulemap -Xcc -fmodule-map-file\=/Users/momtajhusen/Desktop/UnderOneRoof/ios/Pods/Headers/Public/jsinspector_modern/React-jsinspector.modulemap -Xcc -fmodule-map-file\=/Users/momtajhusen/Desktop/UnderOneRoof/ios/Pods/Headers/Public/react_debug/React-debug.modulemap -Xcc -fmodule-map-file\=/Users/momtajhusen/Desktop/UnderOneRoof/ios/Pods/Headers/Public/react_featureflags/React-featureflags.modulemap -Xcc -fmodule-map-file\=/Users/momtajhusen/Desktop/UnderOneRoof/ios/Pods/Headers/Public/react_nativemodule_defaults/React-defaultsnativemodule.modulemap -Xcc -fmodule-map-file\=/Users/momtajhusen/Desktop/UnderOneRoof/ios/Pods/Headers/Public/react_nativemodule_dom/React-domnativemodule.modulemap -Xcc -fmodule-map-file\=/Users/momtajhusen/Desktop/UnderOneRoof/ios/Pods/Headers/Public/react_nativemodule_featureflags/React-featureflagsnativemodule.modulemap -Xcc -fmodule-map-file\=/Users/momtajhusen/Desktop/UnderOneRoof/ios/Pods/Headers/Public/react_nativemodule_idlecallbacks/React-idlecallbacksnativemodule.modulemap -Xcc -fmodule-map-file\=/Users/momtajhusen/Desktop/UnderOneRoof/ios/Pods/Headers/Public/react_nativemodule_microtasks/React-microtasksnativemodule.modulemap -Xcc -fmodule-map-file\=/Users/momtajhusen/Desktop/UnderOneRoof/ios/Pods/Headers/Public/react_renderer_debug/React-rendererdebug.modulemap -Xcc -fmodule-map-file\=/Users/momtajhusen/Desktop/UnderOneRoof/ios/Pods/Headers/Public/react_renderer_graphics/React-graphics.modulemap -Xcc -fmodule-map-file\=/Users/momtajhusen/Desktop/UnderOneRoof/ios/Pods/Headers/Public/react_renderer_imagemanager/React-ImageManager.modulemap -Xcc -fmodule-map-file\=/Users/momtajhusen/Desktop/UnderOneRoof/ios/Pods/Headers/Public/react_utils/React-utils.modulemap -Xcc -fmodule-map-file\=/Users/momtajhusen/Desktop/UnderOneRoof/ios/Pods/Headers/Public/reacthermes/React-hermes.modulemap -Xcc -fmodule-map-file\=/Users/momtajhusen/Desktop/UnderOneRoof/ios/Pods/Headers/Public/yoga/Yoga.modulemap -import-underlying-module -Xcc -fmodule-map-file\=/Users/momtajhusen/Desktop/UnderOneRoof/ios/Pods/Headers/Public/Expo/Expo.modulemap -enable-bare-slash-regex -enable-experimental-feature DebugDescriptionMacro -sdk /Applications/Xcode.app/Contents/Developer/Platforms/iPhoneSimulator.platform/Developer/SDKs/iPhoneSimulator18.5.sdk -target arm64-apple-ios15.1-simulator -g -module-cache-path /Users/momtajhusen/Library/Developer/Xcode/DerivedData/ModuleCache.noindex -Xfrontend -serialize-debugging-options -enable-testing -index-store-path /Users/momtajhusen/Library/Developer/Xcode/DerivedData/UnderOneRoof-bvjuhnhcwjrvzafftvptbetbcgcq/Index.noindex/DataStore -swift-version 5 -I /Users/momtajhusen/Library/Developer/Xcode/DerivedData/UnderOneRoof-bvjuhnhcwjrvzafftvptbetbcgcq/Build/Products/Debug-iphonesimulator/Expo -I /Users/momtajhusen/Library/Developer/Xcode/DerivedData/UnderOneRoof-bvjuhnhcwjrvzafftvptbetbcgcq/Build/Products/Debug-iphonesimulator/ExpoModulesCore -F /Users/momtajhusen/Library/Developer/Xcode/DerivedData/UnderOneRoof-bvjuhnhcwjrvzafftvptbetbcgcq/Build/Products/Debug-iphonesimulator/Expo -F /Users/momtajhusen/Desktop/UnderOneRoof/ios/Pods/hermes-engine/destroot/Library/Frameworks/universal -F /Users/momtajhusen/Library/Developer/Xcode/DerivedData/UnderOneRoof-bvjuhnhcwjrvzafftvptbetbcgcq/Build/Products/Debug-iphonesimulator/XCFrameworkIntermediates/hermes-engine/Pre-built -c -j10 -enable-batch-mode -incremental -Xcc -ivfsstatcache -Xcc /Users/momtajhusen/Library/Developer/Xcode/DerivedData/SDKStatCaches.noindex/iphonesimulator18.5-22F76-d5fc8ad4295d2ef488fb7d0f804ce0c4.sdkstatcache -output-file-map /Users/momtajhusen/Library/Developer/Xcode/DerivedData/UnderOneRoof-bvjuhnhcwjrvzafftvptbetbcgcq/Build/Intermediates.noindex/Pods.build/Debug-iphonesimulator/Expo.build/Objects-normal/arm64/Expo-OutputFileMap.json -use-frontend-parseable-output -save-temps -no-color-diagnostics -serialize-diagnostics -emit-dependencies -emit-module -emit-module-path /Users/momtajhusen/Library/Developer/Xcode/DerivedData/UnderOneRoof-bvjuhnhcwjrvzafftvptbetbcgcq/Build/Intermediates.noindex/Pods.build/Debug-iphonesimulator/Expo.build/Objects-normal/arm64/Expo.swiftmodule -validate-clang-modules-once -clang-build-session-file /Users/momtajhusen/Library/Developer/Xcode/DerivedData/ModuleCache.noindex/Session.modulevalidation -Xcc -I/Users/momtajhusen/Library/Developer/Xcode/DerivedData/UnderOneRoof-bvjuhnhcwjrvzafftvptbetbcgcq/Build/Intermediates.noindex/Pods.build/Debug-iphonesimulator/Expo.build/swift-overrides.hmap -emit-const-values -Xfrontend -const-gather-protocols-file -Xfrontend /Users/momtajhusen/Library/Developer/Xcode/DerivedData/UnderOneRoof-bvjuhnhcwjrvzafftvptbetbcgcq/Build/Intermediates.noindex/Pods.build/Debug-iphonesimulator/Expo.build/Objects-normal/arm64/Expo_const_extract_protocols.json -Xcc -iquote -Xcc /Users/momtajhusen/Library/Developer/Xcode/DerivedData/UnderOneRoof-bvjuhnhcwjrvzafftvptbetbcgcq/Build/Intermediates.noindex/Pods.build/Debug-iphonesimulator/Expo.build/Expo-generated-files.hmap -Xcc -I/Users/momtajhusen/Library/Developer/Xcode/DerivedData/UnderOneRoof-bvjuhnhcwjrvzafftvptbetbcgcq/Build/Intermediates.noindex/Pods.build/Debug-iphonesimulator/Expo.build/Expo-own-target-headers.hmap -Xcc -I/Users/momtajhusen/Library/Developer/Xcode/DerivedData/UnderOneRoof-bvjuhnhcwjrvzafftvptbetbcgcq/Build/Intermediates.noindex/Pods.build/Debug-iphonesimulator/Expo.build/Expo-all-non-framework-target-headers.hmap -Xcc -ivfsoverlay -Xcc /Users/momtajhusen/Library/Developer/Xcode/DerivedData/UnderOneRoof-bvjuhnhcwjrvzafftvptbetbcgcq/Build/Intermediates.noindex/Pods.build/Debug-iphonesimulator/Pods-8699adb1dd336b26511df848a716bd42-VFS-iphonesimulator/
debug all-product-headers.yaml -Xcc -iquote -Xcc /Users/momtajhusen/Library/Developer/Xcode/DerivedData/UnderOneRoof-bvjuhnhcwjrvzafftvptbetbcgcq/Build/Intermediates.noindex/Pods.build/Debug-iphonesimulator/Expo.build/Expo-project-headers.hmap -Xcc -I/Users/momtajhusen/Library/Developer/Xcode/DerivedData/UnderOneRoof-bvjuhnhcwjrvzafftvptbetbcgcq/Build/Products/Debug-iphonesimulator/Expo/include -Xcc -I/Users/momtajhusen/Desktop/UnderOneRoof/ios/Pods/Headers/Private -Xcc -I/Users/momtajhusen/Desktop/UnderOneRoof/ios/Pods/Headers/Private/Expo -Xcc -I/Users/momtajhusen/Desktop/UnderOneRoof/ios/Pods/Headers/Public -Xcc -I/Users/momtajhusen/Desktop/UnderOneRoof/ios/Pods/Headers/Public/DoubleConversion -Xcc -I/Users/momtajhusen/Desktop/UnderOneRoof/ios/Pods/Headers/Public/Expo -Xcc -I/Users/momtajhusen/Desktop/UnderOneRoof/ios/Pods/Headers/Public/ExpoModulesCore -Xcc -I/Users/momtajhusen/Desktop/UnderOneRoof/ios/Pods/Headers/Public/FBLazyVector -Xcc -I/Users/momtajhusen/Desktop/UnderOneRoof/ios/Pods/Headers/Public/RCT-Folly -Xcc -I/Users/momtajhusen/Desktop/UnderOneRoof/ios/Pods/Headers/Public/RCTRequired -Xcc -I/Users/momtajhusen/Desktop/UnderOneRoof/ios/Pods/Headers/Public/RCTTypeSafety -Xcc -I/Users/momtajhusen/Desktop/UnderOneRoof/ios/Pods/Headers/Public/React-Core -Xcc -I/Users/momtajhusen/Desktop/UnderOneRoof/ios/Pods/Headers/Public/React-Fabric -Xcc -I/Users/momtajhusen/Desktop/UnderOneRoof/ios/Pods/Headers/Public/React-FabricComponents -Xcc -I/Users/momtajhusen/Desktop/UnderOneRoof/ios/Pods/Headers/Public/React-FabricImage -Xcc -I/Users/momtajhusen/Desktop/UnderOneRoof/ios/Pods/Headers/Public/React-ImageManager -Xcc -I/Users/momtajhusen/Desktop/UnderOneRoof/ios/Pods/Headers/Public/React-Mapbuffer -Xcc -I/Users/momtajhusen/Desktop/UnderOneRoof/ios/Pods/Headers/Public/React-NativeModulesApple -Xcc -I/Users/momtajhusen/Desktop/UnderOneRoof/ios/Pods/Headers/Public/React-RCTBlob -Xcc -I/Users/momtajhusen/Desktop/UnderOneRoof/ios/Pods/Headers/Public/React-RCTFabric -Xcc -I/Users/momtajhusen/Desktop/UnderOneRoof/ios/Pods/Headers/Public/React-RCTText -Xcc -I/Users/momtajhusen/Desktop/UnderOneRoof/ios/Pods/Headers/Public/React-RuntimeApple -Xcc -I/Users/momtajhusen/Desktop/UnderOneRoof/ios/Pods/Headers/Public/React-RuntimeCore -Xcc -I/Users/momtajhusen/Desktop/UnderOneRoof/ios/Pods/Headers/Public/React-RuntimeHermes -Xcc -I/Users/momtajhusen/Desktop/UnderOneRoof/ios/Pods/Headers/Public/React-callinvoker -Xcc -I/Users/momtajhusen/Desktop/UnderOneRoof/ios/Pods/Headers/Public/React-cxxreact -Xcc -I/Users/momtajhusen/Desktop/UnderOneRoof/ios/Pods/Headers/Public/React-debug -Xcc -I/Users/momtajhusen/Desktop/UnderOneRoof/ios/Pods/Headers/Public/React-defaultsnativemodule -Xcc -I/Users/momtajhusen/Desktop/UnderOneRoof/ios/Pods/Headers/Public/React-domnativemodule -Xcc -I/Users/momtajhusen/Desktop/UnderOneRoof/ios/Pods/Headers/Public/React-featureflags -Xcc -I/Users/momtajhusen/Desktop/UnderOneRoof/ios/Pods/Headers/Public/React-featureflagsnativemodule -Xcc -I/Users/momtajhusen/Desktop/UnderOneRoof/ios/Pods/Headers/Public/React-graphics -Xcc -I/Users/momtajhusen/Desktop/UnderOneRoof/ios/Pods/Headers/Public/React-hermes -Xcc -I/Users/momtajhusen/Desktop/UnderOneRoof/ios/Pods/Headers/Public/React-idlecallbacksnativemodule -Xcc -I/Users/momtajhusen/Desktop/UnderOneRoof/ios/Pods/Headers/Public/React-jserrorhandler -Xcc -I/Users/momtajhusen/Desktop/UnderOneRoof/ios/Pods/Headers/Public/React-jsi -Xcc -I/Users/momtajhusen/Desktop/UnderOneRoof/ios/Pods/Headers/Public/React-jsiexecutor -Xcc -I/Users/momtajhusen/Desktop/UnderOneRoof/ios/Pods/Headers/Public/React-jsinspector -Xcc -I/Users/momtajhusen/Desktop/UnderOneRoof/ios/Pods/Headers/Public/React-logger -Xcc -I/Users/momtajhusen/Desktop/UnderOneRoof/ios/Pods/Headers/Public/React-microtasksnativemodule -Xcc -I/Users/momtajhusen/Desktop/UnderOneRoof/ios/Pods/Headers/Public/React-nativeconfig -Xcc -I/Users/momtajhusen/Desktop/UnderOneRoof/ios/Pods/Headers/Public/React-perflogger -Xcc -I/Users/momtajhusen/Desktop/UnderOneRoof/ios/Pods/Headers/Public/React-performancetimeline -Xcc -I/Users/momtajhusen/Desktop/UnderOneRoof/ios/Pods/Headers/Public/React-rendererconsistency -Xcc -I/Users/momtajhusen/Desktop/UnderOneRoof/ios/Pods/Headers/Public/React-rendererdebug -Xcc -I/Users/momtajhusen/Desktop/UnderOneRoof/ios/Pods/Headers/Public/React-runtimeexecutor -Xcc -I/Users/momtajhusen/Desktop/UnderOneRoof/ios/Pods/Headers/Public/React-runtimescheduler -Xcc -I/Users/momtajhusen/Desktop/UnderOneRoof/ios/Pods/Headers/Public/React-timing -Xcc -I/Users/momtajhusen/Desktop/UnderOneRoof/ios/Pods/Headers/Public/React-utils -Xcc -I/Users/momtajhusen/Desktop/UnderOneRoof/ios/Pods/Headers/Public/ReactCodegen -Xcc -I/Users/momtajhusen/Desktop/UnderOneRoof/ios/Pods/Headers/Public/ReactCommon -Xcc -I/Users/momtajhusen/Desktop/UnderOneRoof/ios/Pods/Headers/Public/Yoga -Xcc -I/Users/momtajhusen/Desktop/UnderOneRoof/ios/Pods/Headers/Public/boost -Xcc -I/Users/momtajhusen/Desktop/UnderOneRoof/ios/Pods/Headers/Public/fast_float -Xcc -I/Users/momtajhusen/Desktop/UnderOneRoof/ios/Pods/Headers/Public/fmt -Xcc -I/Users/momtajhusen/Desktop/UnderOneRoof/ios/Pods/Headers/Public/glog -Xcc -I/Users/momtajhusen/Desktop/UnderOneRoof/ios/Pods/Headers/Public/hermes-engine -Xcc -I/Users/momtajhusen/Library/Developer/Xcode/DerivedData/UnderOneRoof-bvjuhnhcwjrvzafftvptbetbcgcq/Build/Intermediates.noindex/Pods.build/Debug-iphonesimulator/Expo.build/DerivedSources-normal/arm64 -Xcc -I/Users/momtajhusen/Library/Developer/Xcode/DerivedData/UnderOneRoof-bvjuhnhcwjrvzafftvptbetbcgcq/Build/Intermediates.noindex/Pods.build/Debug-iphonesimulator/Expo.build/DerivedSources/arm64 -Xcc -I/Users/momtajhusen/Library/Developer/Xcode/DerivedData/UnderOneRoof-bvjuhnhcwjrvzafftvptbetbcgcq/Build/Intermediates.noindex/Pods.build/Debug-iphonesimulator/Expo.build/DerivedSources -Xcc -DPOD_CONFIGURATION_DEBUG\=1 -Xcc -DDEBUG\=1 -Xcc -DCOCOAPODS\=1 -emit-objc-header -emit-objc-header-path /Users/momtajhusen/Library/Developer/Xcode/DerivedData/UnderOneRoof-bvjuhnhcwjrvzafftvptbetbcgcq/Build/Intermediates.noindex/Pods.build/Debug-iphonesimulator/Expo.build/Objects-normal/arm64/Expo-Swift.h -working-directory /Users/momtajhusen/Desktop/UnderOneRoof/ios/Pods -experimental-emit-module-separately -disable-cmo

SwiftEmitModule normal arm64 Emitting\ module\ for\ ExpoPrint (in target 'ExpoPrint' from project 'Pods')
debug 

EmitSwiftModule normal arm64 (in target 'ExpoPrint' from project 'Pods')
    cd /Users/momtajhusen/Desktop/UnderOneRoof/ios/Pods
    

debug /Users/momtajhusen/Desktop/UnderOneRoof/node_modules/expo-print/ios/ExpoPrintExceptions.swift:3:16: warning: non-final class 'PrinterPickerException' cannot conform to 'Sendable'; use '@unchecked Sendable'; this is an error in the Swift 6 language mode
internal class PrinterPickerException: GenericException<String?> {
               ^
/Users/momtajhusen/Desktop/UnderOneRoof/node_modules/expo-print/ios/ExpoPrintExceptions.swift:9:16: warning: non-final class 'ViewControllerNotFoundException' cannot conform to 'Sendable'; use '@unchecked Sendable'; this is an error in the Swift 6 language mode
internal class ViewControllerNotFoundException: Exception {
               ^
/Users/momtajhusen/Desktop/UnderOneRoof/node_modules/expo-print/ios/ExpoPrintExceptions.swift:15:16: warning: non-final class 'PickerCanceledException' cannot conform to 'Sendable'; use '@unchecked Sendable'; this is an error in the Swift 6 language mode
internal class PickerCanceledException: Exception {
               ^
/Users/momtajhusen/Desktop/UnderOneRoof/node_modules/expo-print/ios/ExpoPrintExceptions.swift:21:16: warning: non-final class 'PdfNotRenderedException' cannot conform to 'Sendable'; use '@unchecked Sendable'; this is an error in the Swift 6 language mode
internal class PdfNotRenderedException: GenericException<String?> {
               ^
/Users/momtajhusen/Desktop/UnderOneRoof/node_modules/expo-print/ios/ExpoPrintExceptions.swift:27:16: warning: non-final class 'PdfSavingException' cannot conform to 'Sendable'; use '@unchecked Sendable'; this is an error in the Swift 6 language mode
internal class PdfSavingException: Exception {
               ^
/Users/momtajhusen/Desktop/UnderOneRoof/node_modules/expo-print/ios/ExpoPrintExceptions.swift:33:16: warning: non-final class 'UnsupportedFormatException' cannot conform to 'Sendable'; use '@unchecked Sendable'; this is an error in the Swift 6 language mode
internal class UnsupportedFormatException: GenericException<String?> {
               ^
/Users/momtajhusen/Desktop/UnderOneRoof/node_modules/expo-print/ios/ExpoPrintExceptions.swift:39:16: warning: non-final class 'FileOpeningException' cannot conform to 'Sendable'; use '@unchecked Sendable'; this is an error in the Swift 6 language mode
internal class FileOpeningException: Exception {
               ^
/Users/momtajhusen/Desktop/UnderOneRoof/node_modules/expo-print/ios/ExpoPrintExceptions.swift:45:16: warning: non-final class 'InvalidUrlException' cannot conform to 'Sendable'; use '@unchecked Sendable'; this is an error in the Swift 6 language mode
internal class InvalidUrlException: Exception {
               ^
/Users/momtajhusen/Desktop/UnderOneRoof/node_modules/expo-print/ios/ExpoPrintExceptions.swift:51:16: warning: non-final class 'NoPrintDataException' cannot conform to 'Sendable'; use '@unchecked Sendable'; this is an error in the Swift 6 language mode
internal class NoPrintDataException: Exception {
               ^
/Users/momtajhusen/Desktop/UnderOneRoof/node_modules/expo-print/ios/ExpoPrintExceptions.swift:57:16: warning: non-final class 'PrintingJobFailedException' cannot conform to 'Sendable'; use '@unchecked Sendable'; this is an error in the Swift 6 language mode
internal class PrintingJobFailedException: GenericException<String?> {
               ^
/Users/momtajhusen/Desktop/UnderOneRoof/node_modules/expo-print/ios/ExpoPrintExceptions.swift:63:16: warning: non-final class 'PrintIncompleteException' cannot conform to 'Sendable'; use '@unchecked Sendable'; this is an error in the Swift 6 language mode
internal class PrintIncompleteException: Exception {
               ^


debug SwiftEmitModule normal arm64 Emitting\ module\ for\ ExpoFont (in target 'ExpoFont' from project 'Pods')

EmitSwiftModule normal arm64 (in target 'ExpoFont' from project 'Pods')
    cd /Users/momtajhusen/Desktop/UnderOneRoof/ios/Pods
    

SwiftCompile normal arm64 Compiling\ DocumentPickerModule.swift,\ DocumentPickerOptions.swift,\ DocumentPickerResponse.swift,\ DocumentPickingDelegate.swift,\ Exceptions.swift /Users/momtajhusen/Desktop/UnderOneRoof/node_modules/expo-document-picker/ios/DocumentPickerModule.swift /Users/momtajhusen/Desktop/UnderOneRoof/node_modules/expo-document-picker/ios/DocumentPickerOptions.swift /Users/momtajhusen/Desktop/UnderOneRoof/node_modules/expo-document-picker/ios/DocumentPickerResponse.swift /Users/momtajhusen/Desktop/UnderOneRoof/node_modules/expo-document-picker/ios/DocumentPickingDelegate.swift /Users/momtajhusen/Desktop/UnderOneRoof/node_modules/expo-document-picker/ios/Exceptions.swift (in target 'ExpoDocumentPicker' from project 'Pods')
CompileSwift normal arm64 (in target 'ExpoDocumentPicker' from project 'Pods')
    cd /Users/momtajhusen/Desktop/UnderOneRoof/ios/Pods
    

debug 

debug SwiftEmitModule normal arm64 Emitting\ module\ for\ ExpoFileSystem (in target 'ExpoFileSystem' from project 'Pods')

EmitSwiftModule normal arm64 (in target 'ExpoFileSystem' from project 'Pods')
    cd /Users/momtajhusen/Desktop/UnderOneRoof/ios/Pods
    

debug /Users/momtajhusen/Desktop/UnderOneRoof/node_modules/expo-file-system/ios/Next/FileSystemNextExceptions.swift:4:16: warning: non-final class 'CopyOrMoveDirectoryToFileException' cannot conform to 'Sendable'; use '@unchecked Sendable'; this is an error in the Swift 6 language mode
internal class CopyOrMoveDirectoryToFileException: Exception {
               ^
/Users/momtajhusen/Desktop/UnderOneRoof/node_modules/expo-file-system/ios/Next/FileSystemNextExceptions.swift:10:16: warning: non-final class 'UnableToDownloadException' cannot conform to 'Sendable'; use '@unchecked Sendable'; this is an error in the Swift 6 language mode
internal class UnableToDownloadException: GenericException<String> {
               ^
/Users/momtajhusen/Desktop/UnderOneRoof/node_modules/expo-file-system/ios/Next/FileSystemNextExceptions.swift:16:16: warning: non-final class 'InvalidTypeFileException' cannot conform to 'Sendable'; use '@unchecked Sendable'; this is an error in the Swift 6 language mode
internal class InvalidTypeFileException: Exception {
               ^
/Users/momtajhusen/Desktop/UnderOneRoof/node_modules/expo-file-system/ios/Next/FileSystemNextExceptions.swift:22:16: warning: non-final class 'InvalidTypeDirectoryException' cannot conform to 'Sendable'; use '@unchecked Sendable'; this is an error in the Swift 6 language mode
internal class InvalidTypeDirectoryException: Exception {
               ^
/Users/momtajhusen/Desktop/UnderOneRoof/node_modules/expo-file-system/ios/Next/FileSystemNextExceptions.swift:28:16: warning: non-final class 'UnableToGetFileSizeException' cannot conform to 'Sendable'; use '@unchecked Sendable'; this is an error in the Swift 6 language mode
internal class UnableToGetFileSizeException: GenericException<String> {
               ^
/Users/momtajhusen/Desktop/UnderOneRoof/node_modules/expo-file-system/ios/Next/FileSystemNextExceptions.swift:34:16: warning: non-final class 'UnableToDeleteException' cannot conform to 'Sendable'; use '@unchecked Sendable'; this is an error in the Swift 6 language mode
internal class UnableToDeleteException: GenericException<String> {
               ^
/Users/momtajhusen/Desktop/UnderOneRoof/node_modules/expo-file-system/ios/Next/FileSystemNextExceptions.swift:40:16: warning: non-final class 'UnableToCreateDirectoryException' cannot conform to 'Sendable'; use '@unchecked Sendable'; this is an error in the Swift 6 language mode
internal class UnableToCreateDirectoryException: GenericException<String> {
               ^
/Users/momtajhusen/Desktop/UnderOneRoof/node_modules/expo-file-system/ios/Next/FileSystemNextExceptions.swift:46:16: warning: non-final class 'UnableToCreateFileException' cannot conform to 'Sendable'; use '@unchecked Sendable'; this is an error in the Swift 6 language mode
internal class UnableToCreateFileException: GenericException<String> {
               ^
/Users/momtajhusen/Desktop/UnderOneRoof/node_modules/expo-file-system/ios/Next/FileSystemNextExceptions.swift:52:16: warning: non-final class 'UnableToReadHandleException' cannot conform to 'Sendable'; use '@unchecked Sendable'; this is an error in the Swift 6 language mode
internal class UnableToReadHandleException: GenericException<String> {
               ^
/Users/momtajhusen/Desktop/UnderOneRoof/node_modules/expo-file-system/ios/Next/FileSystemNextExceptions.swift:58:16: warning: non-final class 'DestinationAlreadyExistsException' cannot conform to 'Sendable'; use '@unchecked Sendable'; this is an error in the Swift 6 language mode
internal class DestinationAlreadyExistsException: Exception {
               ^

SwiftCompile normal arm64 Compiling\ DeviceModule.swift,\ UIDevice.swift /Users/momtajhusen/Desktop/UnderOneRoof/node_modules/expo-device/ios/DeviceModule.swift /Users/momtajhusen/Desktop/UnderOneRoof/node_modules/expo-device/ios/UIDevice.swift (in target 'ExpoDevice' from project 'Pods')

debug Failed frontend command:
/Applications/Xcode.app/Contents/Developer/Toolchains/XcodeDefault.xctoolchain/usr/bin/swift-frontend -frontend -c /Users/momtajhusen/Desktop/UnderOneRoof/node_modules/expo-device/ios/DeviceModule.swift /Users/momtajhusen/Desktop/UnderOneRoof/node_modules/expo-device/ios/UIDevice.swift -emit-module-path /Users/momtajhusen/Library/Developer/Xcode/DerivedData/UnderOneRoof-bvjuhnhcwjrvzafftvptbetbcgcq/Build/Intermediates.noindex/Pods.build/Debug-iphonesimulator/ExpoDevice.build/Objects-normal/arm64/ExpoDevice.swiftmodule -emit-module-doc-path /Users/momtajhusen/Library/Developer/Xcode/DerivedData/UnderOneRoof-bvjuhnhcwjrvzafftvptbetbcgcq/Build/Intermediates.noindex/Pods.build/Debug-iphonesimulator/ExpoDevice.build/Objects-normal/arm64/ExpoDevice.swiftdoc -emit-module-source-info-path /Users/momtajhusen/Library/Developer/Xcode/DerivedData/UnderOneRoof-bvjuhnhcwjrvzafftvptbetbcgcq/Build/Intermediates.noindex/Pods.build/Debug-iphonesimulator/ExpoDevice.build/Objects-normal/arm64/ExpoDevice.swiftsourceinfo -emit-dependencies-path /Users/momtajhusen/Library/Developer/Xcode/DerivedData/UnderOneRoof-bvjuhnhcwjrvzafftvptbetbcgcq/Build/Intermediates.noindex/Pods.build/Debug-iphonesimulator/ExpoDevice.build/Objects-normal/arm64/ExpoDevice-master.d -emit-const-values-path /Users/momtajhusen/Library/Developer/Xcode/DerivedData/UnderOneRoof-bvjuhnhcwjrvzafftvptbetbcgcq/Build/Intermediates.noindex/Pods.build/Debug-iphonesimulator/ExpoDevice.build/Objects-normal/arm64/ExpoDevice-master.swiftconstvalues -serialize-diagnostics-path /Users/momtajhusen/Library/Developer/Xcode/DerivedData/UnderOneRoof-bvjuhnhcwjrvzafftvptbetbcgcq/Build/Intermediates.noindex/Pods.build/Debug-iphonesimulator/ExpoDevice.build/Objects-normal/arm64/ExpoDevice-master.dia -emit-objc-header-path /Users/momtajhusen/Library/Developer/Xcode/DerivedData/UnderOneRoof-bvjuhnhcwjrvzafftvptbetbcgcq/Build/Intermediates.noindex/Pods.build/Debug-iphonesimulator/ExpoDevice.build/Objects-normal/arm64/ExpoDevice-Swift.h -emit-abi-descriptor-path /Users/momtajhusen/Library/Developer/Xcode/DerivedData/UnderOneRoof-bvjuhnhcwjrvzafftvptbetbcgcq/Build/Intermediates.noindex/Pods.build/Debug-iphonesimulator/ExpoDevice.build/Objects-normal/arm64/ExpoDevice.abi.json -target arm64-apple-ios15.1-simulator -Xllvm -aarch64-use-tbi -enable-objc-interop -sdk /Applications/Xcode.app/Contents/Developer/Platforms/iPhoneSimulator.platform/Developer/SDKs/iPhoneSimulator18.5.sdk -I /Users/momtajhusen/Library/Developer/Xcode/DerivedData/UnderOneRoof-bvjuhnhcwjrvzafftvptbetbcgcq/Build/Products/Debug-iphonesimulator/ExpoDevice -I /Users/momtajhusen/Library/Developer/Xcode/DerivedData/UnderOneRoof-bvjuhnhcwjrvzafftvptbetbcgcq/Build/Products/Debug-iphonesimulator/ExpoModulesCore -F /Users/momtajhusen/Library/Developer/Xcode/DerivedData/UnderOneRoof-bvjuhnhcwjrvzafftvptbetbcgcq/Build/Products/Debug-iphonesimulator/ExpoDevice -F /Users/momtajhusen/Desktop/UnderOneRoof/ios/Pods/hermes-engine/destroot/Library/Frameworks/universal -F /Users/momtajhusen/Library/Developer/Xcode/DerivedData/UnderOneRoof-bvjuhnhcwjrvzafftvptbetbcgcq/Build/Products/Debug-iphonesimulator/XCFrameworkIntermediates/hermes-engine/Pre-built -no-color-diagnostics -enable-testing -g -debug-info-format\=dwarf -dwarf-version\=4 -import-underlying-module -module-cache-path /Users/momtajhusen/Library/Developer/Xcode/DerivedData/ModuleCache.noindex -swift-version 5 -enforce-exclusivity\=checked -Onone -D DEBUG -D COCOAPODS -serialize-debugging-options -const-gather-protocols-file /Users/momtajhusen/Library/Developer/Xcode/DerivedData/UnderOneRoof-bvjuhnhcwjrvzafftvptbetbcgcq/Build/Intermediates.noindex/Pods.build/Debug-iphonesimulator/ExpoDevice.build/Objects-normal/arm64/ExpoDevice_const_extract_protocols.json -enable-experimental-feature DebugDescriptionMacro -enable-bare-slash-regex -empty-abi-descriptor -validate-clang-modules-once -clang-build-session-file /Users/momtajhusen/Library/Developer/Xcode/DerivedData/ModuleCache.noindex/Session.modulevalidation -Xcc -working-directory -Xcc /Users/momtajhusen/Desktop/UnderOneRoof/ios/Pods -resource-dir /Applications/Xcode.app/Contents/Developer/Toolchains/XcodeDefault.xctoolchain/usr/lib/swift -enable-anonymous-context-mangled-names -file-compilation-dir /Users/momtajhusen/Desktop/UnderOneRoof/ios/Pods -Xcc -fmodule-map-file\=/Users/momtajhusen/Library/Developer/Xcode/DerivedData/UnderOneRoof-bvjuhnhcwjrvzafftvptbetbcgcq/Build/Products/Debug-iphonesimulator/ExpoModulesCore/ExpoModulesCore.modulemap -Xcc -fmodule-map-file\=/Users/momtajhusen/Desktop/UnderOneRoof/ios/Pods/Headers/Public/DoubleConversion/DoubleConversion.modulemap -Xcc -fmodule-map-file\=/Users/momtajhusen/Desktop/UnderOneRoof/ios/Pods/Headers/Public/RCTDeprecation/RCTDeprecation.modulemap -Xcc -fmodule-map-file\=/Users/momtajhusen/Desktop/UnderOneRoof/ios/Pods/Headers/Public/RCTFabric/React-RCTFabric.modulemap -Xcc -fmodule-map-file\=/Users/momtajhusen/Desktop/UnderOneRoof/ios/Pods/Headers/Public/RCTTypeSafety/RCTTypeSafety.modulemap -Xcc -fmodule-map-file\=/Users/momtajhusen/Desktop/UnderOneRoof/ios/Pods/Headers/Public/React/React-Core.modulemap -Xcc -fmodule-map-file\=/Users/momtajhusen/Desktop/UnderOneRoof/ios/Pods/Headers/Public/ReactCodegen/ReactCodegen.modulemap -Xcc -fmodule-map-file\=/Users/momtajhusen/Desktop/UnderOneRoof/ios/Pods/Headers/Public/ReactCommon/ReactCommon.modulemap -Xcc -fmodule-map-file\=/Users/momtajhusen/Desktop/UnderOneRoof/ios/Pods/Headers/Public/React_Fabric/React-Fabric.modulemap -Xcc -fmodule-map-file\=/Users/momtajhusen/Desktop/UnderOneRoof/ios/Pods/Headers/Public/React_FabricComponents/React-FabricComponents.modulemap -Xcc -fmodule-map-file\=/Users/momtajhusen/Desktop/UnderOneRoof/ios/Pods/Headers/Public/React_NativeModulesApple/React-NativeModulesApple.modulemap -Xcc -fmodule-map-file\=/Users/momtajhusen/Desktop/UnderOneRoof/ios/Pods/Headers/Public/React_RCTAppDelegate/React-RCTAppDelegate.modulemap -Xcc -fmodule-map-file\=/Users/momtajhusen/Desktop/UnderOneRoof/ios/Pods/Headers/Public/folly/RCT-Folly.modulemap -Xcc -fmodule-map-file\=/Users/momtajhusen/Desktop/UnderOneRoof/ios/Pods/Headers/Public/glog/glog.modulemap -Xcc -fmodule-map-file\=/Users/momtajhusen/Desktop/UnderOneRoof/ios/Pods/Headers/Public/jsi/React-jsi.modulemap -Xcc -fmodule-map-file\=/Users/momtajhusen/Desktop/UnderOneRoof/ios/Pods/Headers/Public/jsinspector_modern/React-jsinspector.modulemap -Xcc -fmodule-map-file\=/Users/momtajhusen/Desktop/UnderOneRoof/ios/Pods/Headers/Public/react_debug/React-debug.modulemap -Xcc -fmodule-map-file\=/Users/momtajhusen/Desktop/UnderOneRoof/ios/Pods/Headers/Public/react_featureflags/React-featureflags.modulemap -Xcc -fmodule-map-file\=/Users/momtajhusen/Desktop/UnderOneRoof/ios/Pods/Headers/Public/react_nativemodule_defaults/React-defaultsnativemodule.modulemap -Xcc -fmodule-map-file\=/Users/momtajhusen/Desktop/UnderOneRoof/ios/Pods/Headers/Public/react_nativemodule_dom/React-domnativemodule.modulemap -Xcc -fmodule-map-file\=/Users/momtajhusen/Desktop/UnderOneRoof/ios/Pods/Headers/Public/react_nativemodule_featureflags/React-featureflagsnativemodule.modulemap -Xcc -fmodule-map-file\=/Users/momtajhusen/Desktop/UnderOneRoof/ios/Pods/Headers/Public/react_nativemodule_idlecallbacks/React-idlecallbacksnativemodule.modulemap -Xcc -fmodule-map-file\=/Users/momtajhusen/Desktop/UnderOneRoof/ios/Pods/Headers/Public/react_nativemodule_microtasks/React-microtasksnativemodule.modulemap -Xcc -fmodule-map-file\=/Users/momtajhusen/Desktop/UnderOneRoof/ios/Pods/Headers/Public/react_renderer_debug/React-rendererdebug.modulemap -Xcc -fmodule-map-file\=/Users/momtajhusen/Desktop/UnderOneRoof/ios/Pods/Headers/Public/react_renderer_graphics/React-graphics.modulemap -Xcc -fmodule-map-file\=/Users/momtajhusen/Desktop/UnderOneRoof/ios/Pods/Headers/Public/react_renderer_imagemanager/React-ImageManager.modulemap -Xcc -fmodule-map-file\=/Users/momtajhusen/Desktop/UnderOneRoof/ios/Pods/Headers/Public/react_utils/React-utils.modulemap -Xcc -fmodule-map-file\=/Users/momtajhusen/Desktop/UnderOneRoof/ios/Pods/Headers/Public/reacthermes/React-hermes.modulemap -Xcc -fmodule-map-file\=/Users/momtajhusen/Desktop/UnderOneRoof/io
debug s/Pods/Headers/Public/yoga/Yoga.modulemap -Xcc -fmodule-map-file\=/Users/momtajhusen/Desktop/UnderOneRoof/ios/Pods/Headers/Public/ExpoDevice/ExpoDevice.modulemap -Xcc -ivfsstatcache -Xcc /Users/momtajhusen/Library/Developer/Xcode/DerivedData/SDKStatCaches.noindex/iphonesimulator18.5-22F76-d5fc8ad4295d2ef488fb7d0f804ce0c4.sdkstatcache -Xcc -I/Users/momtajhusen/Library/Developer/Xcode/DerivedData/UnderOneRoof-bvjuhnhcwjrvzafftvptbetbcgcq/Build/Intermediates.noindex/Pods.build/Debug-iphonesimulator/ExpoDevice.build/swift-overrides.hmap -Xcc -iquote -Xcc /Users/momtajhusen/Library/Developer/Xcode/DerivedData/UnderOneRoof-bvjuhnhcwjrvzafftvptbetbcgcq/Build/Intermediates.noindex/Pods.build/Debug-iphonesimulator/ExpoDevice.build/ExpoDevice-generated-files.hmap -Xcc -I/Users/momtajhusen/Library/Developer/Xcode/DerivedData/UnderOneRoof-bvjuhnhcwjrvzafftvptbetbcgcq/Build/Intermediates.noindex/Pods.build/Debug-iphonesimulator/ExpoDevice.build/ExpoDevice-own-target-headers.hmap -Xcc -I/Users/momtajhusen/Library/Developer/Xcode/DerivedData/UnderOneRoof-bvjuhnhcwjrvzafftvptbetbcgcq/Build/Intermediates.noindex/Pods.build/Debug-iphonesimulator/ExpoDevice.build/ExpoDevice-all-non-framework-target-headers.hmap -Xcc -ivfsoverlay -Xcc /Users/momtajhusen/Library/Developer/Xcode/DerivedData/UnderOneRoof-bvjuhnhcwjrvzafftvptbetbcgcq/Build/Intermediates.noindex/Pods.build/Debug-iphonesimulator/Pods-8699adb1dd336b26511df848a716bd42-VFS-iphonesimulator/all-product-headers.yaml -Xcc -iquote -Xcc /Users/momtajhusen/Library/Developer/Xcode/DerivedData/UnderOneRoof-bvjuhnhcwjrvzafftvptbetbcgcq/Build/Intermediates.noindex/Pods.build/Debug-iphonesimulator/ExpoDevice.build/ExpoDevice-project-headers.hmap -Xcc -I/Users/momtajhusen/Library/Developer/Xcode/DerivedData/UnderOneRoof-bvjuhnhcwjrvzafftvptbetbcgcq/Build/Products/Debug-iphonesimulator/ExpoDevice/include -Xcc -I/Users/momtajhusen/Desktop/UnderOneRoof/ios/Pods/Headers/Public -Xcc -I/Users/momtajhusen/Desktop/UnderOneRoof/ios/Pods/Headers/Public/DoubleConversion -Xcc -I/Users/momtajhusen/Desktop/UnderOneRoof/ios/Pods/Headers/Public/ExpoModulesCore -Xcc -I/Users/momtajhusen/Desktop/UnderOneRoof/ios/Pods/Headers/Public/FBLazyVector -Xcc -I/Users/momtajhusen/Desktop/UnderOneRoof/ios/Pods/Headers/Public/RCT-Folly -Xcc -I/Users/momtajhusen/Desktop/UnderOneRoof/ios/Pods/Headers/Public/RCTRequired -Xcc -I/Users/momtajhusen/Desktop/UnderOneRoof/ios/Pods/Headers/Public/RCTTypeSafety -Xcc -I/Users/momtajhusen/Desktop/UnderOneRoof/ios/Pods/Headers/Public/React-Core -Xcc -I/Users/momtajhusen/Desktop/UnderOneRoof/ios/Pods/Headers/Public/React-Fabric -Xcc -I/Users/momtajhusen/Desktop/UnderOneRoof/ios/Pods/Headers/Public/React-FabricComponents -Xcc -I/Users/momtajhusen/Desktop/UnderOneRoof/ios/Pods/Headers/Public/React-FabricImage -Xcc -I/Users/momtajhusen/Desktop/UnderOneRoof/ios/Pods/Headers/Public/React-ImageManager -Xcc -I/Users/momtajhusen/Desktop/UnderOneRoof/ios/Pods/Headers/Public/React-Mapbuffer -Xcc -I/Users/momtajhusen/Desktop/UnderOneRoof/ios/Pods/Headers/Public/React-NativeModulesApple -Xcc -I/Users/momtajhusen/Desktop/UnderOneRoof/ios/Pods/Headers/Public/React-RCTBlob -Xcc -I/Users/momtajhusen/Desktop/UnderOneRoof/ios/Pods/Headers/Public/React-RCTFabric -Xcc -I/Users/momtajhusen/Desktop/UnderOneRoof/ios/Pods/Headers/Public/React-RCTText -Xcc -I/Users/momtajhusen/Desktop/UnderOneRoof/ios/Pods/Headers/Public/React-RuntimeApple -Xcc -I/Users/momtajhusen/Desktop/UnderOneRoof/ios/Pods/Headers/Public/React-RuntimeCore -Xcc -I/Users/momtajhusen/Desktop/UnderOneRoof/ios/Pods/Headers/Public/React-RuntimeHermes -Xcc -I/Users/momtajhusen/Desktop/UnderOneRoof/ios/Pods/Headers/Public/React-callinvoker -Xcc -I/Users/momtajhusen/Desktop/UnderOneRoof/ios/Pods/Headers/Public/React-cxxreact -Xcc -I/Users/momtajhusen/Desktop/UnderOneRoof/ios/Pods/Headers/Public/React-debug -Xcc -I/Users/momtajhusen/Desktop/UnderOneRoof/ios/Pods/Headers/Public/React-defaultsnativemodule -Xcc -I/Users/momtajhusen/Desktop/UnderOneRoof/ios/Pods/Headers/Public/React-domnativemodule -Xcc -I/Users/momtajhusen/Desktop/UnderOneRoof/ios/Pods/Headers/Public/React-featureflags -Xcc -I/Users/momtajhusen/Desktop/UnderOneRoof/ios/Pods/Headers/Public/React-featureflagsnativemodule -Xcc -I/Users/momtajhusen/Desktop/UnderOneRoof/ios/Pods/Headers/Public/React-graphics -Xcc -I/Users/momtajhusen/Desktop/UnderOneRoof/ios/Pods/Headers/Public/React-hermes -Xcc -I/Users/momtajhusen/Desktop/UnderOneRoof/ios/Pods/Headers/Public/React-idlecallbacksnativemodule -Xcc -I/Users/momtajhusen/Desktop/UnderOneRoof/ios/Pods/Headers/Public/React-jserrorhandler -Xcc -I/Users/momtajhusen/Desktop/UnderOneRoof/ios/Pods/Headers/Public/React-jsi -Xcc -I/Users/momtajhusen/Desktop/UnderOneRoof/ios/Pods/Headers/Public/React-jsiexecutor -Xcc -I/Users/momtajhusen/Desktop/UnderOneRoof/ios/Pods/Headers/Public/React-jsinspector -Xcc -I/Users/momtajhusen/Desktop/UnderOneRoof/ios/Pods/Headers/Public/React-logger -Xcc -I/Users/momtajhusen/Desktop/UnderOneRoof/ios/Pods/Headers/Public/React-microtasksnativemodule -Xcc -I/Users/momtajhusen/Desktop/UnderOneRoof/ios/Pods/Headers/Public/React-nativeconfig -Xcc -I/Users/momtajhusen/Desktop/UnderOneRoof/ios/Pods/Headers/Public/React-perflogger -Xcc -I/Users/momtajhusen/Desktop/UnderOneRoof/ios/Pods/Headers/Public/React-performancetimeline -Xcc -I/Users/momtajhusen/Desktop/UnderOneRoof/ios/Pods/Headers/Public/React-rendererconsistency -Xcc -I/Users/momtajhusen/Desktop/UnderOneRoof/ios/Pods/Headers/Public/React-rendererdebug -Xcc -I/Users/momtajhusen/Desktop/UnderOneRoof/ios/Pods/Headers/Public/React-runtimeexecutor -Xcc -I/Users/momtajhusen/Desktop/UnderOneRoof/ios/Pods/Headers/Public/React-runtimescheduler -Xcc -I/Users/momtajhusen/Desktop/UnderOneRoof/ios/Pods/Headers/Public/React-timing -Xcc -I/Users/momtajhusen/Desktop/UnderOneRoof/ios/Pods/Headers/Public/React-utils -Xcc -I/Users/momtajhusen/Desktop/UnderOneRoof/ios/Pods/Headers/Public/ReactCodegen -Xcc -I/Users/momtajhusen/Desktop/UnderOneRoof/ios/Pods/Headers/Public/ReactCommon -Xcc -I/Users/momtajhusen/Desktop/UnderOneRoof/ios/Pods/Headers/Public/Yoga -Xcc -I/Users/momtajhusen/Desktop/UnderOneRoof/ios/Pods/Headers/Public/boost -Xcc -I/Users/momtajhusen/Desktop/UnderOneRoof/ios/Pods/Headers/Public/fast_float -Xcc -I/Users/momtajhusen/Desktop/UnderOneRoof/ios/Pods/Headers/Public/fmt -Xcc -I/Users/momtajhusen/Desktop/UnderOneRoof/ios/Pods/Headers/Public/glog -Xcc -I/Users/momtajhusen/Desktop/UnderOneRoof/ios/Pods/Headers/Public/hermes-engine -Xcc -I/Users/momtajhusen/Library/Developer/Xcode/DerivedData/UnderOneRoof-bvjuhnhcwjrvzafftvptbetbcgcq/Build/Intermediates.noindex/Pods.build/Debug-iphonesimulator/ExpoDevice.build/DerivedSources-normal/arm64 -Xcc -I/Users/momtajhusen/Library/Developer/Xcode/DerivedData/UnderOneRoof-bvjuhnhcwjrvzafftvptbetbcgcq/Build/Intermediates.noindex/Pods.build/Debug-iphonesimulator/ExpoDevice.build/DerivedSources/arm64 -Xcc -I/Users/momtajhusen/Library/Developer/Xcode/DerivedData/UnderOneRoof-bvjuhnhcwjrvzafftvptbetbcgcq/Build/Intermediates.noindex/Pods.build/Debug-iphonesimulator/ExpoDevice.build/DerivedSources -Xcc -DPOD_CONFIGURATION_DEBUG\=1 -Xcc -DDEBUG\=1 -Xcc -DCOCOAPODS\=1 -module-name ExpoDevice -frontend-parseable-output -disable-clang-spi -target-sdk-version 18.5 -target-sdk-name iphonesimulator18.5 -external-plugin-path /Applications/Xcode.app/Contents/Developer/Platforms/iPhoneOS.platform/Developer/usr/lib/swift/host/plugins\#/Applications/Xcode.app/Contents/Developer/Platforms/iPhoneOS.platform/Developer/usr/bin/swift-plugin-server -external-plugin-path /Applications/Xcode.app/Contents/Developer/Platforms/iPhoneOS.platform/Developer/usr/local/lib/swift/host/plugins\#/Applications/Xcode.app/Contents/Developer/Platforms/iPhoneOS.platform/Developer/usr/bin/swift-plugin-server -in-process-plugin-server-path /Applications/Xcode.app/Contents/Developer/Toolchains/XcodeDefault.xctoolchain/usr/lib/swift/host/libSwiftInProcPluginServer.dylib -plugin-path /Applications/Xcode.app/Contents/Developer/Toolchains/XcodeDefault.xctoolchain/usr/lib/swift/host/plugins -plugin-path /Applications/Xcode.app/Contents/Developer/Toolchains/XcodeDefault.xctoolchain/usr/local/lib/swift/host/plu
debug gins -num-threads 10 -o /Users/momtajhusen/Library/Developer/Xcode/DerivedData/UnderOneRoof-bvjuhnhcwjrvzafftvptbetbcgcq/Build/Intermediates.noindex/Pods.build/Debug-iphonesimulator/ExpoDevice.build/Objects-normal/arm64/DeviceModule.o -o /Users/momtajhusen/Library/Developer/Xcode/DerivedData/UnderOneRoof-bvjuhnhcwjrvzafftvptbetbcgcq/Build/Intermediates.noindex/Pods.build/Debug-iphonesimulator/ExpoDevice.build/Objects-normal/arm64/UIDevice.o -index-unit-output-path /Pods.build/Debug-iphonesimulator/ExpoDevice.build/Objects-normal/arm64/DeviceModule.o -index-unit-output-path /Pods.build/Debug-iphonesimulator/ExpoDevice.build/Objects-normal/arm64/UIDevice.o -index-store-path /Users/momtajhusen/Library/Developer/Xcode/DerivedData/UnderOneRoof-bvjuhnhcwjrvzafftvptbetbcgcq/Index.noindex/DataStore -index-system-modules

debug 

debug CompileSwift normal arm64 (in target 'ExpoDevice' from project 'Pods')
    cd /Users/momtajhusen/Desktop/UnderOneRoof/ios/Pods
    
/Users/momtajhusen/Desktop/UnderOneRoof/node_modules/expo-device/ios/UIDevice.swift:186:12: error: cannot find 'TARGET_OS_SIMULATOR' in scope
    return TARGET_OS_SIMULATOR != 0
           ^~~~~~~~~~~~~~~~~~~


debug SwiftCompile normal arm64 Compiling\ ClipboardExceptions.swift,\ ClipboardModule.swift,\ ClipboardOptions.swift,\ ClipboardPasteButton.swift,\ ClipboardPasteButtonRecords.swift,\ NSAttributedString+utilities.swift,\ UIPasteboard+html.swift /Users/momtajhusen/Desktop/UnderOneRoof/node_modules/expo-clipboard/ios/ClipboardExceptions.swift /Users/momtajhusen/Desktop/UnderOneRoof/node_modules/expo-clipboard/ios/ClipboardModule.swift /Users/momtajhusen/Desktop/UnderOneRoof/node_modules/expo-clipboard/ios/ClipboardOptions.swift /Users/momtajhusen/Desktop/UnderOneRoof/node_modules/expo-clipboard/ios/ClipboardPasteButton.swift /Users/momtajhusen/Desktop/UnderOneRoof/node_modules/expo-clipboard/ios/ClipboardPasteButtonRecords.swift /Users/momtajhusen/Desktop/UnderOneRoof/node_modules/expo-clipboard/ios/NSAttributedString+utilities.swift /Users/momtajhusen/Desktop/UnderOneRoof/node_modules/expo-clipboard/ios/UIPasteboard+html.swift (in target 'ExpoClipboard' from project 'Pods')
debug 

CompileSwift normal arm64 (in target 'ExpoClipboard' from project 'Pods')
    cd /Users/momtajhusen/Desktop/UnderOneRoof/ios/Pods
    

SwiftCompile normal arm64 Compiling\ AssetModule.swift /Users/momtajhusen/Desktop/UnderOneRoof/node_modules/expo-asset/ios/AssetModule.swift (in target 'ExpoAsset' from project 'Pods')

SwiftCompile normal arm64 /Users/momtajhusen/Desktop/UnderOneRoof/node_modules/expo-asset/ios/AssetModule.swift (in target 'ExpoAsset' from project 'Pods')
    cd /Users/momtajhusen/Desktop/UnderOneRoof/ios/Pods
    

SwiftEmitModule normal arm64 Emitting\ module\ for\ Expo (in target 'Expo' from project 'Pods')

debug 
EmitSwiftModule normal arm64 (in target 'Expo' from project 'Pods')
    cd /Users/momtajhusen/Desktop/UnderOneRoof/ios/Pods
    


debug SwiftDriver EXUpdatesInterface normal arm64 com.apple.xcode.tools.swift.compiler (in target 'EXUpdatesInterface' from project 'Pods')
    cd /Users/momtajhusen/Desktop/UnderOneRoof/ios/Pods
    builtin-SwiftDriver -- /Applications/Xcode.app/Contents/Developer/Toolchains/XcodeDefault.xctoolchain/usr/bin/swiftc -module-name EXUpdatesInterface -Onone -whole-module-optimization -enforce-exclusivity\=checked @/Users/momtajhusen/Library/Developer/Xcode/DerivedData/UnderOneRoof-bvjuhnhcwjrvzafftvptbetbcgcq/Build/Intermediates.noindex/Pods.build/Debug-iphonesimulator/EXUpdatesInterface.build/Objects-normal/arm64/EXUpdatesInterface.SwiftFileList -DDEBUG -D COCOAPODS -Xcc -fmodule-map-file\=/Users/momtajhusen/Library/Developer/Xcode/DerivedData/UnderOneRoof-bvjuhnhcwjrvzafftvptbetbcgcq/Build/Products/Debug-iphonesimulator/ExpoModulesCore/ExpoModulesCore.modulemap -Xcc -fmodule-map-file\=/Users/momtajhusen/Desktop/UnderOneRoof/ios/Pods/Headers/Public/DoubleConversion/DoubleConversion.modulemap -Xcc -fmodule-map-file\=/Users/momtajhusen/Desktop/UnderOneRoof/ios/Pods/Headers/Public/RCTDeprecation/RCTDeprecation.modulemap -Xcc -fmodule-map-file\=/Users/momtajhusen/Desktop/UnderOneRoof/ios/Pods/Headers/Public/RCTFabric/React-RCTFabric.modulemap -Xcc -fmodule-map-file\=/Users/momtajhusen/Desktop/UnderOneRoof/ios/Pods/Headers/Public/RCTTypeSafety/RCTTypeSafety.modulemap -Xcc -fmodule-map-file\=/Users/momtajhusen/Desktop/UnderOneRoof/ios/Pods/Headers/Public/React/React-Core.modulemap -Xcc -fmodule-map-file\=/Users/momtajhusen/Desktop/UnderOneRoof/ios/Pods/Headers/Public/ReactCodegen/ReactCodegen.modulemap -Xcc -fmodule-map-file\=/Users/momtajhusen/Desktop/UnderOneRoof/ios/Pods/Headers/Public/ReactCommon/ReactCommon.modulemap -Xcc -fmodule-map-file\=/Users/momtajhusen/Desktop/UnderOneRoof/ios/Pods/Headers/Public/React_Fabric/React-Fabric.modulemap -Xcc -fmodule-map-file\=/Users/momtajhusen/Desktop/UnderOneRoof/ios/Pods/Headers/Public/React_FabricComponents/React-FabricComponents.modulemap -Xcc -fmodule-map-file\=/Users/momtajhusen/Desktop/UnderOneRoof/ios/Pods/Headers/Public/React_NativeModulesApple/React-NativeModulesApple.modulemap -Xcc -fmodule-map-file\=/Users/momtajhusen/Desktop/UnderOneRoof/ios/Pods/Headers/Public/React_RCTAppDelegate/React-RCTAppDelegate.modulemap -Xcc -fmodule-map-file\=/Users/momtajhusen/Desktop/UnderOneRoof/ios/Pods/Headers/Public/folly/RCT-Folly.modulemap -Xcc -fmodule-map-file\=/Users/momtajhusen/Desktop/UnderOneRoof/ios/Pods/Headers/Public/glog/glog.modulemap -Xcc -fmodule-map-file\=/Users/momtajhusen/Desktop/UnderOneRoof/ios/Pods/Headers/Public/jsi/React-jsi.modulemap -Xcc -fmodule-map-file\=/Users/momtajhusen/Desktop/UnderOneRoof/ios/Pods/Headers/Public/jsinspector_modern/React-jsinspector.modulemap -Xcc -fmodule-map-file\=/Users/momtajhusen/Desktop/UnderOneRoof/ios/Pods/Headers/Public/react_debug/React-debug.modulemap -Xcc -fmodule-map-file\=/Users/momtajhusen/Desktop/UnderOneRoof/ios/Pods/Headers/Public/react_featureflags/React-featureflags.modulemap -Xcc -fmodule-map-file\=/Users/momtajhusen/Desktop/UnderOneRoof/ios/Pods/Headers/Public/react_nativemodule_defaults/React-defaultsnativemodule.modulemap -Xcc -fmodule-map-file\=/Users/momtajhusen/Desktop/UnderOneRoof/ios/Pods/Headers/Public/react_nativemodule_dom/React-domnativemodule.modulemap -Xcc -fmodule-map-file\=/Users/momtajhusen/Desktop/UnderOneRoof/ios/Pods/Headers/Public/react_nativemodule_featureflags/React-featureflagsnativemodule.modulemap -Xcc -fmodule-map-file\=/Users/momtajhusen/Desktop/UnderOneRoof/ios/Pods/Headers/Public/react_nativemodule_idlecallbacks/React-idlecallbacksnativemodule.modulemap -Xcc -fmodule-map-file\=/Users/momtajhusen/Desktop/UnderOneRoof/ios/Pods/Headers/Public/react_nativemodule_microtasks/React-microtasksnativemodule.modulemap -Xcc -fmodule-map-file\=/Users/momtajhusen/Desktop/UnderOneRoof/ios/Pods/Headers/Public/react_renderer_debug/React-rendererdebug.modulemap -Xcc -fmodule-map-file\=/Users/momtajhusen/Desktop/UnderOneRoof/ios/Pods/Headers/Public/react_renderer_graphics/React-graphics.modulemap -Xcc -fmodule-map-file\=/Users/momtajhusen/Desktop/UnderOneRoof/ios/Pods/Headers/Public/react_renderer_imagemanager/React-ImageManager.modulemap -Xcc -fmodule-map-file\=/Users/momtajhusen/Desktop/UnderOneRoof/ios/Pods/Headers/Public/react_utils/React-utils.modulemap -Xcc -fmodule-map-file\=/Users/momtajhusen/Desktop/UnderOneRoof/ios/Pods/Headers/Public/reacthermes/React-hermes.modulemap -Xcc -fmodule-map-file\=/Users/momtajhusen/Desktop/UnderOneRoof/ios/Pods/Headers/Public/yoga/Yoga.modulemap -import-underlying-module -Xcc -fmodule-map-file\=/Users/momtajhusen/Desktop/UnderOneRoof/ios/Pods/Headers/Public/EXUpdatesInterface/EXUpdatesInterface.modulemap -enable-bare-slash-regex -enable-experimental-feature DebugDescriptionMacro -sdk /Applications/Xcode.app/Contents/Developer/Platforms/iPhoneSimulator.platform/Developer/SDKs/iPhoneSimulator18.5.sdk -target arm64-apple-ios15.1-simulator -g -module-cache-path /Users/momtajhusen/Library/Developer/Xcode/DerivedData/ModuleCache.noindex -Xfrontend -serialize-debugging-options -enable-testing -index-store-path /Users/momtajhusen/Library/Developer/Xcode/DerivedData/UnderOneRoof-bvjuhnhcwjrvzafftvptbetbcgcq/Index.noindex/DataStore -swift-version 5 -I /Users/momtajhusen/Library/Developer/Xcode/DerivedData/UnderOneRoof-bvjuhnhcwjrvzafftvptbetbcgcq/Build/Products/Debug-iphonesimulator/EXUpdatesInterface -I /Users/momtajhusen/Library/Developer/Xcode/DerivedData/UnderOneRoof-bvjuhnhcwjrvzafftvptbetbcgcq/Build/Products/Debug-iphonesimulator/ExpoModulesCore -F /Users/momtajhusen/Library/Developer/Xcode/DerivedData/UnderOneRoof-bvjuhnhcwjrvzafftvptbetbcgcq/Build/Products/Debug-iphonesimulator/EXUpdatesInterface -F /Users/momtajhusen/Desktop/UnderOneRoof/ios/Pods/hermes-engine/destroot/Library/Frameworks/universal -F /Users/momtajhusen/Library/Developer/Xcode/DerivedData/UnderOneRoof-bvjuhnhcwjrvzafftvptbetbcgcq/Build/Products/Debug-iphonesimulator/XCFrameworkIntermediates/hermes-engine/Pre-built -c -num-threads 10 -Xcc -ivfsstatcache -Xcc /Users/momtajhusen/Library/Developer/Xcode/DerivedData/SDKStatCaches.noindex/iphonesimulator18.5-22F76-d5fc8ad4295d2ef488fb7d0f804ce0c4.sdkstatcache -output-file-map /Users/momtajhusen/Library/Developer/Xcode/DerivedData/UnderOneRoof-bvjuhnhcwjrvzafftvptbetbcgcq/Build/Intermediates.noindex/Pods.build/Debug-iphonesimulator/EXUpdatesInterface.build/Objects-normal/arm64/EXUpdatesInterface-OutputFileMap.json -use-frontend-parseable-output -save-temps -no-color-diagnostics -serialize-diagnostics -emit-dependencies -emit-module -emit-module-path /Users/momtajhusen/Library/Developer/Xcode/DerivedData/UnderOneRoof-bvjuhnhcwjrvzafftvptbetbcgcq/Build/Intermediates.noindex/Pods.build/Debug-iphonesimulator/EXUpdatesInterface.build/Objects-normal/arm64/EXUpdatesInterface.swiftmodule -validate-clang-modules-once -clang-build-session-file /Users/momtajhusen/Library/Developer/Xcode/DerivedData/ModuleCache.noindex/Session.modulevalidation -Xcc -I/Users/momtajhusen/Library/Developer/Xcode/DerivedData/UnderOneRoof-bvjuhnhcwjrvzafftvptbetbcgcq/Build/Intermediates.noindex/Pods.build/Debug-iphonesimulator/EXUpdatesInterface.build/swift-overrides.hmap -emit-const-values -Xfrontend -const-gather-protocols-file -Xfrontend /Users/momtajhusen/Library/Developer/Xcode/DerivedData/UnderOneRoof-bvjuhnhcwjrvzafftvptbetbcgcq/Build/Intermediates.noindex/Pods.build/Debug-iphonesimulator/EXUpdatesInterface.build/Objects-normal/arm64/EXUpdatesInterface_const_extract_protocols.json -Xcc -iquote -Xcc /Users/momtajhusen/Library/Developer/Xcode/DerivedData/UnderOneRoof-bvjuhnhcwjrvzafftvptbetbcgcq/Build/Intermediates.noindex/Pods.build/Debug-iphonesimulator/EXUpdatesInterface.build/EXUpdatesInterface-generated-files.hmap -Xcc -I/Users/momtajhusen/Library/Developer/Xcode/DerivedData/UnderOneRoof-bvjuhnhcwjrvzafftvptbetbcgcq/Build/Intermediates.noindex/Pods.build/Debug-iphonesimulator/EXUpdatesInterface.build/EXUpdatesInterface-own-target-headers.hmap -Xcc -I/Users/momtajhusen/Library/Developer/Xcode/DerivedData/UnderOneRoof-bvjuhnhcwjrvzafftvptbetbcgcq/Build/Intermediates.noindex/Pods.build/Debug-iphonesimulator/EXUpdat
debug esInterface.build/EXUpdatesInterface-all-non-framework-target-headers.hmap -Xcc -ivfsoverlay -Xcc /Users/momtajhusen/Library/Developer/Xcode/DerivedData/UnderOneRoof-bvjuhnhcwjrvzafftvptbetbcgcq/Build/Intermediates.noindex/Pods.build/Debug-iphonesimulator/Pods-8699adb1dd336b26511df848a716bd42-VFS-iphonesimulator/all-product-headers.yaml -Xcc -iquote -Xcc /Users/momtajhusen/Library/Developer/Xcode/DerivedData/UnderOneRoof-bvjuhnhcwjrvzafftvptbetbcgcq/Build/Intermediates.noindex/Pods.build/Debug-iphonesimulator/EXUpdatesInterface.build/EXUpdatesInterface-project-headers.hmap -Xcc -I/Users/momtajhusen/Library/Developer/Xcode/DerivedData/UnderOneRoof-bvjuhnhcwjrvzafftvptbetbcgcq/Build/Products/Debug-iphonesimulator/EXUpdatesInterface/include -Xcc -I/Users/momtajhusen/Desktop/UnderOneRoof/ios/Pods/Headers/Public -Xcc -I/Users/momtajhusen/Desktop/UnderOneRoof/ios/Pods/Headers/Public/DoubleConversion -Xcc -I/Users/momtajhusen/Desktop/UnderOneRoof/ios/Pods/Headers/Public/ExpoModulesCore -Xcc -I/Users/momtajhusen/Desktop/UnderOneRoof/ios/Pods/Headers/Public/FBLazyVector -Xcc -I/Users/momtajhusen/Desktop/UnderOneRoof/ios/Pods/Headers/Public/RCT-Folly -Xcc -I/Users/momtajhusen/Desktop/UnderOneRoof/ios/Pods/Headers/Public/RCTRequired -Xcc -I/Users/momtajhusen/Desktop/UnderOneRoof/ios/Pods/Headers/Public/RCTTypeSafety -Xcc -I/Users/momtajhusen/Desktop/UnderOneRoof/ios/Pods/Headers/Public/React-Core -Xcc -I/Users/momtajhusen/Desktop/UnderOneRoof/ios/Pods/Headers/Public/React-Fabric -Xcc -I/Users/momtajhusen/Desktop/UnderOneRoof/ios/Pods/Headers/Public/React-FabricComponents -Xcc -I/Users/momtajhusen/Desktop/UnderOneRoof/ios/Pods/Headers/Public/React-FabricImage -Xcc -I/Users/momtajhusen/Desktop/UnderOneRoof/ios/Pods/Headers/Public/React-ImageManager -Xcc -I/Users/momtajhusen/Desktop/UnderOneRoof/ios/Pods/Headers/Public/React-Mapbuffer -Xcc -I/Users/momtajhusen/Desktop/UnderOneRoof/ios/Pods/Headers/Public/React-NativeModulesApple -Xcc -I/Users/momtajhusen/Desktop/UnderOneRoof/ios/Pods/Headers/Public/React-RCTBlob -Xcc -I/Users/momtajhusen/Desktop/UnderOneRoof/ios/Pods/Headers/Public/React-RCTFabric -Xcc -I/Users/momtajhusen/Desktop/UnderOneRoof/ios/Pods/Headers/Public/React-RCTText -Xcc -I/Users/momtajhusen/Desktop/UnderOneRoof/ios/Pods/Headers/Public/React-RuntimeApple -Xcc -I/Users/momtajhusen/Desktop/UnderOneRoof/ios/Pods/Headers/Public/React-RuntimeCore -Xcc -I/Users/momtajhusen/Desktop/UnderOneRoof/ios/Pods/Headers/Public/React-RuntimeHermes -Xcc -I/Users/momtajhusen/Desktop/UnderOneRoof/ios/Pods/Headers/Public/React-callinvoker -Xcc -I/Users/momtajhusen/Desktop/UnderOneRoof/ios/Pods/Headers/Public/React-cxxreact -Xcc -I/Users/momtajhusen/Desktop/UnderOneRoof/ios/Pods/Headers/Public/React-debug -Xcc -I/Users/momtajhusen/Desktop/UnderOneRoof/ios/Pods/Headers/Public/React-defaultsnativemodule -Xcc -I/Users/momtajhusen/Desktop/UnderOneRoof/ios/Pods/Headers/Public/React-domnativemodule -Xcc -I/Users/momtajhusen/Desktop/UnderOneRoof/ios/Pods/Headers/Public/React-featureflags -Xcc -I/Users/momtajhusen/Desktop/UnderOneRoof/ios/Pods/Headers/Public/React-featureflagsnativemodule -Xcc -I/Users/momtajhusen/Desktop/UnderOneRoof/ios/Pods/Headers/Public/React-graphics -Xcc -I/Users/momtajhusen/Desktop/UnderOneRoof/ios/Pods/Headers/Public/React-hermes -Xcc -I/Users/momtajhusen/Desktop/UnderOneRoof/ios/Pods/Headers/Public/React-idlecallbacksnativemodule -Xcc -I/Users/momtajhusen/Desktop/UnderOneRoof/ios/Pods/Headers/Public/React-jserrorhandler -Xcc -I/Users/momtajhusen/Desktop/UnderOneRoof/ios/Pods/Headers/Public/React-jsi -Xcc -I/Users/momtajhusen/Desktop/UnderOneRoof/ios/Pods/Headers/Public/React-jsiexecutor -Xcc -I/Users/momtajhusen/Desktop/UnderOneRoof/ios/Pods/Headers/Public/React-jsinspector -Xcc -I/Users/momtajhusen/Desktop/UnderOneRoof/ios/Pods/Headers/Public/React-logger -Xcc -I/Users/momtajhusen/Desktop/UnderOneRoof/ios/Pods/Headers/Public/React-microtasksnativemodule -Xcc -I/Users/momtajhusen/Desktop/UnderOneRoof/ios/Pods/Headers/Public/React-nativeconfig -Xcc -I/Users/momtajhusen/Desktop/UnderOneRoof/ios/Pods/Headers/Public/React-perflogger -Xcc -I/Users/momtajhusen/Desktop/UnderOneRoof/ios/Pods/Headers/Public/React-performancetimeline -Xcc -I/Users/momtajhusen/Desktop/UnderOneRoof/ios/Pods/Headers/Public/React-rendererconsistency -Xcc -I/Users/momtajhusen/Desktop/UnderOneRoof/ios/Pods/Headers/Public/React-rendererdebug -Xcc -I/Users/momtajhusen/Desktop/UnderOneRoof/ios/Pods/Headers/Public/React-runtimeexecutor -Xcc -I/Users/momtajhusen/Desktop/UnderOneRoof/ios/Pods/Headers/Public/React-runtimescheduler -Xcc -I/Users/momtajhusen/Desktop/UnderOneRoof/ios/Pods/Headers/Public/React-timing -Xcc -I/Users/momtajhusen/Desktop/UnderOneRoof/ios/Pods/Headers/Public/React-utils -Xcc -I/Users/momtajhusen/Desktop/UnderOneRoof/ios/Pods/Headers/Public/ReactCodegen -Xcc -I/Users/momtajhusen/Desktop/UnderOneRoof/ios/Pods/Headers/Public/ReactCommon -Xcc -I/Users/momtajhusen/Desktop/UnderOneRoof/ios/Pods/Headers/Public/Yoga -Xcc -I/Users/momtajhusen/Desktop/UnderOneRoof/ios/Pods/Headers/Public/boost -Xcc -I/Users/momtajhusen/Desktop/UnderOneRoof/ios/Pods/Headers/Public/fast_float -Xcc -I/Users/momtajhusen/Desktop/UnderOneRoof/ios/Pods/Headers/Public/fmt -Xcc -I/Users/momtajhusen/Desktop/UnderOneRoof/ios/Pods/Headers/Public/glog -Xcc -I/Users/momtajhusen/Desktop/UnderOneRoof/ios/Pods/Headers/Public/hermes-engine -Xcc -I/Users/momtajhusen/Library/Developer/Xcode/DerivedData/UnderOneRoof-bvjuhnhcwjrvzafftvptbetbcgcq/Build/Intermediates.noindex/Pods.build/Debug-iphonesimulator/EXUpdatesInterface.build/DerivedSources-normal/arm64 -Xcc -I/Users/momtajhusen/Library/Developer/Xcode/DerivedData/UnderOneRoof-bvjuhnhcwjrvzafftvptbetbcgcq/Build/Intermediates.noindex/Pods.build/Debug-iphonesimulator/EXUpdatesInterface.build/DerivedSources/arm64 -Xcc -I/Users/momtajhusen/Library/Developer/Xcode/DerivedData/UnderOneRoof-bvjuhnhcwjrvzafftvptbetbcgcq/Build/Intermediates.noindex/Pods.build/Debug-iphonesimulator/EXUpdatesInterface.build/DerivedSources -Xcc -DPOD_CONFIGURATION_DEBUG\=1 -Xcc -DDEBUG\=1 -Xcc -DCOCOAPODS\=1 -emit-objc-header -emit-objc-header-path /Users/momtajhusen/Library/Developer/Xcode/DerivedData/UnderOneRoof-bvjuhnhcwjrvzafftvptbetbcgcq/Build/Intermediates.noindex/Pods.build/Debug-iphonesimulator/EXUpdatesInterface.build/Objects-normal/arm64/EXUpdatesInterface-Swift.h -working-directory /Users/momtajhusen/Desktop/UnderOneRoof/ios/Pods -no-emit-module-separately-wmo


debug SwiftDriver EXManifests normal arm64 com.apple.xcode.tools.swift.compiler (in target 'EXManifests' from project 'Pods')
    cd /Users/momtajhusen/Desktop/UnderOneRoof/ios/Pods
    builtin-SwiftDriver -- /Applications/Xcode.app/Contents/Developer/Toolchains/XcodeDefault.xctoolchain/usr/bin/swiftc -module-name EXManifests -Onone -whole-module-optimization -enforce-exclusivity\=checked @/Users/momtajhusen/Library/Developer/Xcode/DerivedData/UnderOneRoof-bvjuhnhcwjrvzafftvptbetbcgcq/Build/Intermediates.noindex/Pods.build/Debug-iphonesimulator/EXManifests.build/Objects-normal/arm64/EXManifests.SwiftFileList -DDEBUG -D COCOAPODS -Xcc -fmodule-map-file\=/Users/momtajhusen/Library/Developer/Xcode/DerivedData/UnderOneRoof-bvjuhnhcwjrvzafftvptbetbcgcq/Build/Products/Debug-iphonesimulator/ExpoModulesCore/ExpoModulesCore.modulemap -Xcc -fmodule-map-file\=/Users/momtajhusen/Desktop/UnderOneRoof/ios/Pods/Headers/Public/DoubleConversion/DoubleConversion.modulemap -Xcc -fmodule-map-file\=/Users/momtajhusen/Desktop/UnderOneRoof/ios/Pods/Headers/Public/RCTDeprecation/RCTDeprecation.modulemap -Xcc -fmodule-map-file\=/Users/momtajhusen/Desktop/UnderOneRoof/ios/Pods/Headers/Public/RCTFabric/React-RCTFabric.modulemap -Xcc -fmodule-map-file\=/Users/momtajhusen/Desktop/UnderOneRoof/ios/Pods/Headers/Public/RCTTypeSafety/RCTTypeSafety.modulemap -Xcc -fmodule-map-file\=/Users/momtajhusen/Desktop/UnderOneRoof/ios/Pods/Headers/Public/React/React-Core.modulemap -Xcc -fmodule-map-file\=/Users/momtajhusen/Desktop/UnderOneRoof/ios/Pods/Headers/Public/ReactCodegen/ReactCodegen.modulemap -Xcc -fmodule-map-file\=/Users/momtajhusen/Desktop/UnderOneRoof/ios/Pods/Headers/Public/ReactCommon/ReactCommon.modulemap -Xcc -fmodule-map-file\=/Users/momtajhusen/Desktop/UnderOneRoof/ios/Pods/Headers/Public/React_Fabric/React-Fabric.modulemap -Xcc -fmodule-map-file\=/Users/momtajhusen/Desktop/UnderOneRoof/ios/Pods/Headers/Public/React_FabricComponents/React-FabricComponents.modulemap -Xcc -fmodule-map-file\=/Users/momtajhusen/Desktop/UnderOneRoof/ios/Pods/Headers/Public/React_NativeModulesApple/React-NativeModulesApple.modulemap -Xcc -fmodule-map-file\=/Users/momtajhusen/Desktop/UnderOneRoof/ios/Pods/Headers/Public/React_RCTAppDelegate/React-RCTAppDelegate.modulemap -Xcc -fmodule-map-file\=/Users/momtajhusen/Desktop/UnderOneRoof/ios/Pods/Headers/Public/folly/RCT-Folly.modulemap -Xcc -fmodule-map-file\=/Users/momtajhusen/Desktop/UnderOneRoof/ios/Pods/Headers/Public/glog/glog.modulemap -Xcc -fmodule-map-file\=/Users/momtajhusen/Desktop/UnderOneRoof/ios/Pods/Headers/Public/jsi/React-jsi.modulemap -Xcc -fmodule-map-file\=/Users/momtajhusen/Desktop/UnderOneRoof/ios/Pods/Headers/Public/jsinspector_modern/React-jsinspector.modulemap -Xcc -fmodule-map-file\=/Users/momtajhusen/Desktop/UnderOneRoof/ios/Pods/Headers/Public/react_debug/React-debug.modulemap -Xcc -fmodule-map-file\=/Users/momtajhusen/Desktop/UnderOneRoof/ios/Pods/Headers/Public/react_featureflags/React-featureflags.modulemap -Xcc -fmodule-map-file\=/Users/momtajhusen/Desktop/UnderOneRoof/ios/Pods/Headers/Public/react_nativemodule_defaults/React-defaultsnativemodule.modulemap -Xcc -fmodule-map-file\=/Users/momtajhusen/Desktop/UnderOneRoof/ios/Pods/Headers/Public/react_nativemodule_dom/React-domnativemodule.modulemap -Xcc -fmodule-map-file\=/Users/momtajhusen/Desktop/UnderOneRoof/ios/Pods/Headers/Public/react_nativemodule_featureflags/React-featureflagsnativemodule.modulemap -Xcc -fmodule-map-file\=/Users/momtajhusen/Desktop/UnderOneRoof/ios/Pods/Headers/Public/react_nativemodule_idlecallbacks/React-idlecallbacksnativemodule.modulemap -Xcc -fmodule-map-file\=/Users/momtajhusen/Desktop/UnderOneRoof/ios/Pods/Headers/Public/react_nativemodule_microtasks/React-microtasksnativemodule.modulemap -Xcc -fmodule-map-file\=/Users/momtajhusen/Desktop/UnderOneRoof/ios/Pods/Headers/Public/react_renderer_debug/React-rendererdebug.modulemap -Xcc -fmodule-map-file\=/Users/momtajhusen/Desktop/UnderOneRoof/ios/Pods/Headers/Public/react_renderer_graphics/React-graphics.modulemap -Xcc -fmodule-map-file\=/Users/momtajhusen/Desktop/UnderOneRoof/ios/Pods/Headers/Public/react_renderer_imagemanager/React-ImageManager.modulemap -Xcc -fmodule-map-file\=/Users/momtajhusen/Desktop/UnderOneRoof/ios/Pods/Headers/Public/react_utils/React-utils.modulemap -Xcc -fmodule-map-file\=/Users/momtajhusen/Desktop/UnderOneRoof/ios/Pods/Headers/Public/reacthermes/React-hermes.modulemap -Xcc -fmodule-map-file\=/Users/momtajhusen/Desktop/UnderOneRoof/ios/Pods/Headers/Public/yoga/Yoga.modulemap -import-underlying-module -Xcc -fmodule-map-file\=/Users/momtajhusen/Desktop/UnderOneRoof/ios/Pods/Headers/Public/EXManifests/EXManifests.modulemap -enable-bare-slash-regex -enable-experimental-feature DebugDescriptionMacro -sdk /Applications/Xcode.app/Contents/Developer/Platforms/iPhoneSimulator.platform/Developer/SDKs/iPhoneSimulator18.5.sdk -target arm64-apple-ios15.1-simulator -g -module-cache-path /Users/momtajhusen/Library/Developer/Xcode/DerivedData/ModuleCache.noindex -Xfrontend -serialize-debugging-options -enable-testing -index-store-path /Users/momtajhusen/Library/Developer/Xcode/DerivedData/UnderOneRoof-bvjuhnhcwjrvzafftvptbetbcgcq/Index.noindex/DataStore -swift-version 5 -I /Users/momtajhusen/Library/Developer/Xcode/DerivedData/UnderOneRoof-bvjuhnhcwjrvzafftvptbetbcgcq/Build/Products/Debug-iphonesimulator/EXManifests -I /Users/momtajhusen/Library/Developer/Xcode/DerivedData/UnderOneRoof-bvjuhnhcwjrvzafftvptbetbcgcq/Build/Products/Debug-iphonesimulator/ExpoModulesCore -F /Users/momtajhusen/Library/Developer/Xcode/DerivedData/UnderOneRoof-bvjuhnhcwjrvzafftvptbetbcgcq/Build/Products/Debug-iphonesimulator/EXManifests -F /Users/momtajhusen/Desktop/UnderOneRoof/ios/Pods/hermes-engine/destroot/Library/Frameworks/universal -F /Users/momtajhusen/Library/Developer/Xcode/DerivedData/UnderOneRoof-bvjuhnhcwjrvzafftvptbetbcgcq/Build/Products/Debug-iphonesimulator/XCFrameworkIntermediates/hermes-engine/Pre-built -c -num-threads 10 -Xcc -ivfsstatcache -Xcc /Users/momtajhusen/Library/Developer/Xcode/DerivedData/SDKStatCaches.noindex/iphonesimulator18.5-22F76-d5fc8ad4295d2ef488fb7d0f804ce0c4.sdkstatcache -output-file-map /Users/momtajhusen/Library/Developer/Xcode/DerivedData/UnderOneRoof-bvjuhnhcwjrvzafftvptbetbcgcq/Build/Intermediates.noindex/Pods.build/Debug-iphonesimulator/EXManifests.build/Objects-normal/arm64/EXManifests-OutputFileMap.json -use-frontend-parseable-output -save-temps -no-color-diagnostics -serialize-diagnostics -emit-dependencies -emit-module -emit-module-path /Users/momtajhusen/Library/Developer/Xcode/DerivedData/UnderOneRoof-bvjuhnhcwjrvzafftvptbetbcgcq/Build/Intermediates.noindex/Pods.build/Debug-iphonesimulator/EXManifests.build/Objects-normal/arm64/EXManifests.swiftmodule -validate-clang-modules-once -clang-build-session-file /Users/momtajhusen/Library/Developer/Xcode/DerivedData/ModuleCache.noindex/Session.modulevalidation -Xcc -I/Users/momtajhusen/Library/Developer/Xcode/DerivedData/UnderOneRoof-bvjuhnhcwjrvzafftvptbetbcgcq/Build/Intermediates.noindex/Pods.build/Debug-iphonesimulator/EXManifests.build/swift-overrides.hmap -emit-const-values -Xfrontend -const-gather-protocols-file -Xfrontend /Users/momtajhusen/Library/Developer/Xcode/DerivedData/UnderOneRoof-bvjuhnhcwjrvzafftvptbetbcgcq/Build/Intermediates.noindex/Pods.build/Debug-iphonesimulator/EXManifests.build/Objects-normal/arm64/EXManifests_const_extract_protocols.json -Xcc -iquote -Xcc /Users/momtajhusen/Library/Developer/Xcode/DerivedData/UnderOneRoof-bvjuhnhcwjrvzafftvptbetbcgcq/Build/Intermediates.noindex/Pods.build/Debug-iphonesimulator/EXManifests.build/EXManifests-generated-files.hmap -Xcc -I/Users/momtajhusen/Library/Developer/Xcode/DerivedData/UnderOneRoof-bvjuhnhcwjrvzafftvptbetbcgcq/Build/Intermediates.noindex/Pods.build/Debug-iphonesimulator/EXManifests.build/EXManifests-own-target-headers.hmap -Xcc -I/Users/momtajhusen/Library/Developer/Xcode/DerivedData/UnderOneRoof-bvjuhnhcwjrvzafftvptbetbcgcq/Build/Intermediates.noindex/Pods.build/Debug-iphonesimulator/EXManifests.build/EXManifests-all-non-framework-target-headers.hmap -Xcc -ivfsoverlay -Xcc /Users/momtajhusen/Library/Developer/Xcode/DerivedData/U
debug nderOneRoof-bvjuhnhcwjrvzafftvptbetbcgcq/Build/Intermediates.noindex/Pods.build/Debug-iphonesimulator/Pods-8699adb1dd336b26511df848a716bd42-VFS-iphonesimulator/all-product-headers.yaml -Xcc -iquote -Xcc /Users/momtajhusen/Library/Developer/Xcode/DerivedData/UnderOneRoof-bvjuhnhcwjrvzafftvptbetbcgcq/Build/Intermediates.noindex/Pods.build/Debug-iphonesimulator/EXManifests.build/EXManifests-project-headers.hmap -Xcc -I/Users/momtajhusen/Library/Developer/Xcode/DerivedData/UnderOneRoof-bvjuhnhcwjrvzafftvptbetbcgcq/Build/Products/Debug-iphonesimulator/EXManifests/include -Xcc -I/Users/momtajhusen/Desktop/UnderOneRoof/ios/Pods/Headers/Public -Xcc -I/Users/momtajhusen/Desktop/UnderOneRoof/ios/Pods/Headers/Public/DoubleConversion -Xcc -I/Users/momtajhusen/Desktop/UnderOneRoof/ios/Pods/Headers/Public/ExpoModulesCore -Xcc -I/Users/momtajhusen/Desktop/UnderOneRoof/ios/Pods/Headers/Public/FBLazyVector -Xcc -I/Users/momtajhusen/Desktop/UnderOneRoof/ios/Pods/Headers/Public/RCT-Folly -Xcc -I/Users/momtajhusen/Desktop/UnderOneRoof/ios/Pods/Headers/Public/RCTRequired -Xcc -I/Users/momtajhusen/Desktop/UnderOneRoof/ios/Pods/Headers/Public/RCTTypeSafety -Xcc -I/Users/momtajhusen/Desktop/UnderOneRoof/ios/Pods/Headers/Public/React-Core -Xcc -I/Users/momtajhusen/Desktop/UnderOneRoof/ios/Pods/Headers/Public/React-Fabric -Xcc -I/Users/momtajhusen/Desktop/UnderOneRoof/ios/Pods/Headers/Public/React-FabricComponents -Xcc -I/Users/momtajhusen/Desktop/UnderOneRoof/ios/Pods/Headers/Public/React-FabricImage -Xcc -I/Users/momtajhusen/Desktop/UnderOneRoof/ios/Pods/Headers/Public/React-ImageManager -Xcc -I/Users/momtajhusen/Desktop/UnderOneRoof/ios/Pods/Headers/Public/React-Mapbuffer -Xcc -I/Users/momtajhusen/Desktop/UnderOneRoof/ios/Pods/Headers/Public/React-NativeModulesApple -Xcc -I/Users/momtajhusen/Desktop/UnderOneRoof/ios/Pods/Headers/Public/React-RCTBlob -Xcc -I/Users/momtajhusen/Desktop/UnderOneRoof/ios/Pods/Headers/Public/React-RCTFabric -Xcc -I/Users/momtajhusen/Desktop/UnderOneRoof/ios/Pods/Headers/Public/React-RCTText -Xcc -I/Users/momtajhusen/Desktop/UnderOneRoof/ios/Pods/Headers/Public/React-RuntimeApple -Xcc -I/Users/momtajhusen/Desktop/UnderOneRoof/ios/Pods/Headers/Public/React-RuntimeCore -Xcc -I/Users/momtajhusen/Desktop/UnderOneRoof/ios/Pods/Headers/Public/React-RuntimeHermes -Xcc -I/Users/momtajhusen/Desktop/UnderOneRoof/ios/Pods/Headers/Public/React-callinvoker -Xcc -I/Users/momtajhusen/Desktop/UnderOneRoof/ios/Pods/Headers/Public/React-cxxreact -Xcc -I/Users/momtajhusen/Desktop/UnderOneRoof/ios/Pods/Headers/Public/React-debug -Xcc -I/Users/momtajhusen/Desktop/UnderOneRoof/ios/Pods/Headers/Public/React-defaultsnativemodule -Xcc -I/Users/momtajhusen/Desktop/UnderOneRoof/ios/Pods/Headers/Public/React-domnativemodule -Xcc -I/Users/momtajhusen/Desktop/UnderOneRoof/ios/Pods/Headers/Public/React-featureflags -Xcc -I/Users/momtajhusen/Desktop/UnderOneRoof/ios/Pods/Headers/Public/React-featureflagsnativemodule -Xcc -I/Users/momtajhusen/Desktop/UnderOneRoof/ios/Pods/Headers/Public/React-graphics -Xcc -I/Users/momtajhusen/Desktop/UnderOneRoof/ios/Pods/Headers/Public/React-hermes -Xcc -I/Users/momtajhusen/Desktop/UnderOneRoof/ios/Pods/Headers/Public/React-idlecallbacksnativemodule -Xcc -I/Users/momtajhusen/Desktop/UnderOneRoof/ios/Pods/Headers/Public/React-jserrorhandler -Xcc -I/Users/momtajhusen/Desktop/UnderOneRoof/ios/Pods/Headers/Public/React-jsi -Xcc -I/Users/momtajhusen/Desktop/UnderOneRoof/ios/Pods/Headers/Public/React-jsiexecutor -Xcc -I/Users/momtajhusen/Desktop/UnderOneRoof/ios/Pods/Headers/Public/React-jsinspector -Xcc -I/Users/momtajhusen/Desktop/UnderOneRoof/ios/Pods/Headers/Public/React-logger -Xcc -I/Users/momtajhusen/Desktop/UnderOneRoof/ios/Pods/Headers/Public/React-microtasksnativemodule -Xcc -I/Users/momtajhusen/Desktop/UnderOneRoof/ios/Pods/Headers/Public/React-nativeconfig -Xcc -I/Users/momtajhusen/Desktop/UnderOneRoof/ios/Pods/Headers/Public/React-perflogger -Xcc -I/Users/momtajhusen/Desktop/UnderOneRoof/ios/Pods/Headers/Public/React-performancetimeline -Xcc -I/Users/momtajhusen/Desktop/UnderOneRoof/ios/Pods/Headers/Public/React-rendererconsistency -Xcc -I/Users/momtajhusen/Desktop/UnderOneRoof/ios/Pods/Headers/Public/React-rendererdebug -Xcc -I/Users/momtajhusen/Desktop/UnderOneRoof/ios/Pods/Headers/Public/React-runtimeexecutor -Xcc -I/Users/momtajhusen/Desktop/UnderOneRoof/ios/Pods/Headers/Public/React-runtimescheduler -Xcc -I/Users/momtajhusen/Desktop/UnderOneRoof/ios/Pods/Headers/Public/React-timing -Xcc -I/Users/momtajhusen/Desktop/UnderOneRoof/ios/Pods/Headers/Public/React-utils -Xcc -I/Users/momtajhusen/Desktop/UnderOneRoof/ios/Pods/Headers/Public/ReactCodegen -Xcc -I/Users/momtajhusen/Desktop/UnderOneRoof/ios/Pods/Headers/Public/ReactCommon -Xcc -I/Users/momtajhusen/Desktop/UnderOneRoof/ios/Pods/Headers/Public/Yoga -Xcc -I/Users/momtajhusen/Desktop/UnderOneRoof/ios/Pods/Headers/Public/boost -Xcc -I/Users/momtajhusen/Desktop/UnderOneRoof/ios/Pods/Headers/Public/fast_float -Xcc -I/Users/momtajhusen/Desktop/UnderOneRoof/ios/Pods/Headers/Public/fmt -Xcc -I/Users/momtajhusen/Desktop/UnderOneRoof/ios/Pods/Headers/Public/glog -Xcc -I/Users/momtajhusen/Desktop/UnderOneRoof/ios/Pods/Headers/Public/hermes-engine -Xcc -I/Users/momtajhusen/Library/Developer/Xcode/DerivedData/UnderOneRoof-bvjuhnhcwjrvzafftvptbetbcgcq/Build/Intermediates.noindex/Pods.build/Debug-iphonesimulator/EXManifests.build/DerivedSources-normal/arm64 -Xcc -I/Users/momtajhusen/Library/Developer/Xcode/DerivedData/UnderOneRoof-bvjuhnhcwjrvzafftvptbetbcgcq/Build/Intermediates.noindex/Pods.build/Debug-iphonesimulator/EXManifests.build/DerivedSources/arm64 -Xcc -I/Users/momtajhusen/Library/Developer/Xcode/DerivedData/UnderOneRoof-bvjuhnhcwjrvzafftvptbetbcgcq/Build/Intermediates.noindex/Pods.build/Debug-iphonesimulator/EXManifests.build/DerivedSources -Xcc -DPOD_CONFIGURATION_DEBUG\=1 -Xcc -DDEBUG\=1 -Xcc -DCOCOAPODS\=1 -emit-objc-header -emit-objc-header-path /Users/momtajhusen/Library/Developer/Xcode/DerivedData/UnderOneRoof-bvjuhnhcwjrvzafftvptbetbcgcq/Build/Intermediates.noindex/Pods.build/Debug-iphonesimulator/EXManifests.build/Objects-normal/arm64/EXManifests-Swift.h -working-directory /Users/momtajhusen/Desktop/UnderOneRoof/ios/Pods -no-emit-module-separately-wmo


debug SwiftCompile normal arm64 Compiling\ UpdatesControllerRegistry.swift,\ UpdatesExternalInterface.swift /Users/momtajhusen/Desktop/UnderOneRoof/node_modules/expo-updates-interface/ios/EXUpdatesInterface/UpdatesControllerRegistry.swift /Users/momtajhusen/Desktop/UnderOneRoof/node_modules/expo-updates-interface/ios/EXUpdatesInterface/UpdatesExternalInterface.swift (in target 'EXUpdatesInterface' from project 'Pods')


debug SwiftCompile normal arm64 Compiling\ EmbeddedManifest.swift,\ ExpoUpdatesManifest.swift,\ Manifest.swift,\ ManifestFactory.swift /Users/momtajhusen/Desktop/UnderOneRoof/node_modules/expo-manifests/ios/EXManifests/EmbeddedManifest.swift /Users/momtajhusen/Desktop/UnderOneRoof/node_modules/expo-manifests/ios/EXManifests/ExpoUpdatesManifest.swift /Users/momtajhusen/Desktop/UnderOneRoof/node_modules/expo-manifests/ios/EXManifests/Manifest.swift /Users/momtajhusen/Desktop/UnderOneRoof/node_modules/expo-manifests/ios/EXManifests/ManifestFactory.swift (in target 'EXManifests' from project 'Pods')
debug 


debug SwiftDriver EXApplication normal arm64 com.apple.xcode.tools.swift.compiler (in target 'EXApplication' from project 'Pods')
    cd /Users/momtajhusen/Desktop/UnderOneRoof/ios/Pods
    builtin-SwiftDriver -- /Applications/Xcode.app/Contents/Developer/Toolchains/XcodeDefault.xctoolchain/usr/bin/swiftc -module-name EXApplication -Onone -whole-module-optimization -enforce-exclusivity\=checked @/Users/momtajhusen/Library/Developer/Xcode/DerivedData/UnderOneRoof-bvjuhnhcwjrvzafftvptbetbcgcq/Build/Intermediates.noindex/Pods.build/Debug-iphonesimulator/EXApplication.build/Objects-normal/arm64/EXApplication.SwiftFileList -DDEBUG -D COCOAPODS -Xcc -fmodule-map-file\=/Users/momtajhusen/Library/Developer/Xcode/DerivedData/UnderOneRoof-bvjuhnhcwjrvzafftvptbetbcgcq/Build/Products/Debug-iphonesimulator/ExpoModulesCore/ExpoModulesCore.modulemap -Xcc -fmodule-map-file\=/Users/momtajhusen/Desktop/UnderOneRoof/ios/Pods/Headers/Public/DoubleConversion/DoubleConversion.modulemap -Xcc -fmodule-map-file\=/Users/momtajhusen/Desktop/UnderOneRoof/ios/Pods/Headers/Public/RCTDeprecation/RCTDeprecation.modulemap -Xcc -fmodule-map-file\=/Users/momtajhusen/Desktop/UnderOneRoof/ios/Pods/Headers/Public/RCTFabric/React-RCTFabric.modulemap -Xcc -fmodule-map-file\=/Users/momtajhusen/Desktop/UnderOneRoof/ios/Pods/Headers/Public/RCTTypeSafety/RCTTypeSafety.modulemap -Xcc -fmodule-map-file\=/Users/momtajhusen/Desktop/UnderOneRoof/ios/Pods/Headers/Public/React/React-Core.modulemap -Xcc -fmodule-map-file\=/Users/momtajhusen/Desktop/UnderOneRoof/ios/Pods/Headers/Public/ReactCodegen/ReactCodegen.modulemap -Xcc -fmodule-map-file\=/Users/momtajhusen/Desktop/UnderOneRoof/ios/Pods/Headers/Public/ReactCommon/ReactCommon.modulemap -Xcc -fmodule-map-file\=/Users/momtajhusen/Desktop/UnderOneRoof/ios/Pods/Headers/Public/React_Fabric/React-Fabric.modulemap -Xcc -fmodule-map-file\=/Users/momtajhusen/Desktop/UnderOneRoof/ios/Pods/Headers/Public/React_FabricComponents/React-FabricComponents.modulemap -Xcc -fmodule-map-file\=/Users/momtajhusen/Desktop/UnderOneRoof/ios/Pods/Headers/Public/React_NativeModulesApple/React-NativeModulesApple.modulemap -Xcc -fmodule-map-file\=/Users/momtajhusen/Desktop/UnderOneRoof/ios/Pods/Headers/Public/React_RCTAppDelegate/React-RCTAppDelegate.modulemap -Xcc -fmodule-map-file\=/Users/momtajhusen/Desktop/UnderOneRoof/ios/Pods/Headers/Public/folly/RCT-Folly.modulemap -Xcc -fmodule-map-file\=/Users/momtajhusen/Desktop/UnderOneRoof/ios/Pods/Headers/Public/glog/glog.modulemap -Xcc -fmodule-map-file\=/Users/momtajhusen/Desktop/UnderOneRoof/ios/Pods/Headers/Public/jsi/React-jsi.modulemap -Xcc -fmodule-map-file\=/Users/momtajhusen/Desktop/UnderOneRoof/ios/Pods/Headers/Public/jsinspector_modern/React-jsinspector.modulemap -Xcc -fmodule-map-file\=/Users/momtajhusen/Desktop/UnderOneRoof/ios/Pods/Headers/Public/react_debug/React-debug.modulemap -Xcc -fmodule-map-file\=/Users/momtajhusen/Desktop/UnderOneRoof/ios/Pods/Headers/Public/react_featureflags/React-featureflags.modulemap -Xcc -fmodule-map-file\=/Users/momtajhusen/Desktop/UnderOneRoof/ios/Pods/Headers/Public/react_nativemodule_defaults/React-defaultsnativemodule.modulemap -Xcc -fmodule-map-file\=/Users/momtajhusen/Desktop/UnderOneRoof/ios/Pods/Headers/Public/react_nativemodule_dom/React-domnativemodule.modulemap -Xcc -fmodule-map-file\=/Users/momtajhusen/Desktop/UnderOneRoof/ios/Pods/Headers/Public/react_nativemodule_featureflags/React-featureflagsnativemodule.modulemap -Xcc -fmodule-map-file\=/Users/momtajhusen/Desktop/UnderOneRoof/ios/Pods/Headers/Public/react_nativemodule_idlecallbacks/React-idlecallbacksnativemodule.modulemap -Xcc -fmodule-map-file\=/Users/momtajhusen/Desktop/UnderOneRoof/ios/Pods/Headers/Public/react_nativemodule_microtasks/React-microtasksnativemodule.modulemap -Xcc -fmodule-map-file\=/Users/momtajhusen/Desktop/UnderOneRoof/ios/Pods/Headers/Public/react_renderer_debug/React-rendererdebug.modulemap -Xcc -fmodule-map-file\=/Users/momtajhusen/Desktop/UnderOneRoof/ios/Pods/Headers/Public/react_renderer_graphics/React-graphics.modulemap -Xcc -fmodule-map-file\=/Users/momtajhusen/Desktop/UnderOneRoof/ios/Pods/Headers/Public/react_renderer_imagemanager/React-ImageManager.modulemap -Xcc -fmodule-map-file\=/Users/momtajhusen/Desktop/UnderOneRoof/ios/Pods/Headers/Public/react_utils/React-utils.modulemap -Xcc -fmodule-map-file\=/Users/momtajhusen/Desktop/UnderOneRoof/ios/Pods/Headers/Public/reacthermes/React-hermes.modulemap -Xcc -fmodule-map-file\=/Users/momtajhusen/Desktop/UnderOneRoof/ios/Pods/Headers/Public/yoga/Yoga.modulemap -import-underlying-module -Xcc -fmodule-map-file\=/Users/momtajhusen/Desktop/UnderOneRoof/ios/Pods/Headers/Public/EXApplication/EXApplication.modulemap -enable-bare-slash-regex -enable-experimental-feature DebugDescriptionMacro -sdk /Applications/Xcode.app/Contents/Developer/Platforms/iPhoneSimulator.platform/Developer/SDKs/iPhoneSimulator18.5.sdk -target arm64-apple-ios15.1-simulator -g -module-cache-path /Users/momtajhusen/Library/Developer/Xcode/DerivedData/ModuleCache.noindex -Xfrontend -serialize-debugging-options -enable-testing -index-store-path /Users/momtajhusen/Library/Developer/Xcode/DerivedData/UnderOneRoof-bvjuhnhcwjrvzafftvptbetbcgcq/Index.noindex/DataStore -swift-version 5 -I /Users/momtajhusen/Library/Developer/Xcode/DerivedData/UnderOneRoof-bvjuhnhcwjrvzafftvptbetbcgcq/Build/Products/Debug-iphonesimulator/EXApplication -I /Users/momtajhusen/Library/Developer/Xcode/DerivedData/UnderOneRoof-bvjuhnhcwjrvzafftvptbetbcgcq/Build/Products/Debug-iphonesimulator/ExpoModulesCore -F /Users/momtajhusen/Library/Developer/Xcode/DerivedData/UnderOneRoof-bvjuhnhcwjrvzafftvptbetbcgcq/Build/Products/Debug-iphonesimulator/EXApplication -F /Users/momtajhusen/Desktop/UnderOneRoof/ios/Pods/hermes-engine/destroot/Library/Frameworks/universal -F /Users/momtajhusen/Library/Developer/Xcode/DerivedData/UnderOneRoof-bvjuhnhcwjrvzafftvptbetbcgcq/Build/Products/Debug-iphonesimulator/XCFrameworkIntermediates/hermes-engine/Pre-built -c -num-threads 10 -Xcc -ivfsstatcache -Xcc /Users/momtajhusen/Library/Developer/Xcode/DerivedData/SDKStatCaches.noindex/iphonesimulator18.5-22F76-d5fc8ad4295d2ef488fb7d0f804ce0c4.sdkstatcache -output-file-map /Users/momtajhusen/Library/Developer/Xcode/DerivedData/UnderOneRoof-bvjuhnhcwjrvzafftvptbetbcgcq/Build/Intermediates.noindex/Pods.build/Debug-iphonesimulator/EXApplication.build/Objects-normal/arm64/EXApplication-OutputFileMap.json -use-frontend-parseable-output -save-temps -no-color-diagnostics -serialize-diagnostics -emit-dependencies -emit-module -emit-module-path /Users/momtajhusen/Library/Developer/Xcode/DerivedData/UnderOneRoof-bvjuhnhcwjrvzafftvptbetbcgcq/Build/Intermediates.noindex/Pods.build/Debug-iphonesimulator/EXApplication.build/Objects-normal/arm64/EXApplication.swiftmodule -validate-clang-modules-once -clang-build-session-file /Users/momtajhusen/Library/Developer/Xcode/DerivedData/ModuleCache.noindex/Session.modulevalidation -Xcc -I/Users/momtajhusen/Library/Developer/Xcode/DerivedData/UnderOneRoof-bvjuhnhcwjrvzafftvptbetbcgcq/Build/Intermediates.noindex/Pods.build/Debug-iphonesimulator/EXApplication.build/swift-overrides.hmap -emit-const-values -Xfrontend -const-gather-protocols-file -Xfrontend /Users/momtajhusen/Library/Developer/Xcode/DerivedData/UnderOneRoof-bvjuhnhcwjrvzafftvptbetbcgcq/Build/Intermediates.noindex/Pods.build/Debug-iphonesimulator/EXApplication.build/Objects-normal/arm64/EXApplication_const_extract_protocols.json -Xcc -iquote -Xcc /Users/momtajhusen/Library/Developer/Xcode/DerivedData/UnderOneRoof-bvjuhnhcwjrvzafftvptbetbcgcq/Build/Intermediates.noindex/Pods.build/Debug-iphonesimulator/EXApplication.build/EXApplication-generated-files.hmap -Xcc -I/Users/momtajhusen/Library/Developer/Xcode/DerivedData/UnderOneRoof-bvjuhnhcwjrvzafftvptbetbcgcq/Build/Intermediates.noindex/Pods.build/Debug-iphonesimulator/EXApplication.build/EXApplication-own-target-headers.hmap -Xcc -I/Users/momtajhusen/Library/Developer/Xcode/DerivedData/UnderOneRoof-bvjuhnhcwjrvzafftvptbetbcgcq/Build/Intermediates.noindex/Pods.build/Debug-iphonesimulator/EXApplication.build/EXApplication-all-non-framework-target-headers.hmap -Xcc -ivfsoverlay -Xcc /Users/momta
debug jhusen/Library/Developer/Xcode/DerivedData/UnderOneRoof-bvjuhnhcwjrvzafftvptbetbcgcq/Build/Intermediates.noindex/Pods.build/Debug-iphonesimulator/Pods-8699adb1dd336b26511df848a716bd42-VFS-iphonesimulator/all-product-headers.yaml -Xcc -iquote -Xcc /Users/momtajhusen/Library/Developer/Xcode/DerivedData/UnderOneRoof-bvjuhnhcwjrvzafftvptbetbcgcq/Build/Intermediates.noindex/Pods.build/Debug-iphonesimulator/EXApplication.build/EXApplication-project-headers.hmap -Xcc -I/Users/momtajhusen/Library/Developer/Xcode/DerivedData/UnderOneRoof-bvjuhnhcwjrvzafftvptbetbcgcq/Build/Products/Debug-iphonesimulator/EXApplication/include -Xcc -I/Users/momtajhusen/Desktop/UnderOneRoof/ios/Pods/Headers/Private -Xcc -I/Users/momtajhusen/Desktop/UnderOneRoof/ios/Pods/Headers/Private/EXApplication -Xcc -I/Users/momtajhusen/Desktop/UnderOneRoof/ios/Pods/Headers/Public -Xcc -I/Users/momtajhusen/Desktop/UnderOneRoof/ios/Pods/Headers/Public/DoubleConversion -Xcc -I/Users/momtajhusen/Desktop/UnderOneRoof/ios/Pods/Headers/Public/ExpoModulesCore -Xcc -I/Users/momtajhusen/Desktop/UnderOneRoof/ios/Pods/Headers/Public/FBLazyVector -Xcc -I/Users/momtajhusen/Desktop/UnderOneRoof/ios/Pods/Headers/Public/RCT-Folly -Xcc -I/Users/momtajhusen/Desktop/UnderOneRoof/ios/Pods/Headers/Public/RCTRequired -Xcc -I/Users/momtajhusen/Desktop/UnderOneRoof/ios/Pods/Headers/Public/RCTTypeSafety -Xcc -I/Users/momtajhusen/Desktop/UnderOneRoof/ios/Pods/Headers/Public/React-Core -Xcc -I/Users/momtajhusen/Desktop/UnderOneRoof/ios/Pods/Headers/Public/React-Fabric -Xcc -I/Users/momtajhusen/Desktop/UnderOneRoof/ios/Pods/Headers/Public/React-FabricComponents -Xcc -I/Users/momtajhusen/Desktop/UnderOneRoof/ios/Pods/Headers/Public/React-FabricImage -Xcc -I/Users/momtajhusen/Desktop/UnderOneRoof/ios/Pods/Headers/Public/React-ImageManager -Xcc -I/Users/momtajhusen/Desktop/UnderOneRoof/ios/Pods/Headers/Public/React-Mapbuffer -Xcc -I/Users/momtajhusen/Desktop/UnderOneRoof/ios/Pods/Headers/Public/React-NativeModulesApple -Xcc -I/Users/momtajhusen/Desktop/UnderOneRoof/ios/Pods/Headers/Public/React-RCTBlob -Xcc -I/Users/momtajhusen/Desktop/UnderOneRoof/ios/Pods/Headers/Public/React-RCTFabric -Xcc -I/Users/momtajhusen/Desktop/UnderOneRoof/ios/Pods/Headers/Public/React-RCTText -Xcc -I/Users/momtajhusen/Desktop/UnderOneRoof/ios/Pods/Headers/Public/React-RuntimeApple -Xcc -I/Users/momtajhusen/Desktop/UnderOneRoof/ios/Pods/Headers/Public/React-RuntimeCore -Xcc -I/Users/momtajhusen/Desktop/UnderOneRoof/ios/Pods/Headers/Public/React-RuntimeHermes -Xcc -I/Users/momtajhusen/Desktop/UnderOneRoof/ios/Pods/Headers/Public/React-callinvoker -Xcc -I/Users/momtajhusen/Desktop/UnderOneRoof/ios/Pods/Headers/Public/React-cxxreact -Xcc -I/Users/momtajhusen/Desktop/UnderOneRoof/ios/Pods/Headers/Public/React-debug -Xcc -I/Users/momtajhusen/Desktop/UnderOneRoof/ios/Pods/Headers/Public/React-defaultsnativemodule -Xcc -I/Users/momtajhusen/Desktop/UnderOneRoof/ios/Pods/Headers/Public/React-domnativemodule -Xcc -I/Users/momtajhusen/Desktop/UnderOneRoof/ios/Pods/Headers/Public/React-featureflags -Xcc -I/Users/momtajhusen/Desktop/UnderOneRoof/ios/Pods/Headers/Public/React-featureflagsnativemodule -Xcc -I/Users/momtajhusen/Desktop/UnderOneRoof/ios/Pods/Headers/Public/React-graphics -Xcc -I/Users/momtajhusen/Desktop/UnderOneRoof/ios/Pods/Headers/Public/React-hermes -Xcc -I/Users/momtajhusen/Desktop/UnderOneRoof/ios/Pods/Headers/Public/React-idlecallbacksnativemodule -Xcc -I/Users/momtajhusen/Desktop/UnderOneRoof/ios/Pods/Headers/Public/React-jserrorhandler -Xcc -I/Users/momtajhusen/Desktop/UnderOneRoof/ios/Pods/Headers/Public/React-jsi -Xcc -I/Users/momtajhusen/Desktop/UnderOneRoof/ios/Pods/Headers/Public/React-jsiexecutor -Xcc -I/Users/momtajhusen/Desktop/UnderOneRoof/ios/Pods/Headers/Public/React-jsinspector -Xcc -I/Users/momtajhusen/Desktop/UnderOneRoof/ios/Pods/Headers/Public/React-logger -Xcc -I/Users/momtajhusen/Desktop/UnderOneRoof/ios/Pods/Headers/Public/React-microtasksnativemodule -Xcc -I/Users/momtajhusen/Desktop/UnderOneRoof/ios/Pods/Headers/Public/React-nativeconfig -Xcc -I/Users/momtajhusen/Desktop/UnderOneRoof/ios/Pods/Headers/Public/React-perflogger -Xcc -I/Users/momtajhusen/Desktop/UnderOneRoof/ios/Pods/Headers/Public/React-performancetimeline -Xcc -I/Users/momtajhusen/Desktop/UnderOneRoof/ios/Pods/Headers/Public/React-rendererconsistency -Xcc -I/Users/momtajhusen/Desktop/UnderOneRoof/ios/Pods/Headers/Public/React-rendererdebug -Xcc -I/Users/momtajhusen/Desktop/UnderOneRoof/ios/Pods/Headers/Public/React-runtimeexecutor -Xcc -I/Users/momtajhusen/Desktop/UnderOneRoof/ios/Pods/Headers/Public/React-runtimescheduler -Xcc -I/Users/momtajhusen/Desktop/UnderOneRoof/ios/Pods/Headers/Public/React-timing -Xcc -I/Users/momtajhusen/Desktop/UnderOneRoof/ios/Pods/Headers/Public/React-utils -Xcc -I/Users/momtajhusen/Desktop/UnderOneRoof/ios/Pods/Headers/Public/ReactCodegen -Xcc -I/Users/momtajhusen/Desktop/UnderOneRoof/ios/Pods/Headers/Public/ReactCommon -Xcc -I/Users/momtajhusen/Desktop/UnderOneRoof/ios/Pods/Headers/Public/Yoga -Xcc -I/Users/momtajhusen/Desktop/UnderOneRoof/ios/Pods/Headers/Public/boost -Xcc -I/Users/momtajhusen/Desktop/UnderOneRoof/ios/Pods/Headers/Public/fast_float -Xcc -I/Users/momtajhusen/Desktop/UnderOneRoof/ios/Pods/Headers/Public/fmt -Xcc -I/Users/momtajhusen/Desktop/UnderOneRoof/ios/Pods/Headers/Public/glog -Xcc -I/Users/momtajhusen/Desktop/UnderOneRoof/ios/Pods/Headers/Public/hermes-engine -Xcc -I/Users/momtajhusen/Library/Developer/Xcode/DerivedData/UnderOneRoof-bvjuhnhcwjrvzafftvptbetbcgcq/Build/Intermediates.noindex/Pods.build/Debug-iphonesimulator/EXApplication.build/DerivedSources-normal/arm64 -Xcc -I/Users/momtajhusen/Library/Developer/Xcode/DerivedData/UnderOneRoof-bvjuhnhcwjrvzafftvptbetbcgcq/Build/Intermediates.noindex/Pods.build/Debug-iphonesimulator/EXApplication.build/DerivedSources/arm64 -Xcc -I/Users/momtajhusen/Library/Developer/Xcode/DerivedData/UnderOneRoof-bvjuhnhcwjrvzafftvptbetbcgcq/Build/Intermediates.noindex/Pods.build/Debug-iphonesimulator/EXApplication.build/DerivedSources -Xcc -DPOD_CONFIGURATION_DEBUG\=1 -Xcc -DDEBUG\=1 -Xcc -DCOCOAPODS\=1 -emit-objc-header -emit-objc-header-path /Users/momtajhusen/Library/Developer/Xcode/DerivedData/UnderOneRoof-bvjuhnhcwjrvzafftvptbetbcgcq/Build/Intermediates.noindex/Pods.build/Debug-iphonesimulator/EXApplication.build/Objects-normal/arm64/EXApplication-Swift.h -working-directory /Users/momtajhusen/Desktop/UnderOneRoof/ios/Pods -no-emit-module-separately-wmo

debug 
SwiftDriverJobDiscovery normal arm64 Emitting module for ExpoPrint (in target 'ExpoPrint' from project 'Pods')


debug SwiftDriver EASClient normal arm64 com.apple.xcode.tools.swift.compiler (in target 'EASClient' from project 'Pods')
    cd /Users/momtajhusen/Desktop/UnderOneRoof/ios/Pods
    builtin-SwiftDriver -- /Applications/Xcode.app/Contents/Developer/Toolchains/XcodeDefault.xctoolchain/usr/bin/swiftc -module-name EASClient -Onone -whole-module-optimization -enforce-exclusivity\=checked @/Users/momtajhusen/Library/Developer/Xcode/DerivedData/UnderOneRoof-bvjuhnhcwjrvzafftvptbetbcgcq/Build/Intermediates.noindex/Pods.build/Debug-iphonesimulator/EASClient.build/Objects-normal/arm64/EASClient.SwiftFileList -DDEBUG -D COCOAPODS -Xcc -fmodule-map-file\=/Users/momtajhusen/Library/Developer/Xcode/DerivedData/UnderOneRoof-bvjuhnhcwjrvzafftvptbetbcgcq/Build/Products/Debug-iphonesimulator/ExpoModulesCore/ExpoModulesCore.modulemap -Xcc -fmodule-map-file\=/Users/momtajhusen/Desktop/UnderOneRoof/ios/Pods/Headers/Public/DoubleConversion/DoubleConversion.modulemap -Xcc -fmodule-map-file\=/Users/momtajhusen/Desktop/UnderOneRoof/ios/Pods/Headers/Public/RCTDeprecation/RCTDeprecation.modulemap -Xcc -fmodule-map-file\=/Users/momtajhusen/Desktop/UnderOneRoof/ios/Pods/Headers/Public/RCTFabric/React-RCTFabric.modulemap -Xcc -fmodule-map-file\=/Users/momtajhusen/Desktop/UnderOneRoof/ios/Pods/Headers/Public/RCTTypeSafety/RCTTypeSafety.modulemap -Xcc -fmodule-map-file\=/Users/momtajhusen/Desktop/UnderOneRoof/ios/Pods/Headers/Public/React/React-Core.modulemap -Xcc -fmodule-map-file\=/Users/momtajhusen/Desktop/UnderOneRoof/ios/Pods/Headers/Public/ReactCodegen/ReactCodegen.modulemap -Xcc -fmodule-map-file\=/Users/momtajhusen/Desktop/UnderOneRoof/ios/Pods/Headers/Public/ReactCommon/ReactCommon.modulemap -Xcc -fmodule-map-file\=/Users/momtajhusen/Desktop/UnderOneRoof/ios/Pods/Headers/Public/React_Fabric/React-Fabric.modulemap -Xcc -fmodule-map-file\=/Users/momtajhusen/Desktop/UnderOneRoof/ios/Pods/Headers/Public/React_FabricComponents/React-FabricComponents.modulemap -Xcc -fmodule-map-file\=/Users/momtajhusen/Desktop/UnderOneRoof/ios/Pods/Headers/Public/React_NativeModulesApple/React-NativeModulesApple.modulemap -Xcc -fmodule-map-file\=/Users/momtajhusen/Desktop/UnderOneRoof/ios/Pods/Headers/Public/React_RCTAppDelegate/React-RCTAppDelegate.modulemap -Xcc -fmodule-map-file\=/Users/momtajhusen/Desktop/UnderOneRoof/ios/Pods/Headers/Public/folly/RCT-Folly.modulemap -Xcc -fmodule-map-file\=/Users/momtajhusen/Desktop/UnderOneRoof/ios/Pods/Headers/Public/glog/glog.modulemap -Xcc -fmodule-map-file\=/Users/momtajhusen/Desktop/UnderOneRoof/ios/Pods/Headers/Public/jsi/React-jsi.modulemap -Xcc -fmodule-map-file\=/Users/momtajhusen/Desktop/UnderOneRoof/ios/Pods/Headers/Public/jsinspector_modern/React-jsinspector.modulemap -Xcc -fmodule-map-file\=/Users/momtajhusen/Desktop/UnderOneRoof/ios/Pods/Headers/Public/react_debug/React-debug.modulemap -Xcc -fmodule-map-file\=/Users/momtajhusen/Desktop/UnderOneRoof/ios/Pods/Headers/Public/react_featureflags/React-featureflags.modulemap -Xcc -fmodule-map-file\=/Users/momtajhusen/Desktop/UnderOneRoof/ios/Pods/Headers/Public/react_nativemodule_defaults/React-defaultsnativemodule.modulemap -Xcc -fmodule-map-file\=/Users/momtajhusen/Desktop/UnderOneRoof/ios/Pods/Headers/Public/react_nativemodule_dom/React-domnativemodule.modulemap -Xcc -fmodule-map-file\=/Users/momtajhusen/Desktop/UnderOneRoof/ios/Pods/Headers/Public/react_nativemodule_featureflags/React-featureflagsnativemodule.modulemap -Xcc -fmodule-map-file\=/Users/momtajhusen/Desktop/UnderOneRoof/ios/Pods/Headers/Public/react_nativemodule_idlecallbacks/React-idlecallbacksnativemodule.modulemap -Xcc -fmodule-map-file\=/Users/momtajhusen/Desktop/UnderOneRoof/ios/Pods/Headers/Public/react_nativemodule_microtasks/React-microtasksnativemodule.modulemap -Xcc -fmodule-map-file\=/Users/momtajhusen/Desktop/UnderOneRoof/ios/Pods/Headers/Public/react_renderer_debug/React-rendererdebug.modulemap -Xcc -fmodule-map-file\=/Users/momtajhusen/Desktop/UnderOneRoof/ios/Pods/Headers/Public/react_renderer_graphics/React-graphics.modulemap -Xcc -fmodule-map-file\=/Users/momtajhusen/Desktop/UnderOneRoof/ios/Pods/Headers/Public/react_renderer_imagemanager/React-ImageManager.modulemap -Xcc -fmodule-map-file\=/Users/momtajhusen/Desktop/UnderOneRoof/ios/Pods/Headers/Public/react_utils/React-utils.modulemap -Xcc -fmodule-map-file\=/Users/momtajhusen/Desktop/UnderOneRoof/ios/Pods/Headers/Public/reacthermes/React-hermes.modulemap -Xcc -fmodule-map-file\=/Users/momtajhusen/Desktop/UnderOneRoof/ios/Pods/Headers/Public/yoga/Yoga.modulemap -import-underlying-module -Xcc -fmodule-map-file\=/Users/momtajhusen/Desktop/UnderOneRoof/ios/Pods/Headers/Public/EASClient/EASClient.modulemap -enable-bare-slash-regex -enable-experimental-feature DebugDescriptionMacro -sdk /Applications/Xcode.app/Contents/Developer/Platforms/iPhoneSimulator.platform/Developer/SDKs/iPhoneSimulator18.5.sdk -target arm64-apple-ios15.1-simulator -g -module-cache-path /Users/momtajhusen/Library/Developer/Xcode/DerivedData/ModuleCache.noindex -Xfrontend -serialize-debugging-options -enable-testing -index-store-path /Users/momtajhusen/Library/Developer/Xcode/DerivedData/UnderOneRoof-bvjuhnhcwjrvzafftvptbetbcgcq/Index.noindex/DataStore -swift-version 5 -I /Users/momtajhusen/Library/Developer/Xcode/DerivedData/UnderOneRoof-bvjuhnhcwjrvzafftvptbetbcgcq/Build/Products/Debug-iphonesimulator/EASClient -I /Users/momtajhusen/Library/Developer/Xcode/DerivedData/UnderOneRoof-bvjuhnhcwjrvzafftvptbetbcgcq/Build/Products/Debug-iphonesimulator/ExpoModulesCore -F /Users/momtajhusen/Library/Developer/Xcode/DerivedData/UnderOneRoof-bvjuhnhcwjrvzafftvptbetbcgcq/Build/Products/Debug-iphonesimulator/EASClient -F /Users/momtajhusen/Desktop/UnderOneRoof/ios/Pods/hermes-engine/destroot/Library/Frameworks/universal -F /Users/momtajhusen/Library/Developer/Xcode/DerivedData/UnderOneRoof-bvjuhnhcwjrvzafftvptbetbcgcq/Build/Products/Debug-iphonesimulator/XCFrameworkIntermediates/hermes-engine/Pre-built -c -num-threads 10 -Xcc -ivfsstatcache -Xcc /Users/momtajhusen/Library/Developer/Xcode/DerivedData/SDKStatCaches.noindex/iphonesimulator18.5-22F76-d5fc8ad4295d2ef488fb7d0f804ce0c4.sdkstatcache -output-file-map /Users/momtajhusen/Library/Developer/Xcode/DerivedData/UnderOneRoof-bvjuhnhcwjrvzafftvptbetbcgcq/Build/Intermediates.noindex/Pods.build/Debug-iphonesimulator/EASClient.build/Objects-normal/arm64/EASClient-OutputFileMap.json -use-frontend-parseable-output -save-temps -no-color-diagnostics -serialize-diagnostics -emit-dependencies -emit-module -emit-module-path /Users/momtajhusen/Library/Developer/Xcode/DerivedData/UnderOneRoof-bvjuhnhcwjrvzafftvptbetbcgcq/Build/Intermediates.noindex/Pods.build/Debug-iphonesimulator/EASClient.build/Objects-normal/arm64/EASClient.swiftmodule -validate-clang-modules-once -clang-build-session-file /Users/momtajhusen/Library/Developer/Xcode/DerivedData/ModuleCache.noindex/Session.modulevalidation -Xcc -I/Users/momtajhusen/Library/Developer/Xcode/DerivedData/UnderOneRoof-bvjuhnhcwjrvzafftvptbetbcgcq/Build/Intermediates.noindex/Pods.build/Debug-iphonesimulator/EASClient.build/swift-overrides.hmap -emit-const-values -Xfrontend -const-gather-protocols-file -Xfrontend /Users/momtajhusen/Library/Developer/Xcode/DerivedData/UnderOneRoof-bvjuhnhcwjrvzafftvptbetbcgcq/Build/Intermediates.noindex/Pods.build/Debug-iphonesimulator/EASClient.build/Objects-normal/arm64/EASClient_const_extract_protocols.json -Xcc -iquote -Xcc /Users/momtajhusen/Library/Developer/Xcode/DerivedData/UnderOneRoof-bvjuhnhcwjrvzafftvptbetbcgcq/Build/Intermediates.noindex/Pods.build/Debug-iphonesimulator/EASClient.build/EASClient-generated-files.hmap -Xcc -I/Users/momtajhusen/Library/Developer/Xcode/DerivedData/UnderOneRoof-bvjuhnhcwjrvzafftvptbetbcgcq/Build/Intermediates.noindex/Pods.build/Debug-iphonesimulator/EASClient.build/EASClient-own-target-headers.hmap -Xcc -I/Users/momtajhusen/Library/Developer/Xcode/DerivedData/UnderOneRoof-bvjuhnhcwjrvzafftvptbetbcgcq/Build/Intermediates.noindex/Pods.build/Debug-iphonesimulator/EASClient.build/EASClient-all-non-framework-target-headers.hmap -Xcc -ivfsoverlay -Xcc /Users/momtajhusen/Library/Developer/Xcode/DerivedData/UnderOneRoof-bvjuhnhcwjrvzafftvptbetbcgcq/Bui
debug ld/Intermediates.noindex/Pods.build/Debug-iphonesimulator/Pods-8699adb1dd336b26511df848a716bd42-VFS-iphonesimulator/all-product-headers.yaml -Xcc -iquote -Xcc /Users/momtajhusen/Library/Developer/Xcode/DerivedData/UnderOneRoof-bvjuhnhcwjrvzafftvptbetbcgcq/Build/Intermediates.noindex/Pods.build/Debug-iphonesimulator/EASClient.build/EASClient-project-headers.hmap -Xcc -I/Users/momtajhusen/Library/Developer/Xcode/DerivedData/UnderOneRoof-bvjuhnhcwjrvzafftvptbetbcgcq/Build/Products/Debug-iphonesimulator/EASClient/include -Xcc -I/Users/momtajhusen/Desktop/UnderOneRoof/ios/Pods/Headers/Public -Xcc -I/Users/momtajhusen/Desktop/UnderOneRoof/ios/Pods/Headers/Public/DoubleConversion -Xcc -I/Users/momtajhusen/Desktop/UnderOneRoof/ios/Pods/Headers/Public/ExpoModulesCore -Xcc -I/Users/momtajhusen/Desktop/UnderOneRoof/ios/Pods/Headers/Public/FBLazyVector -Xcc -I/Users/momtajhusen/Desktop/UnderOneRoof/ios/Pods/Headers/Public/RCT-Folly -Xcc -I/Users/momtajhusen/Desktop/UnderOneRoof/ios/Pods/Headers/Public/RCTRequired -Xcc -I/Users/momtajhusen/Desktop/UnderOneRoof/ios/Pods/Headers/Public/RCTTypeSafety -Xcc -I/Users/momtajhusen/Desktop/UnderOneRoof/ios/Pods/Headers/Public/React-Core -Xcc -I/Users/momtajhusen/Desktop/UnderOneRoof/ios/Pods/Headers/Public/React-Fabric -Xcc -I/Users/momtajhusen/Desktop/UnderOneRoof/ios/Pods/Headers/Public/React-FabricComponents -Xcc -I/Users/momtajhusen/Desktop/UnderOneRoof/ios/Pods/Headers/Public/React-FabricImage -Xcc -I/Users/momtajhusen/Desktop/UnderOneRoof/ios/Pods/Headers/Public/React-ImageManager -Xcc -I/Users/momtajhusen/Desktop/UnderOneRoof/ios/Pods/Headers/Public/React-Mapbuffer -Xcc -I/Users/momtajhusen/Desktop/UnderOneRoof/ios/Pods/Headers/Public/React-NativeModulesApple -Xcc -I/Users/momtajhusen/Desktop/UnderOneRoof/ios/Pods/Headers/Public/React-RCTBlob -Xcc -I/Users/momtajhusen/Desktop/UnderOneRoof/ios/Pods/Headers/Public/React-RCTFabric -Xcc -I/Users/momtajhusen/Desktop/UnderOneRoof/ios/Pods/Headers/Public/React-RCTText -Xcc -I/Users/momtajhusen/Desktop/UnderOneRoof/ios/Pods/Headers/Public/React-RuntimeApple -Xcc -I/Users/momtajhusen/Desktop/UnderOneRoof/ios/Pods/Headers/Public/React-RuntimeCore -Xcc -I/Users/momtajhusen/Desktop/UnderOneRoof/ios/Pods/Headers/Public/React-RuntimeHermes -Xcc -I/Users/momtajhusen/Desktop/UnderOneRoof/ios/Pods/Headers/Public/React-callinvoker -Xcc -I/Users/momtajhusen/Desktop/UnderOneRoof/ios/Pods/Headers/Public/React-cxxreact -Xcc -I/Users/momtajhusen/Desktop/UnderOneRoof/ios/Pods/Headers/Public/React-debug -Xcc -I/Users/momtajhusen/Desktop/UnderOneRoof/ios/Pods/Headers/Public/React-defaultsnativemodule -Xcc -I/Users/momtajhusen/Desktop/UnderOneRoof/ios/Pods/Headers/Public/React-domnativemodule -Xcc -I/Users/momtajhusen/Desktop/UnderOneRoof/ios/Pods/Headers/Public/React-featureflags -Xcc -I/Users/momtajhusen/Desktop/UnderOneRoof/ios/Pods/Headers/Public/React-featureflagsnativemodule -Xcc -I/Users/momtajhusen/Desktop/UnderOneRoof/ios/Pods/Headers/Public/React-graphics -Xcc -I/Users/momtajhusen/Desktop/UnderOneRoof/ios/Pods/Headers/Public/React-hermes -Xcc -I/Users/momtajhusen/Desktop/UnderOneRoof/ios/Pods/Headers/Public/React-idlecallbacksnativemodule -Xcc -I/Users/momtajhusen/Desktop/UnderOneRoof/ios/Pods/Headers/Public/React-jserrorhandler -Xcc -I/Users/momtajhusen/Desktop/UnderOneRoof/ios/Pods/Headers/Public/React-jsi -Xcc -I/Users/momtajhusen/Desktop/UnderOneRoof/ios/Pods/Headers/Public/React-jsiexecutor -Xcc -I/Users/momtajhusen/Desktop/UnderOneRoof/ios/Pods/Headers/Public/React-jsinspector -Xcc -I/Users/momtajhusen/Desktop/UnderOneRoof/ios/Pods/Headers/Public/React-logger -Xcc -I/Users/momtajhusen/Desktop/UnderOneRoof/ios/Pods/Headers/Public/React-microtasksnativemodule -Xcc -I/Users/momtajhusen/Desktop/UnderOneRoof/ios/Pods/Headers/Public/React-nativeconfig -Xcc -I/Users/momtajhusen/Desktop/UnderOneRoof/ios/Pods/Headers/Public/React-perflogger -Xcc -I/Users/momtajhusen/Desktop/UnderOneRoof/ios/Pods/Headers/Public/React-performancetimeline -Xcc -I/Users/momtajhusen/Desktop/UnderOneRoof/ios/Pods/Headers/Public/React-rendererconsistency -Xcc -I/Users/momtajhusen/Desktop/UnderOneRoof/ios/Pods/Headers/Public/React-rendererdebug -Xcc -I/Users/momtajhusen/Desktop/UnderOneRoof/ios/Pods/Headers/Public/React-runtimeexecutor -Xcc -I/Users/momtajhusen/Desktop/UnderOneRoof/ios/Pods/Headers/Public/React-runtimescheduler -Xcc -I/Users/momtajhusen/Desktop/UnderOneRoof/ios/Pods/Headers/Public/React-timing -Xcc -I/Users/momtajhusen/Desktop/UnderOneRoof/ios/Pods/Headers/Public/React-utils -Xcc -I/Users/momtajhusen/Desktop/UnderOneRoof/ios/Pods/Headers/Public/ReactCodegen -Xcc -I/Users/momtajhusen/Desktop/UnderOneRoof/ios/Pods/Headers/Public/ReactCommon -Xcc -I/Users/momtajhusen/Desktop/UnderOneRoof/ios/Pods/Headers/Public/Yoga -Xcc -I/Users/momtajhusen/Desktop/UnderOneRoof/ios/Pods/Headers/Public/boost -Xcc -I/Users/momtajhusen/Desktop/UnderOneRoof/ios/Pods/Headers/Public/fast_float -Xcc -I/Users/momtajhusen/Desktop/UnderOneRoof/ios/Pods/Headers/Public/fmt -Xcc -I/Users/momtajhusen/Desktop/UnderOneRoof/ios/Pods/Headers/Public/glog -Xcc -I/Users/momtajhusen/Desktop/UnderOneRoof/ios/Pods/Headers/Public/hermes-engine -Xcc -I/Users/momtajhusen/Library/Developer/Xcode/DerivedData/UnderOneRoof-bvjuhnhcwjrvzafftvptbetbcgcq/Build/Intermediates.noindex/Pods.build/Debug-iphonesimulator/EASClient.build/DerivedSources-normal/arm64 -Xcc -I/Users/momtajhusen/Library/Developer/Xcode/DerivedData/UnderOneRoof-bvjuhnhcwjrvzafftvptbetbcgcq/Build/Intermediates.noindex/Pods.build/Debug-iphonesimulator/EASClient.build/DerivedSources/arm64 -Xcc -I/Users/momtajhusen/Library/Developer/Xcode/DerivedData/UnderOneRoof-bvjuhnhcwjrvzafftvptbetbcgcq/Build/Intermediates.noindex/Pods.build/Debug-iphonesimulator/EASClient.build/DerivedSources -Xcc -DPOD_CONFIGURATION_DEBUG\=1 -Xcc -DDEBUG\=1 -Xcc -DCOCOAPODS\=1 -emit-objc-header -emit-objc-header-path /Users/momtajhusen/Library/Developer/Xcode/DerivedData/UnderOneRoof-bvjuhnhcwjrvzafftvptbetbcgcq/Build/Intermediates.noindex/Pods.build/Debug-iphonesimulator/EASClient.build/Objects-normal/arm64/EASClient-Swift.h -working-directory /Users/momtajhusen/Desktop/UnderOneRoof/ios/Pods -no-emit-module-separately-wmo

debug 

debug warning: Run script build phase '[CP-User] Generate updates resources for expo-updates' will be run during every build because it does not specify any outputs. To address this issue, either add output dependencies to the script phase, or configure it to run in every build by unchecking "Based on dependency analysis" in the script phase. (in target 'EXUpdates' from project 'Pods')

debug note: Run script build phase '[CP-User] Generate app.config for prebuilt Constants.manifest' will be run during every build because the option to run the script phase "Based on dependency analysis" is unchecked. (in target 'EXConstants' from project 'Pods')

debug note: Run script build phase '[Expo] Configure project' will be run during every build because the option to run the script phase "Based on dependency analysis" is unchecked. (in target 'UnderOneRoof' from project 'UnderOneRoof')

debug note: Run script build phase 'Bundle React Native code and images' will be run during every build because the option to run the script phase "Based on dependency analysis" is unchecked. (in target 'UnderOneRoof' from project 'UnderOneRoof')

debug /Users/momtajhusen/Desktop/UnderOneRoof/ios/Pods/Pods.xcodeproj: warning: The iOS Simulator deployment target 'IPHONEOS_DEPLOYMENT_TARGET' is set to 9.0, but the range of supported deployment target versions is 12.0 to 18.5.99. (in target 'RNCAsyncStorage-RNCAsyncStorage_resources' from project 'Pods')
warning: Run script build phase '[CP-User] [Hermes] Replace Hermes for the right configuration, if needed' will be run during every build because it does not specify any outputs. To address this issue, either add output dependencies to the script phase, or configure it to run in every build by unchecking "Based on dependency analysis" in the script phase. (in target 'hermes-engine' from project 'Pods')


info 💡 Tip: Make sure that you have set up your development environment correctly, by running npx react-native doctor. To read more about doctor command visit: https://github.com/react-native-community/cli/blob/main/packages/cli-doctor/README.md#doctor 

error export CLANG_WARN_DOCUMENTATION_COMMENTS\=YES
error export CLANG_WARN_QUOTED_INCLUDE_IN_FRAMEWORK_HEADER\=NO
error export GCC_WARN_UNDECLARED_SELECTOR\=YES
error export VALIDATE_PRODUCT\=NO
error export GCC_WARN_PEDANTIC\=YES
error \=non-modular-include-in-framework-module -Wno-trigraphs -Wno-missing-field-initializers -Wno-missing-prototypes -Werror\=return-type -Wdocumentation -Wunreachable-code -Werror\=deprecated-objc-isa-usage -Werror\=objc-root-class -Wno-non-virtual-dtor -Wno-overloaded-virtual -Wno-exit-time-destructors -Wno-missing-braces -Wparentheses -Wswitch -Wunused-function -Wno-unused-label -Wno-unused-parameter -Wunused-variable -Wunused-value -Wempty-body -Wuninitialized -Wconditional-uninitialized -Wno-unknown-pragmas -Wno-shadow -Wno-four-char-constants -Wno-conversion -Wconstant-conversion -Wint-conversion -Wbool-conversion -Wenum-conversion -Wno-float-conversion -Wnon-literal-null-conversion -Wobjc-literal-conversion -Wshorten-64-to-32 -Wno-newline-eof -Wno-c++11-extensions -Wno-implicit-fallthrough -fstrict-aliasing -Wdeprecated-declarations -Winvalid-offsetof -Wno-sign-conversion -Winfinite-recursion -Wmove -Wcomma -Wblock-capture-autoreleasing -Wstrict-prototypes -Wrange-loop-analysis -Wno-semicolon-before-method-body -Wunguarded-availability -index-store-path /Users/momtajhusen/Library/Developer/Xcode/DerivedData/UnderOneRoof-bvjuhnhcwjrvzafftvptbetbcgcq/Index.noindex/DataStore @/Users/momtajhusen/Library/Developer/Xcode/DerivedData/UnderOneRoof-bvjuhnhcwjrvzafftvptbetbcgcq/Build/Intermediates.noindex/Pods.build/Debug-iphonesimulator/ReactCodegen.build/Objects-normal/arm64/82b82416624d2658e5098eb0a28c15c5-common-args.resp -DFOLLY_NO_CONFIG -DFOLLY_MOBILE\=1 -DFOLLY_USE_LIBCPP\=1 -DFOLLY_CFG_NO_COROUTINES\=1 -DFOLLY_HAVE_CLOCK_GETTIME\=1 -Wno-comma -Wno-shorten-64-to-32 -Wno-documentation -Wno-nullability-completeness -std\=c++20 -include /Users/momtajhusen/Desktop/UnderOneRoof/ios/Pods/Target\ Support\ Files/ReactCodegen/ReactCodegen-prefix.pch -MMD -MT dependencies -MF /Users/momtajhusen/Library/Developer/Xcode/DerivedData/UnderOneRoof-bvjuhnhcwjrvzafftvptbetbcgcq/Build/Intermediates.noindex/Pods.build/Debug-iphonesimulator/ReactCodegen.build/Objects-normal/arm64/ComponentDescriptors-705ead4205615bd6e41f3c52a5baff3d.d --serialize-diagnostics /Users/momtajhusen/Library/Developer/Xcode/DerivedData/UnderOneRoof-bvjuhnhcwjrvzafftvptbetbcgcq/Build/Intermediates.noindex/Pods.build/Debug-iphonesimulator/ReactCodegen.build/Objects-normal/arm64/ComponentDescriptors-705ead4205615bd6e41f3c52a5baff3d.dia -c /Users/momtajhusen/Desktop/UnderOneRoof/ios/build/generated/ios/react/renderer/components/RNCWebViewSpec/ComponentDescriptors.cpp -o /Users/momtajhusen/Library/Developer/Xcode/DerivedData/UnderOneRoof-bvjuhnhcwjrvzafftvptbetbcgcq/Build/Intermediates.noindex/Pods.build/Debug-iphonesimulator/ReactCodegen.build/Objects-normal/arm64/ComponentDescriptors-705ead4205615bd6e41f3c52a5baff3d.o -index-unit-output-path /Pods.build/Debug-iphonesimulator/ReactCodegen.build/Objects-normal/arm64/ComponentDescriptors-705ead4205615bd6e41f3c52a5baff3d.o
error \=non-modular-include-in-framework-module -Wno-trigraphs -Wno-missing-field-initializers -Wno-missing-prototypes -Werror\=return-type -Wdocumentation -Wunreachable-code -Werror\=deprecated-objc-isa-usage -Werror\=objc-root-class -Wno-non-virtual-dtor -Wno-overloaded-virtual -Wno-exit-time-destructors -Wno-missing-braces -Wparentheses -Wswitch -Wunused-function -Wno-unused-label -Wno-unused-parameter -Wunused-variable -Wunused-value -Wempty-body -Wuninitialized -Wconditional-uninitialized -Wno-unknown-pragmas -Wno-shadow -Wno-four-char-constants -Wno-conversion -Wconstant-conversion -Wint-conversion -Wbool-conversion -Wenum-conversion -Wno-float-conversion -Wnon-literal-null-conversion -Wobjc-literal-conversion -Wshorten-64-to-32 -Wno-newline-eof -Wno-c++11-extensions -Wno-implicit-fallthrough -fstrict-aliasing -Wdeprecated-declarations -Winvalid-offsetof -Wno-sign-conversion -Winfinite-recursion -Wmove -Wcomma -Wblock-capture-autoreleasing -Wstrict-prototypes -Wrange-loop-analysis -Wno-semicolon-before-method-body -Wunguarded-availability -index-store-path /Users/momtajhusen/Library/Developer/Xcode/DerivedData/UnderOneRoof-bvjuhnhcwjrvzafftvptbetbcgcq/Index.noindex/DataStore @/Users/momtajhusen/Library/Developer/Xcode/DerivedData/UnderOneRoof-bvjuhnhcwjrvzafftvptbetbcgcq/Build/Intermediates.noindex/Pods.build/Debug-iphonesimulator/ReactCodegen.build/Objects-normal/arm64/82b82416624d2658e5098eb0a28c15c5-common-args.resp -DFOLLY_NO_CONFIG -DFOLLY_MOBILE\=1 -DFOLLY_USE_LIBCPP\=1 -DFOLLY_CFG_NO_COROUTINES\=1 -DFOLLY_HAVE_CLOCK_GETTIME\=1 -Wno-comma -Wno-shorten-64-to-32 -Wno-documentation -Wno-nullability-completeness -std\=c++20 -include /Users/momtajhusen/Desktop/UnderOneRoof/ios/Pods/Target\ Support\ Files/ReactCodegen/ReactCodegen-prefix.pch -MMD -MT dependencies -MF /Users/momtajhusen/Library/Developer/Xcode/DerivedData/UnderOneRoof-bvjuhnhcwjrvzafftvptbetbcgcq/Build/Intermediates.noindex/Pods.build/Debug-iphonesimulator/ReactCodegen.build/Objects-normal/arm64/ComponentDescriptors-0e2867b53cfa26e9f1ea4d37bb07aeb5.d --serialize-diagnostics /Users/momtajhusen/Library/Developer/Xcode/DerivedData/UnderOneRoof-bvjuhnhcwjrvzafftvptbetbcgcq/Build/Intermediates.noindex/Pods.build/Debug-iphonesimulator/ReactCodegen.build/Objects-normal/arm64/ComponentDescriptors-0e2867b53cfa26e9f1ea4d37bb07aeb5.dia -c /Users/momtajhusen/Desktop/UnderOneRoof/ios/build/generated/ios/react/renderer/components/rnpdf/ComponentDescriptors.cpp -o /Users/momtajhusen/Library/Developer/Xcode/DerivedData/UnderOneRoof-bvjuhnhcwjrvzafftvptbetbcgcq/Build/Intermediates.noindex/Pods.build/Debug-iphonesimulator/ReactCodegen.build/Objects-normal/arm64/ComponentDescriptors-0e2867b53cfa26e9f1ea4d37bb07aeb5.o -index-unit-output-path /Pods.build/Debug-iphonesimulator/ReactCodegen.build/Objects-normal/arm64/ComponentDescriptors-0e2867b53cfa26e9f1ea4d37bb07aeb5.o
error \=non-modular-include-in-framework-module -Wno-trigraphs -Wno-missing-field-initializers -Wno-missing-prototypes -Werror\=return-type -Wdocumentation -Wunreachable-code -Werror\=deprecated-objc-isa-usage -Werror\=objc-root-class -Wno-non-virtual-dtor -Wno-overloaded-virtual -Wno-exit-time-destructors -Wno-missing-braces -Wparentheses -Wswitch -Wunused-function -Wno-unused-label -Wno-unused-parameter -Wunused-variable -Wunused-value -Wempty-body -Wuninitialized -Wconditional-uninitialized -Wno-unknown-pragmas -Wno-shadow -Wno-four-char-constants -Wno-conversion -Wconstant-conversion -Wint-conversion -Wbool-conversion -Wenum-conversion -Wno-float-conversion -Wnon-literal-null-conversion -Wobjc-literal-conversion -Wshorten-64-to-32 -Wno-newline-eof -Wno-c++11-extensions -Wno-implicit-fallthrough -fstrict-aliasing -Wdeprecated-declarations -Winvalid-offsetof -Wno-sign-conversion -Winfinite-recursion -Wmove -Wcomma -Wblock-capture-autoreleasing -Wstrict-prototypes -Wrange-loop-analysis -Wno-semicolon-before-method-body -Wunguarded-availability -index-store-path /Users/momtajhusen/Library/Developer/Xcode/DerivedData/UnderOneRoof-bvjuhnhcwjrvzafftvptbetbcgcq/Index.noindex/DataStore @/Users/momtajhusen/Library/Developer/Xcode/DerivedData/UnderOneRoof-bvjuhnhcwjrvzafftvptbetbcgcq/Build/Intermediates.noindex/Pods.build/Debug-iphonesimulator/ReactCodegen.build/Objects-normal/arm64/82b82416624d2658e5098eb0a28c15c5-common-args.resp -DFOLLY_NO_CONFIG -DFOLLY_MOBILE\=1 -DFOLLY_USE_LIBCPP\=1 -DFOLLY_CFG_NO_COROUTINES\=1 -DFOLLY_HAVE_CLOCK_GETTIME\=1 -Wno-comma -Wno-shorten-64-to-32 -Wno-documentation -Wno-nullability-completeness -std\=c++20 -include /Users/momtajhusen/Desktop/UnderOneRoof/ios/Pods/Target\ Support\ Files/ReactCodegen/ReactCodegen-prefix.pch -MMD -MT dependencies -MF /Users/momtajhusen/Library/Developer/Xcode/DerivedData/UnderOneRoof-bvjuhnhcwjrvzafftvptbetbcgcq/Build/Intermediates.noindex/Pods.build/Debug-iphonesimulator/ReactCodegen.build/Objects-normal/arm64/ComponentDescriptors-f4b37f272e8f0ef824f62249bcbb81f9.d --serialize-diagnostics /Users/momtajhusen/Library/Developer/Xcode/DerivedData/UnderOneRoof-bvjuhnhcwjrvzafftvptbetbcgcq/Build/Intermediates.noindex/Pods.build/Debug-iphonesimulator/ReactCodegen.build/Objects-normal/arm64/ComponentDescriptors-f4b37f272e8f0ef824f62249bcbb81f9.dia -c /Users/momtajhusen/Desktop/UnderOneRoof/ios/build/generated/ios/react/renderer/components/rngesturehandler_codegen/ComponentDescriptors.cpp -o /Users/momtajhusen/Library/Developer/Xcode/DerivedData/UnderOneRoof-bvjuhnhcwjrvzafftvptbetbcgcq/Build/Intermediates.noindex/Pods.build/Debug-iphonesimulator/ReactCodegen.build/Objects-normal/arm64/ComponentDescriptors-f4b37f272e8f0ef824f62249bcbb81f9.o -index-unit-output-path /Pods.build/Debug-iphonesimulator/ReactCodegen.build/Objects-normal/arm64/ComponentDescriptors-f4b37f272e8f0ef824f62249bcbb81f9.o
error \=non-modular-include-in-framework-module -Wno-trigraphs -Wno-missing-field-initializers -Wno-missing-prototypes -Werror\=return-type -Wdocumentation -Wunreachable-code -Werror\=deprecated-objc-isa-usage -Werror\=objc-root-class -Wno-non-virtual-dtor -Wno-overloaded-virtual -Wno-exit-time-destructors -Wno-missing-braces -Wparentheses -Wswitch -Wunused-function -Wno-unused-label -Wno-unused-parameter -Wunused-variable -Wunused-value -Wempty-body -Wuninitialized -Wconditional-uninitialized -Wno-unknown-pragmas -Wno-shadow -Wno-four-char-constants -Wno-conversion -Wconstant-conversion -Wint-conversion -Wbool-conversion -Wenum-conversion -Wno-float-conversion -Wnon-literal-null-conversion -Wobjc-literal-conversion -Wshorten-64-to-32 -Wno-newline-eof -Wno-c++11-extensions -Wno-implicit-fallthrough -fstrict-aliasing -Wdeprecated-declarations -Winvalid-offsetof -Wno-sign-conversion -Winfinite-recursion -Wmove -Wcomma -Wblock-capture-autoreleasing -Wstrict-prototypes -Wrange-loop-analysis -Wno-semicolon-before-method-body -Wunguarded-availability -index-store-path /Users/momtajhusen/Library/Developer/Xcode/DerivedData/UnderOneRoof-bvjuhnhcwjrvzafftvptbetbcgcq/Index.noindex/DataStore @/Users/momtajhusen/Library/Developer/Xcode/DerivedData/UnderOneRoof-bvjuhnhcwjrvzafftvptbetbcgcq/Build/Intermediates.noindex/Pods.build/Debug-iphonesimulator/ReactCodegen.build/Objects-normal/arm64/82b82416624d2658e5098eb0a28c15c5-common-args.resp -DFOLLY_NO_CONFIG -DFOLLY_MOBILE\=1 -DFOLLY_USE_LIBCPP\=1 -DFOLLY_CFG_NO_COROUTINES\=1 -DFOLLY_HAVE_CLOCK_GETTIME\=1 -Wno-comma -Wno-shorten-64-to-32 -Wno-documentation -Wno-nullability-completeness -std\=c++20 -include /Users/momtajhusen/Desktop/UnderOneRoof/ios/Pods/Target\ Support\ Files/ReactCodegen/ReactCodegen-prefix.pch -MMD -MT dependencies -MF /Users/momtajhusen/Library/Developer/Xcode/DerivedData/UnderOneRoof-bvjuhnhcwjrvzafftvptbetbcgcq/Build/Intermediates.noindex/Pods.build/Debug-iphonesimulator/ReactCodegen.build/Objects-normal/arm64/ComponentDescriptors-f5cda89264004171bc799cb8806515ab.d --serialize-diagnostics /Users/momtajhusen/Library/Developer/Xcode/DerivedData/UnderOneRoof-bvjuhnhcwjrvzafftvptbetbcgcq/Build/Intermediates.noindex/Pods.build/Debug-iphonesimulator/ReactCodegen.build/Objects-normal/arm64/ComponentDescriptors-f5cda89264004171bc799cb8806515ab.dia -c /Users/momtajhusen/Desktop/UnderOneRoof/ios/build/generated/ios/react/renderer/components/safeareacontext/ComponentDescriptors.cpp -o /Users/momtajhusen/Library/Developer/Xcode/DerivedData/UnderOneRoof-bvjuhnhcwjrvzafftvptbetbcgcq/Build/Intermediates.noindex/Pods.build/Debug-iphonesimulator/ReactCodegen.build/Objects-normal/arm64/ComponentDescriptors-f5cda89264004171bc799cb8806515ab.o -index-unit-output-path /Pods.build/Debug-iphonesimulator/ReactCodegen.build/Objects-normal/arm64/ComponentDescriptors-f5cda89264004171bc799cb8806515ab.o
error \=non-modular-include-in-framework-module -Wno-trigraphs -Wno-missing-field-initializers -Wno-missing-prototypes -Werror\=return-type -Wdocumentation -Wunreachable-code -Werror\=deprecated-objc-isa-usage -Werror\=objc-root-class -Wno-non-virtual-dtor -Wno-overloaded-virtual -Wno-exit-time-destructors -Wno-missing-braces -Wparentheses -Wswitch -Wunused-function -Wno-unused-label -Wno-unused-parameter -Wunused-variable -Wunused-value -Wempty-body -Wuninitialized -Wconditional-uninitialized -Wno-unknown-pragmas -Wno-shadow -Wno-four-char-constants -Wno-conversion -Wconstant-conversion -Wint-conversion -Wbool-conversion -Wenum-conversion -Wno-float-conversion -Wnon-literal-null-conversion -Wobjc-literal-conversion -Wshorten-64-to-32 -Wno-newline-eof -Wno-c++11-extensions -Wno-implicit-fallthrough -fstrict-aliasing -Wdeprecated-declarations -Winvalid-offsetof -Wno-sign-conversion -Winfinite-recursion -Wmove -Wcomma -Wblock-capture-autoreleasing -Wstrict-prototypes -Wrange-loop-analysis -Wno-semicolon-before-method-body -Wunguarded-availability -index-store-path /Users/momtajhusen/Library/Developer/Xcode/DerivedData/UnderOneRoof-bvjuhnhcwjrvzafftvptbetbcgcq/Index.noindex/DataStore @/Users/momtajhusen/Library/Developer/Xcode/DerivedData/UnderOneRoof-bvjuhnhcwjrvzafftvptbetbcgcq/Build/Intermediates.noindex/Pods.build/Debug-iphonesimulator/ReactCodegen.build/Objects-normal/arm64/82b82416624d2658e5098eb0a28c15c5-common-args.resp -DFOLLY_NO_CONFIG -DFOLLY_MOBILE\=1 -DFOLLY_USE_LIBCPP\=1 -DFOLLY_CFG_NO_COROUTINES\=1 -DFOLLY_HAVE_CLOCK_GETTIME\=1 -Wno-comma -Wno-shorten-64-to-32 -Wno-documentation -Wno-nullability-completeness -std\=c++20 -include /Users/momtajhusen/Desktop/UnderOneRoof/ios/Pods/Target\ Support\ Files/ReactCodegen/ReactCodegen-prefix.pch -MMD -MT dependencies -MF /Users/momtajhusen/Library/Developer/Xcode/DerivedData/UnderOneRoof-bvjuhnhcwjrvzafftvptbetbcgcq/Build/Intermediates.noindex/Pods.build/Debug-iphonesimulator/ReactCodegen.build/Objects-normal/arm64/ComponentDescriptors-842a65b0ed802ec6eaa3eb43ba6bea21.d --serialize-diagnostics /Users/momtajhusen/Library/Developer/Xcode/DerivedData/UnderOneRoof-bvjuhnhcwjrvzafftvptbetbcgcq/Build/Intermediates.noindex/Pods.build/Debug-iphonesimulator/ReactCodegen.build/Objects-normal/arm64/ComponentDescriptors-842a65b0ed802ec6eaa3eb43ba6bea21.dia -c /Users/momtajhusen/Desktop/UnderOneRoof/ios/build/generated/ios/react/renderer/components/RNDateTimePickerCGen/ComponentDescriptors.cpp -o /Users/momtajhusen/Library/Developer/Xcode/DerivedData/UnderOneRoof-bvjuhnhcwjrvzafftvptbetbcgcq/Build/Intermediates.noindex/Pods.build/Debug-iphonesimulator/ReactCodegen.build/Objects-normal/arm64/ComponentDescriptors-842a65b0ed802ec6eaa3eb43ba6bea21.o -index-unit-output-path /Pods.build/Debug-iphonesimulator/ReactCodegen.build/Objects-normal/arm64/ComponentDescriptors-842a65b0ed802ec6eaa3eb43ba6bea21.o
error \=non-modular-include-in-framework-module -Wno-trigraphs -Wno-missing-field-initializers -Wno-missing-prototypes -Werror\=return-type -Wdocumentation -Wunreachable-code -Werror\=deprecated-objc-isa-usage -Werror\=objc-root-class -Wno-non-virtual-dtor -Wno-overloaded-virtual -Wno-exit-time-destructors -Wno-missing-braces -Wparentheses -Wswitch -Wunused-function -Wno-unused-label -Wno-unused-parameter -Wunused-variable -Wunused-value -Wempty-body -Wuninitialized -Wconditional-uninitialized -Wno-unknown-pragmas -Wno-shadow -Wno-four-char-constants -Wno-conversion -Wconstant-conversion -Wint-conversion -Wbool-conversion -Wenum-conversion -Wno-float-conversion -Wnon-literal-null-conversion -Wobjc-literal-conversion -Wshorten-64-to-32 -Wno-newline-eof -Wno-c++11-extensions -Wno-implicit-fallthrough -fstrict-aliasing -Wdeprecated-declarations -Winvalid-offsetof -Wno-sign-conversion -Winfinite-recursion -Wmove -Wcomma -Wblock-capture-autoreleasing -Wstrict-prototypes -Wrange-loop-analysis -Wno-semicolon-before-method-body -Wunguarded-availability -index-store-path /Users/momtajhusen/Library/Developer/Xcode/DerivedData/UnderOneRoof-bvjuhnhcwjrvzafftvptbetbcgcq/Index.noindex/DataStore @/Users/momtajhusen/Library/Developer/Xcode/DerivedData/UnderOneRoof-bvjuhnhcwjrvzafftvptbetbcgcq/Build/Intermediates.noindex/Pods.build/Debug-iphonesimulator/ReactCodegen.build/Objects-normal/arm64/82b82416624d2658e5098eb0a28c15c5-common-args.resp -DFOLLY_NO_CONFIG -DFOLLY_MOBILE\=1 -DFOLLY_USE_LIBCPP\=1 -DFOLLY_CFG_NO_COROUTINES\=1 -DFOLLY_HAVE_CLOCK_GETTIME\=1 -Wno-comma -Wno-shorten-64-to-32 -Wno-documentation -Wno-nullability-completeness -std\=c++20 -include /Users/momtajhusen/Desktop/UnderOneRoof/ios/Pods/Target\ Support\ Files/ReactCodegen/ReactCodegen-prefix.pch -MMD -MT dependencies -MF /Users/momtajhusen/Library/Developer/Xcode/DerivedData/UnderOneRoof-bvjuhnhcwjrvzafftvptbetbcgcq/Build/Intermediates.noindex/Pods.build/Debug-iphonesimulator/ReactCodegen.build/Objects-normal/arm64/EventEmitters-19b5a2fbab3c8c6911c0bc19660a5974.d --serialize-diagnostics /Users/momtajhusen/Library/Developer/Xcode/DerivedData/UnderOneRoof-bvjuhnhcwjrvzafftvptbetbcgcq/Build/Intermediates.noindex/Pods.build/Debug-iphonesimulator/ReactCodegen.build/Objects-normal/arm64/EventEmitters-19b5a2fbab3c8c6911c0bc19660a5974.dia -c /Users/momtajhusen/Desktop/UnderOneRoof/ios/build/generated/ios/react/renderer/components/rnscreens/EventEmitters.cpp -o /Users/momtajhusen/Library/Developer/Xcode/DerivedData/UnderOneRoof-bvjuhnhcwjrvzafftvptbetbcgcq/Build/Intermediates.noindex/Pods.build/Debug-iphonesimulator/ReactCodegen.build/Objects-normal/arm64/EventEmitters-19b5a2fbab3c8c6911c0bc19660a5974.o -index-unit-output-path /Pods.build/Debug-iphonesimulator/ReactCodegen.build/Objects-normal/arm64/EventEmitters-19b5a2fbab3c8c6911c0bc19660a5974.o
error \=non-modular-include-in-framework-module -Wno-trigraphs -Wno-missing-field-initializers -Wno-missing-prototypes -Werror\=return-type -Wdocumentation -Wunreachable-code -Werror\=deprecated-objc-isa-usage -Werror\=objc-root-class -Wno-non-virtual-dtor -Wno-overloaded-virtual -Wno-exit-time-destructors -Wno-missing-braces -Wparentheses -Wswitch -Wunused-function -Wno-unused-label -Wno-unused-parameter -Wunused-variable -Wunused-value -Wempty-body -Wuninitialized -Wconditional-uninitialized -Wno-unknown-pragmas -Wno-shadow -Wno-four-char-constants -Wno-conversion -Wconstant-conversion -Wint-conversion -Wbool-conversion -Wenum-conversion -Wno-float-conversion -Wnon-literal-null-conversion -Wobjc-literal-conversion -Wshorten-64-to-32 -Wno-newline-eof -Wno-c++11-extensions -Wno-implicit-fallthrough -fstrict-aliasing -Wdeprecated-declarations -Winvalid-offsetof -Wno-sign-conversion -Winfinite-recursion -Wmove -Wcomma -Wblock-capture-autoreleasing -Wstrict-prototypes -Wrange-loop-analysis -Wno-semicolon-before-method-body -Wunguarded-availability -index-store-path /Users/momtajhusen/Library/Developer/Xcode/DerivedData/UnderOneRoof-bvjuhnhcwjrvzafftvptbetbcgcq/Index.noindex/DataStore @/Users/momtajhusen/Library/Developer/Xcode/DerivedData/UnderOneRoof-bvjuhnhcwjrvzafftvptbetbcgcq/Build/Intermediates.noindex/Pods.build/Debug-iphonesimulator/ReactCodegen.build/Objects-normal/arm64/82b82416624d2658e5098eb0a28c15c5-common-args.resp -DFOLLY_NO_CONFIG -DFOLLY_MOBILE\=1 -DFOLLY_USE_LIBCPP\=1 -DFOLLY_CFG_NO_COROUTINES\=1 -DFOLLY_HAVE_CLOCK_GETTIME\=1 -Wno-comma -Wno-shorten-64-to-32 -Wno-documentation -Wno-nullability-completeness -std\=c++20 -include /Users/momtajhusen/Desktop/UnderOneRoof/ios/Pods/Target\ Support\ Files/ReactCodegen/ReactCodegen-prefix.pch -MMD -MT dependencies -MF /Users/momtajhusen/Library/Developer/Xcode/DerivedData/UnderOneRoof-bvjuhnhcwjrvzafftvptbetbcgcq/Build/Intermediates.noindex/Pods.build/Debug-iphonesimulator/ReactCodegen.build/Objects-normal/arm64/Props-baf2bcf0fcc6341a148273e4faa8dd8d.d --serialize-diagnostics /Users/momtajhusen/Library/Developer/Xcode/DerivedData/UnderOneRoof-bvjuhnhcwjrvzafftvptbetbcgcq/Build/Intermediates.noindex/Pods.build/Debug-iphonesimulator/ReactCodegen.build/Objects-normal/arm64/Props-baf2bcf0fcc6341a148273e4faa8dd8d.dia -c /Users/momtajhusen/Desktop/UnderOneRoof/ios/build/generated/ios/react/renderer/components/RNDateTimePickerCGen/Props.cpp -o /Users/momtajhusen/Library/Developer/Xcode/DerivedData/UnderOneRoof-bvjuhnhcwjrvzafftvptbetbcgcq/Build/Intermediates.noindex/Pods.build/Debug-iphonesimulator/ReactCodegen.build/Objects-normal/arm64/Props-baf2bcf0fcc6341a148273e4faa8dd8d.o -index-unit-output-path /Pods.build/Debug-iphonesimulator/ReactCodegen.build/Objects-normal/arm64/Props-baf2bcf0fcc6341a148273e4faa8dd8d.o
error \=non-modular-include-in-framework-module -Wno-trigraphs -Wno-missing-field-initializers -Wno-missing-prototypes -Werror\=return-type -Wdocumentation -Wunreachable-code -Werror\=deprecated-objc-isa-usage -Werror\=objc-root-class -Wno-non-virtual-dtor -Wno-overloaded-virtual -Wno-exit-time-destructors -Wno-missing-braces -Wparentheses -Wswitch -Wunused-function -Wno-unused-label -Wno-unused-parameter -Wunused-variable -Wunused-value -Wempty-body -Wuninitialized -Wconditional-uninitialized -Wno-unknown-pragmas -Wno-shadow -Wno-four-char-constants -Wno-conversion -Wconstant-conversion -Wint-conversion -Wbool-conversion -Wenum-conversion -Wno-float-conversion -Wnon-literal-null-conversion -Wobjc-literal-conversion -Wshorten-64-to-32 -Wno-newline-eof -Wno-c++11-extensions -Wno-implicit-fallthrough -fstrict-aliasing -Wdeprecated-declarations -Winvalid-offsetof -Wno-sign-conversion -Winfinite-recursion -Wmove -Wcomma -Wblock-capture-autoreleasing -Wstrict-prototypes -Wrange-loop-analysis -Wno-semicolon-before-method-body -Wunguarded-availability -index-store-path /Users/momtajhusen/Library/Developer/Xcode/DerivedData/UnderOneRoof-bvjuhnhcwjrvzafftvptbetbcgcq/Index.noindex/DataStore @/Users/momtajhusen/Library/Developer/Xcode/DerivedData/UnderOneRoof-bvjuhnhcwjrvzafftvptbetbcgcq/Build/Intermediates.noindex/Pods.build/Debug-iphonesimulator/ReactCodegen.build/Objects-normal/arm64/82b82416624d2658e5098eb0a28c15c5-common-args.resp -DFOLLY_NO_CONFIG -DFOLLY_MOBILE\=1 -DFOLLY_USE_LIBCPP\=1 -DFOLLY_CFG_NO_COROUTINES\=1 -DFOLLY_HAVE_CLOCK_GETTIME\=1 -Wno-comma -Wno-shorten-64-to-32 -Wno-documentation -Wno-nullability-completeness -std\=c++20 -include /Users/momtajhusen/Desktop/UnderOneRoof/ios/Pods/Target\ Support\ Files/ReactCodegen/ReactCodegen-prefix.pch -MMD -MT dependencies -MF /Users/momtajhusen/Library/Developer/Xcode/DerivedData/UnderOneRoof-bvjuhnhcwjrvzafftvptbetbcgcq/Build/Intermediates.noindex/Pods.build/Debug-iphonesimulator/ReactCodegen.build/Objects-normal/arm64/Props-c2728d4fbe47b6f23a7d7d46399ab71c.d --serialize-diagnostics /Users/momtajhusen/Library/Developer/Xcode/DerivedData/UnderOneRoof-bvjuhnhcwjrvzafftvptbetbcgcq/Build/Intermediates.noindex/Pods.build/Debug-iphonesimulator/ReactCodegen.build/Objects-normal/arm64/Props-c2728d4fbe47b6f23a7d7d46399ab71c.dia -c /Users/momtajhusen/Desktop/UnderOneRoof/ios/build/generated/ios/react/renderer/components/safeareacontext/Props.cpp -o /Users/momtajhusen/Library/Developer/Xcode/DerivedData/UnderOneRoof-bvjuhnhcwjrvzafftvptbetbcgcq/Build/Intermediates.noindex/Pods.build/Debug-iphonesimulator/ReactCodegen.build/Objects-normal/arm64/Props-c2728d4fbe47b6f23a7d7d46399ab71c.o -index-unit-output-path /Pods.build/Debug-iphonesimulator/ReactCodegen.build/Objects-normal/arm64/Props-c2728d4fbe47b6f23a7d7d46399ab71c.o
error \=non-modular-include-in-framework-module -Wno-trigraphs -Wno-missing-field-initializers -Wno-missing-prototypes -Werror\=return-type -Wdocumentation -Wunreachable-code -Wno-implicit-atomic-properties -Werror\=deprecated-objc-isa-usage -Wno-objc-interface-ivars -Werror\=objc-root-class -Wno-arc-repeated-use-of-weak -Wimplicit-retain-self -Wno-non-virtual-dtor -Wno-overloaded-virtual -Wno-exit-time-destructors -Wduplicate-method-match -Wno-missing-braces -Wparentheses -Wswitch -Wunused-function -Wno-unused-label -Wno-unused-parameter -Wunused-variable -Wunused-value -Wempty-body -Wuninitialized -Wconditional-uninitialized -Wno-unknown-pragmas -Wno-shadow -Wno-four-char-constants -Wno-conversion -Wconstant-conversion -Wint-conversion -Wbool-conversion -Wenum-conversion -Wno-float-conversion -Wnon-literal-null-conversion -Wobjc-literal-conversion -Wshorten-64-to-32 -Wno-newline-eof -Wno-selector -Wno-strict-selector-match -Wundeclared-selector -Wdeprecated-implementations -Wno-c++11-extensions -Wno-implicit-fallthrough -fstrict-aliasing -Wprotocol -Wdeprecated-declarations -Winvalid-offsetof -Wno-sign-conversion -Winfinite-recursion -Wmove -Wcomma -Wblock-capture-autoreleasing -Wstrict-prototypes -Wrange-loop-analysis -Wno-semicolon-before-method-body -Wunguarded-availability -index-store-path /Users/momtajhusen/Library/Developer/Xcode/DerivedData/UnderOneRoof-bvjuhnhcwjrvzafftvptbetbcgcq/Index.noindex/DataStore @/Users/momtajhusen/Library/Developer/Xcode/DerivedData/UnderOneRoof-bvjuhnhcwjrvzafftvptbetbcgcq/Build/Intermediates.noindex/Pods.build/Debug-iphonesimulator/ReactCodegen.build/Objects-normal/arm64/af3fcb34312c57c0f52879cdce924b91-common-args.resp -DFOLLY_NO_CONFIG -DFOLLY_MOBILE\=1 -DFOLLY_USE_LIBCPP\=1 -DFOLLY_CFG_NO_COROUTINES\=1 -DFOLLY_HAVE_CLOCK_GETTIME\=1 -Wno-comma -Wno-shorten-64-to-32 -Wno-documentation -Wno-nullability-completeness -std\=c++20 -include /Users/momtajhusen/Desktop/UnderOneRoof/ios/Pods/Target\ Support\ Files/ReactCodegen/ReactCodegen-prefix.pch -MMD -MT dependencies -MF /Users/momtajhusen/Library/Developer/Xcode/DerivedData/UnderOneRoof-bvjuhnhcwjrvzafftvptbetbcgcq/Build/Intermediates.noindex/Pods.build/Debug-iphonesimulator/ReactCodegen.build/Objects-normal/arm64/RCTModulesConformingToProtocolsProvider.d --serialize-diagnostics /Users/momtajhusen/Library/Developer/Xcode/DerivedData/UnderOneRoof-bvjuhnhcwjrvzafftvptbetbcgcq/Build/Intermediates.noindex/Pods.build/Debug-iphonesimulator/ReactCodegen.build/Objects-normal/arm64/RCTModulesConformingToProtocolsProvider.dia -c /Users/momtajhusen/Desktop/UnderOneRoof/ios/build/generated/ios/RCTModulesConformingToProtocolsProvider.mm -o /Users/momtajhusen/Library/Developer/Xcode/DerivedData/UnderOneRoof-bvjuhnhcwjrvzafftvptbetbcgcq/Build/Intermediates.noindex/Pods.build/Debug-iphonesimulator/ReactCodegen.build/Objects-normal/arm64/RCTModulesConformingToProtocolsProvider.o -index-unit-output-path /Pods.build/Debug-iphonesimulator/ReactCodegen.build/Objects-normal/arm64/RCTModulesConformingToProtocolsProvider.o
error \=non-modular-include-in-framework-module -Wno-trigraphs -Wno-missing-field-initializers -Wno-missing-prototypes -Werror\=return-type -Wdocumentation -Wunreachable-code -Werror\=deprecated-objc-isa-usage -Werror\=objc-root-class -Wno-non-virtual-dtor -Wno-overloaded-virtual -Wno-exit-time-destructors -Wno-missing-braces -Wparentheses -Wswitch -Wunused-function -Wno-unused-label -Wno-unused-parameter -Wunused-variable -Wunused-value -Wempty-body -Wuninitialized -Wconditional-uninitialized -Wno-unknown-pragmas -Wno-shadow -Wno-four-char-constants -Wno-conversion -Wconstant-conversion -Wint-conversion -Wbool-conversion -Wenum-conversion -Wno-float-conversion -Wnon-literal-null-conversion -Wobjc-literal-conversion -Wshorten-64-to-32 -Wno-newline-eof -Wno-c++11-extensions -Wno-implicit-fallthrough -fstrict-aliasing -Wdeprecated-declarations -Winvalid-offsetof -Wno-sign-conversion -Winfinite-recursion -Wmove -Wcomma -Wblock-capture-autoreleasing -Wstrict-prototypes -Wrange-loop-analysis -Wno-semicolon-before-method-body -Wunguarded-availability -index-store-path /Users/momtajhusen/Library/Developer/Xcode/DerivedData/UnderOneRoof-bvjuhnhcwjrvzafftvptbetbcgcq/Index.noindex/DataStore @/Users/momtajhusen/Library/Developer/Xcode/DerivedData/UnderOneRoof-bvjuhnhcwjrvzafftvptbetbcgcq/Build/Intermediates.noindex/Pods.build/Debug-iphonesimulator/ReactCodegen.build/Objects-normal/arm64/82b82416624d2658e5098eb0a28c15c5-common-args.resp -DFOLLY_NO_CONFIG -DFOLLY_MOBILE\=1 -DFOLLY_USE_LIBCPP\=1 -DFOLLY_CFG_NO_COROUTINES\=1 -DFOLLY_HAVE_CLOCK_GETTIME\=1 -Wno-comma -Wno-shorten-64-to-32 -Wno-documentation -Wno-nullability-completeness -std\=c++20 -include /Users/momtajhusen/Desktop/UnderOneRoof/ios/Pods/Target\ Support\ Files/ReactCodegen/ReactCodegen-prefix.pch -MMD -MT dependencies -MF /Users/momtajhusen/Library/Developer/Xcode/DerivedData/UnderOneRoof-bvjuhnhcwjrvzafftvptbetbcgcq/Build/Intermediates.noindex/Pods.build/Debug-iphonesimulator/ReactCodegen.build/Objects-normal/arm64/Props-c85e95ca2edf66c23a578a7665c1631a.d --serialize-diagnostics /Users/momtajhusen/Library/Developer/Xcode/DerivedData/UnderOneRoof-bvjuhnhcwjrvzafftvptbetbcgcq/Build/Intermediates.noindex/Pods.build/Debug-iphonesimulator/ReactCodegen.build/Objects-normal/arm64/Props-c85e95ca2edf66c23a578a7665c1631a.dia -c /Users/momtajhusen/Desktop/UnderOneRoof/ios/build/generated/ios/react/renderer/components/RNCWebViewSpec/Props.cpp -o /Users/momtajhusen/Library/Developer/Xcode/DerivedData/UnderOneRoof-bvjuhnhcwjrvzafftvptbetbcgcq/Build/Intermediates.noindex/Pods.build/Debug-iphonesimulator/ReactCodegen.build/Objects-normal/arm64/Props-c85e95ca2edf66c23a578a7665c1631a.o -index-unit-output-path /Pods.build/Debug-iphonesimulator/ReactCodegen.build/Objects-normal/arm64/Props-c85e95ca2edf66c23a578a7665c1631a.o
error \=non-modular-include-in-framework-module -Wno-trigraphs -Wno-missing-field-initializers -Wno-missing-prototypes -Werror\=return-type -Wdocumentation -Wunreachable-code -Werror\=deprecated-objc-isa-usage -Werror\=objc-root-class -Wno-non-virtual-dtor -Wno-overloaded-virtual -Wno-exit-time-destructors -Wno-missing-braces -Wparentheses -Wswitch -Wunused-function -Wno-unused-label -Wno-unused-parameter -Wunused-variable -Wunused-value -Wempty-body -Wuninitialized -Wconditional-uninitialized -Wno-unknown-pragmas -Wno-shadow -Wno-four-char-constants -Wno-conversion -Wconstant-conversion -Wint-conversion -Wbool-conversion -Wenum-conversion -Wno-float-conversion -Wnon-literal-null-conversion -Wobjc-literal-conversion -Wshorten-64-to-32 -Wno-newline-eof -Wno-c++11-extensions -Wno-implicit-fallthrough -fstrict-aliasing -Wdeprecated-declarations -Winvalid-offsetof -Wno-sign-conversion -Winfinite-recursion -Wmove -Wcomma -Wblock-capture-autoreleasing -Wstrict-prototypes -Wrange-loop-analysis -Wno-semicolon-before-method-body -Wunguarded-availability -index-store-path /Users/momtajhusen/Library/Developer/Xcode/DerivedData/UnderOneRoof-bvjuhnhcwjrvzafftvptbetbcgcq/Index.noindex/DataStore @/Users/momtajhusen/Library/Developer/Xcode/DerivedData/UnderOneRoof-bvjuhnhcwjrvzafftvptbetbcgcq/Build/Intermediates.noindex/Pods.build/Debug-iphonesimulator/ReactCodegen.build/Objects-normal/arm64/82b82416624d2658e5098eb0a28c15c5-common-args.resp -DFOLLY_NO_CONFIG -DFOLLY_MOBILE\=1 -DFOLLY_USE_LIBCPP\=1 -DFOLLY_CFG_NO_COROUTINES\=1 -DFOLLY_HAVE_CLOCK_GETTIME\=1 -Wno-comma -Wno-shorten-64-to-32 -Wno-documentation -Wno-nullability-completeness -std\=c++20 -include /Users/momtajhusen/Desktop/UnderOneRoof/ios/Pods/Target\ Support\ Files/ReactCodegen/ReactCodegen-prefix.pch -MMD -MT dependencies -MF /Users/momtajhusen/Library/Developer/Xcode/DerivedData/UnderOneRoof-bvjuhnhcwjrvzafftvptbetbcgcq/Build/Intermediates.noindex/Pods.build/Debug-iphonesimulator/ReactCodegen.build/Objects-normal/arm64/Props-2ae7cb175fbf4114b43928578e296380.d --serialize-diagnostics /Users/momtajhusen/Library/Developer/Xcode/DerivedData/UnderOneRoof-bvjuhnhcwjrvzafftvptbetbcgcq/Build/Intermediates.noindex/Pods.build/Debug-iphonesimulator/ReactCodegen.build/Objects-normal/arm64/Props-2ae7cb175fbf4114b43928578e296380.dia -c /Users/momtajhusen/Desktop/UnderOneRoof/ios/build/generated/ios/react/renderer/components/rngesturehandler_codegen/Props.cpp -o /Users/momtajhusen/Library/Developer/Xcode/DerivedData/UnderOneRoof-bvjuhnhcwjrvzafftvptbetbcgcq/Build/Intermediates.noindex/Pods.build/Debug-iphonesimulator/ReactCodegen.build/Objects-normal/arm64/Props-2ae7cb175fbf4114b43928578e296380.o -index-unit-output-path /Pods.build/Debug-iphonesimulator/ReactCodegen.build/Objects-normal/arm64/Props-2ae7cb175fbf4114b43928578e296380.o
error \=non-modular-include-in-framework-module -Wno-trigraphs -Wno-missing-field-initializers -Wno-missing-prototypes -Werror\=return-type -Wdocumentation -Wunreachable-code -Werror\=deprecated-objc-isa-usage -Werror\=objc-root-class -Wno-non-virtual-dtor -Wno-overloaded-virtual -Wno-exit-time-destructors -Wno-missing-braces -Wparentheses -Wswitch -Wunused-function -Wno-unused-label -Wno-unused-parameter -Wunused-variable -Wunused-value -Wempty-body -Wuninitialized -Wconditional-uninitialized -Wno-unknown-pragmas -Wno-shadow -Wno-four-char-constants -Wno-conversion -Wconstant-conversion -Wint-conversion -Wbool-conversion -Wenum-conversion -Wno-float-conversion -Wnon-literal-null-conversion -Wobjc-literal-conversion -Wshorten-64-to-32 -Wno-newline-eof -Wno-c++11-extensions -Wno-implicit-fallthrough -fstrict-aliasing -Wdeprecated-declarations -Winvalid-offsetof -Wno-sign-conversion -Winfinite-recursion -Wmove -Wcomma -Wblock-capture-autoreleasing -Wstrict-prototypes -Wrange-loop-analysis -Wno-semicolon-before-method-body -Wunguarded-availability -index-store-path /Users/momtajhusen/Library/Developer/Xcode/DerivedData/UnderOneRoof-bvjuhnhcwjrvzafftvptbetbcgcq/Index.noindex/DataStore @/Users/momtajhusen/Library/Developer/Xcode/DerivedData/UnderOneRoof-bvjuhnhcwjrvzafftvptbetbcgcq/Build/Intermediates.noindex/Pods.build/Debug-iphonesimulator/ReactCodegen.build/Objects-normal/arm64/82b82416624d2658e5098eb0a28c15c5-common-args.resp -DFOLLY_NO_CONFIG -DFOLLY_MOBILE\=1 -DFOLLY_USE_LIBCPP\=1 -DFOLLY_CFG_NO_COROUTINES\=1 -DFOLLY_HAVE_CLOCK_GETTIME\=1 -Wno-comma -Wno-shorten-64-to-32 -Wno-documentation -Wno-nullability-completeness -std\=c++20 -include /Users/momtajhusen/Desktop/UnderOneRoof/ios/Pods/Target\ Support\ Files/ReactCodegen/ReactCodegen-prefix.pch -MMD -MT dependencies -MF /Users/momtajhusen/Library/Developer/Xcode/DerivedData/UnderOneRoof-bvjuhnhcwjrvzafftvptbetbcgcq/Build/Intermediates.noindex/Pods.build/Debug-iphonesimulator/ReactCodegen.build/Objects-normal/arm64/safeareacontextJSI-generated.d --serialize-diagnostics /Users/momtajhusen/Library/Developer/Xcode/DerivedData/UnderOneRoof-bvjuhnhcwjrvzafftvptbetbcgcq/Build/Intermediates.noindex/Pods.build/Debug-iphonesimulator/ReactCodegen.build/Objects-normal/arm64/safeareacontextJSI-generated.dia -c /Users/momtajhusen/Desktop/UnderOneRoof/ios/build/generated/ios/safeareacontextJSI-generated.cpp -o /Users/momtajhusen/Library/Developer/Xcode/DerivedData/UnderOneRoof-bvjuhnhcwjrvzafftvptbetbcgcq/Build/Intermediates.noindex/Pods.build/Debug-iphonesimulator/ReactCodegen.build/Objects-normal/arm64/safeareacontextJSI-generated.o -index-unit-output-path /Pods.build/Debug-iphonesimulator/ReactCodegen.build/Objects-normal/arm64/safeareacontextJSI-generated.o
error \=non-modular-include-in-framework-module -Wno-trigraphs -Wno-missing-field-initializers -Wno-missing-prototypes -Werror\=return-type -Wdocumentation -Wunreachable-code -Wno-implicit-atomic-properties -Werror\=deprecated-objc-isa-usage -Wno-objc-interface-ivars -Werror\=objc-root-class -Wno-arc-repeated-use-of-weak -Wimplicit-retain-self -Wno-non-virtual-dtor -Wno-overloaded-virtual -Wno-exit-time-destructors -Wduplicate-method-match -Wno-missing-braces -Wparentheses -Wswitch -Wunused-function -Wno-unused-label -Wno-unused-parameter -Wunused-variable -Wunused-value -Wempty-body -Wuninitialized -Wconditional-uninitialized -Wno-unknown-pragmas -Wno-shadow -Wno-four-char-constants -Wno-conversion -Wconstant-conversion -Wint-conversion -Wbool-conversion -Wenum-conversion -Wno-float-conversion -Wnon-literal-null-conversion -Wobjc-literal-conversion -Wshorten-64-to-32 -Wno-newline-eof -Wno-selector -Wno-strict-selector-match -Wundeclared-selector -Wdeprecated-implementations -Wno-c++11-extensions -Wno-implicit-fallthrough -fstrict-aliasing -Wprotocol -Wdeprecated-declarations -Winvalid-offsetof -Wno-sign-conversion -Winfinite-recursion -Wmove -Wcomma -Wblock-capture-autoreleasing -Wstrict-prototypes -Wrange-loop-analysis -Wno-semicolon-before-method-body -Wunguarded-availability -index-store-path /Users/momtajhusen/Library/Developer/Xcode/DerivedData/UnderOneRoof-bvjuhnhcwjrvzafftvptbetbcgcq/Index.noindex/DataStore @/Users/momtajhusen/Library/Developer/Xcode/DerivedData/UnderOneRoof-bvjuhnhcwjrvzafftvptbetbcgcq/Build/Intermediates.noindex/Pods.build/Debug-iphonesimulator/ReactCodegen.build/Objects-normal/arm64/af3fcb34312c57c0f52879cdce924b91-common-args.resp -DFOLLY_NO_CONFIG -DFOLLY_MOBILE\=1 -DFOLLY_USE_LIBCPP\=1 -DFOLLY_CFG_NO_COROUTINES\=1 -DFOLLY_HAVE_CLOCK_GETTIME\=1 -Wno-comma -Wno-shorten-64-to-32 -Wno-documentation -Wno-nullability-completeness -std\=c++20 -include /Users/momtajhusen/Desktop/UnderOneRoof/ios/Pods/Target\ Support\ Files/ReactCodegen/ReactCodegen-prefix.pch -MMD -MT dependencies -MF /Users/momtajhusen/Library/Developer/Xcode/DerivedData/UnderOneRoof-bvjuhnhcwjrvzafftvptbetbcgcq/Build/Intermediates.noindex/Pods.build/Debug-iphonesimulator/ReactCodegen.build/Objects-normal/arm64/safeareacontext-generated.d --serialize-diagnostics /Users/momtajhusen/Library/Developer/Xcode/DerivedData/UnderOneRoof-bvjuhnhcwjrvzafftvptbetbcgcq/Build/Intermediates.noindex/Pods.build/Debug-iphonesimulator/ReactCodegen.build/Objects-normal/arm64/safeareacontext-generated.dia -c /Users/momtajhusen/Desktop/UnderOneRoof/ios/build/generated/ios/safeareacontext/safeareacontext-generated.mm -o /Users/momtajhusen/Library/Developer/Xcode/DerivedData/UnderOneRoof-bvjuhnhcwjrvzafftvptbetbcgcq/Build/Intermediates.noindex/Pods.build/Debug-iphonesimulator/ReactCodegen.build/Objects-normal/arm64/safeareacontext-generated.o -index-unit-output-path /Pods.build/Debug-iphonesimulator/ReactCodegen.build/Objects-normal/arm64/safeareacontext-generated.o
error \=non-modular-include-in-framework-module -Wno-trigraphs -Wno-missing-field-initializers -Wno-missing-prototypes -Werror\=return-type -Wdocumentation -Wunreachable-code -Werror\=deprecated-objc-isa-usage -Werror\=objc-root-class -Wno-non-virtual-dtor -Wno-overloaded-virtual -Wno-exit-time-destructors -Wno-missing-braces -Wparentheses -Wswitch -Wunused-function -Wno-unused-label -Wno-unused-parameter -Wunused-variable -Wunused-value -Wempty-body -Wuninitialized -Wconditional-uninitialized -Wno-unknown-pragmas -Wno-shadow -Wno-four-char-constants -Wno-conversion -Wconstant-conversion -Wint-conversion -Wbool-conversion -Wenum-conversion -Wno-float-conversion -Wnon-literal-null-conversion -Wobjc-literal-conversion -Wshorten-64-to-32 -Wno-newline-eof -Wno-c++11-extensions -Wno-implicit-fallthrough -fstrict-aliasing -Wdeprecated-declarations -Winvalid-offsetof -Wno-sign-conversion -Winfinite-recursion -Wmove -Wcomma -Wblock-capture-autoreleasing -Wstrict-prototypes -Wrange-loop-analysis -Wno-semicolon-before-method-body -Wunguarded-availability -index-store-path /Users/momtajhusen/Library/Developer/Xcode/DerivedData/UnderOneRoof-bvjuhnhcwjrvzafftvptbetbcgcq/Index.noindex/DataStore @/Users/momtajhusen/Library/Developer/Xcode/DerivedData/UnderOneRoof-bvjuhnhcwjrvzafftvptbetbcgcq/Build/Intermediates.noindex/Pods.build/Debug-iphonesimulator/ReactCodegen.build/Objects-normal/arm64/82b82416624d2658e5098eb0a28c15c5-common-args.resp -DFOLLY_NO_CONFIG -DFOLLY_MOBILE\=1 -DFOLLY_USE_LIBCPP\=1 -DFOLLY_CFG_NO_COROUTINES\=1 -DFOLLY_HAVE_CLOCK_GETTIME\=1 -Wno-comma -Wno-shorten-64-to-32 -Wno-documentation -Wno-nullability-completeness -std\=c++20 -include /Users/momtajhusen/Desktop/UnderOneRoof/ios/Pods/Target\ Support\ Files/ReactCodegen/ReactCodegen-prefix.pch -MMD -MT dependencies -MF /Users/momtajhusen/Library/Developer/Xcode/DerivedData/UnderOneRoof-bvjuhnhcwjrvzafftvptbetbcgcq/Build/Intermediates.noindex/Pods.build/Debug-iphonesimulator/ReactCodegen.build/Objects-normal/arm64/rnscreensJSI-generated.d --serialize-diagnostics /Users/momtajhusen/Library/Developer/Xcode/DerivedData/UnderOneRoof-bvjuhnhcwjrvzafftvptbetbcgcq/Build/Intermediates.noindex/Pods.build/Debug-iphonesimulator/ReactCodegen.build/Objects-normal/arm64/rnscreensJSI-generated.dia -c /Users/momtajhusen/Desktop/UnderOneRoof/ios/build/generated/ios/rnscreensJSI-generated.cpp -o /Users/momtajhusen/Library/Developer/Xcode/DerivedData/UnderOneRoof-bvjuhnhcwjrvzafftvptbetbcgcq/Build/Intermediates.noindex/Pods.build/Debug-iphonesimulator/ReactCodegen.build/Objects-normal/arm64/rnscreensJSI-generated.o -index-unit-output-path /Pods.build/Debug-iphonesimulator/ReactCodegen.build/Objects-normal/arm64/rnscreensJSI-generated.o
error \=non-modular-include-in-framework-module -Wno-trigraphs -Wno-missing-field-initializers -Wno-missing-prototypes -Werror\=return-type -Wdocumentation -Wunreachable-code -Wno-implicit-atomic-properties -Werror\=deprecated-objc-isa-usage -Wno-objc-interface-ivars -Werror\=objc-root-class -Wno-arc-repeated-use-of-weak -Wimplicit-retain-self -Wno-non-virtual-dtor -Wno-overloaded-virtual -Wno-exit-time-destructors -Wduplicate-method-match -Wno-missing-braces -Wparentheses -Wswitch -Wunused-function -Wno-unused-label -Wno-unused-parameter -Wunused-variable -Wunused-value -Wempty-body -Wuninitialized -Wconditional-uninitialized -Wno-unknown-pragmas -Wno-shadow -Wno-four-char-constants -Wno-conversion -Wconstant-conversion -Wint-conversion -Wbool-conversion -Wenum-conversion -Wno-float-conversion -Wnon-literal-null-conversion -Wobjc-literal-conversion -Wshorten-64-to-32 -Wno-newline-eof -Wno-selector -Wno-strict-selector-match -Wundeclared-selector -Wdeprecated-implementations -Wno-c++11-extensions -Wno-implicit-fallthrough -fstrict-aliasing -Wprotocol -Wdeprecated-declarations -Winvalid-offsetof -Wno-sign-conversion -Winfinite-recursion -Wmove -Wcomma -Wblock-capture-autoreleasing -Wstrict-prototypes -Wrange-loop-analysis -Wno-semicolon-before-method-body -Wunguarded-availability -index-store-path /Users/momtajhusen/Library/Developer/Xcode/DerivedData/UnderOneRoof-bvjuhnhcwjrvzafftvptbetbcgcq/Index.noindex/DataStore @/Users/momtajhusen/Library/Developer/Xcode/DerivedData/UnderOneRoof-bvjuhnhcwjrvzafftvptbetbcgcq/Build/Intermediates.noindex/Pods.build/Debug-iphonesimulator/ReactCodegen.build/Objects-normal/arm64/af3fcb34312c57c0f52879cdce924b91-common-args.resp -DFOLLY_NO_CONFIG -DFOLLY_MOBILE\=1 -DFOLLY_USE_LIBCPP\=1 -DFOLLY_CFG_NO_COROUTINES\=1 -DFOLLY_HAVE_CLOCK_GETTIME\=1 -Wno-comma -Wno-shorten-64-to-32 -Wno-documentation -Wno-nullability-completeness -std\=c++20 -include /Users/momtajhusen/Desktop/UnderOneRoof/ios/Pods/Target\ Support\ Files/ReactCodegen/ReactCodegen-prefix.pch -MMD -MT dependencies -MF /Users/momtajhusen/Library/Developer/Xcode/DerivedData/UnderOneRoof-bvjuhnhcwjrvzafftvptbetbcgcq/Build/Intermediates.noindex/Pods.build/Debug-iphonesimulator/ReactCodegen.build/Objects-normal/arm64/rnscreens-generated.d --serialize-diagnostics /Users/momtajhusen/Library/Developer/Xcode/DerivedData/UnderOneRoof-bvjuhnhcwjrvzafftvptbetbcgcq/Build/Intermediates.noindex/Pods.build/Debug-iphonesimulator/ReactCodegen.build/Objects-normal/arm64/rnscreens-generated.dia -c /Users/momtajhusen/Desktop/UnderOneRoof/ios/build/generated/ios/rnscreens/rnscreens-generated.mm -o /Users/momtajhusen/Library/Developer/Xcode/DerivedData/UnderOneRoof-bvjuhnhcwjrvzafftvptbetbcgcq/Build/Intermediates.noindex/Pods.build/Debug-iphonesimulator/ReactCodegen.build/Objects-normal/arm64/rnscreens-generated.o -index-unit-output-path /Pods.build/Debug-iphonesimulator/ReactCodegen.build/Objects-normal/arm64/rnscreens-generated.o
error \=non-modular-include-in-framework-module -Wno-trigraphs -Wno-missing-field-initializers -Wno-missing-prototypes -Werror\=return-type -Wdocumentation -Wunreachable-code -Werror\=deprecated-objc-isa-usage -Werror\=objc-root-class -Wno-non-virtual-dtor -Wno-overloaded-virtual -Wno-exit-time-destructors -Wno-missing-braces -Wparentheses -Wswitch -Wunused-function -Wno-unused-label -Wno-unused-parameter -Wunused-variable -Wunused-value -Wempty-body -Wuninitialized -Wconditional-uninitialized -Wno-unknown-pragmas -Wno-shadow -Wno-four-char-constants -Wno-conversion -Wconstant-conversion -Wint-conversion -Wbool-conversion -Wenum-conversion -Wno-float-conversion -Wnon-literal-null-conversion -Wobjc-literal-conversion -Wshorten-64-to-32 -Wno-newline-eof -Wno-c++11-extensions -Wno-implicit-fallthrough -fstrict-aliasing -Wdeprecated-declarations -Winvalid-offsetof -Wno-sign-conversion -Winfinite-recursion -Wmove -Wcomma -Wblock-capture-autoreleasing -Wstrict-prototypes -Wrange-loop-analysis -Wno-semicolon-before-method-body -Wunguarded-availability -index-store-path /Users/momtajhusen/Library/Developer/Xcode/DerivedData/UnderOneRoof-bvjuhnhcwjrvzafftvptbetbcgcq/Index.noindex/DataStore @/Users/momtajhusen/Library/Developer/Xcode/DerivedData/UnderOneRoof-bvjuhnhcwjrvzafftvptbetbcgcq/Build/Intermediates.noindex/Pods.build/Debug-iphonesimulator/ReactCodegen.build/Objects-normal/arm64/82b82416624d2658e5098eb0a28c15c5-common-args.resp -DFOLLY_NO_CONFIG -DFOLLY_MOBILE\=1 -DFOLLY_USE_LIBCPP\=1 -DFOLLY_CFG_NO_COROUTINES\=1 -DFOLLY_HAVE_CLOCK_GETTIME\=1 -Wno-comma -Wno-shorten-64-to-32 -Wno-documentation -Wno-nullability-completeness -std\=c++20 -include /Users/momtajhusen/Desktop/UnderOneRoof/ios/Pods/Target\ Support\ Files/ReactCodegen/ReactCodegen-prefix.pch -MMD -MT dependencies -MF /Users/momtajhusen/Library/Developer/Xcode/DerivedData/UnderOneRoof-bvjuhnhcwjrvzafftvptbetbcgcq/Build/Intermediates.noindex/Pods.build/Debug-iphonesimulator/ReactCodegen.build/Objects-normal/arm64/rnreanimatedJSI-generated.d --serialize-diagnostics /Users/momtajhusen/Library/Developer/Xcode/DerivedData/UnderOneRoof-bvjuhnhcwjrvzafftvptbetbcgcq/Build/Intermediates.noindex/Pods.build/Debug-iphonesimulator/ReactCodegen.build/Objects-normal/arm64/rnreanimatedJSI-generated.dia -c /Users/momtajhusen/Desktop/UnderOneRoof/ios/build/generated/ios/rnreanimatedJSI-generated.cpp -o /Users/momtajhusen/Library/Developer/Xcode/DerivedData/UnderOneRoof-bvjuhnhcwjrvzafftvptbetbcgcq/Build/Intermediates.noindex/Pods.build/Debug-iphonesimulator/ReactCodegen.build/Objects-normal/arm64/rnreanimatedJSI-generated.o -index-unit-output-path /Pods.build/Debug-iphonesimulator/ReactCodegen.build/Objects-normal/arm64/rnreanimatedJSI-generated.o
error \=non-modular-include-in-framework-module -Wno-trigraphs -Wno-missing-field-initializers -Wno-missing-prototypes -Werror\=return-type -Wdocumentation -Wunreachable-code -Wno-implicit-atomic-properties -Werror\=deprecated-objc-isa-usage -Wno-objc-interface-ivars -Werror\=objc-root-class -Wno-arc-repeated-use-of-weak -Wimplicit-retain-self -Wno-non-virtual-dtor -Wno-overloaded-virtual -Wno-exit-time-destructors -Wduplicate-method-match -Wno-missing-braces -Wparentheses -Wswitch -Wunused-function -Wno-unused-label -Wno-unused-parameter -Wunused-variable -Wunused-value -Wempty-body -Wuninitialized -Wconditional-uninitialized -Wno-unknown-pragmas -Wno-shadow -Wno-four-char-constants -Wno-conversion -Wconstant-conversion -Wint-conversion -Wbool-conversion -Wenum-conversion -Wno-float-conversion -Wnon-literal-null-conversion -Wobjc-literal-conversion -Wshorten-64-to-32 -Wno-newline-eof -Wno-selector -Wno-strict-selector-match -Wundeclared-selector -Wdeprecated-implementations -Wno-c++11-extensions -Wno-implicit-fallthrough -fstrict-aliasing -Wprotocol -Wdeprecated-declarations -Winvalid-offsetof -Wno-sign-conversion -Winfinite-recursion -Wmove -Wcomma -Wblock-capture-autoreleasing -Wstrict-prototypes -Wrange-loop-analysis -Wno-semicolon-before-method-body -Wunguarded-availability -index-store-path /Users/momtajhusen/Library/Developer/Xcode/DerivedData/UnderOneRoof-bvjuhnhcwjrvzafftvptbetbcgcq/Index.noindex/DataStore @/Users/momtajhusen/Library/Developer/Xcode/DerivedData/UnderOneRoof-bvjuhnhcwjrvzafftvptbetbcgcq/Build/Intermediates.noindex/Pods.build/Debug-iphonesimulator/ReactCodegen.build/Objects-normal/arm64/af3fcb34312c57c0f52879cdce924b91-common-args.resp -DFOLLY_NO_CONFIG -DFOLLY_MOBILE\=1 -DFOLLY_USE_LIBCPP\=1 -DFOLLY_CFG_NO_COROUTINES\=1 -DFOLLY_HAVE_CLOCK_GETTIME\=1 -Wno-comma -Wno-shorten-64-to-32 -Wno-documentation -Wno-nullability-completeness -std\=c++20 -include /Users/momtajhusen/Desktop/UnderOneRoof/ios/Pods/Target\ Support\ Files/ReactCodegen/ReactCodegen-prefix.pch -MMD -MT dependencies -MF /Users/momtajhusen/Library/Developer/Xcode/DerivedData/UnderOneRoof-bvjuhnhcwjrvzafftvptbetbcgcq/Build/Intermediates.noindex/Pods.build/Debug-iphonesimulator/ReactCodegen.build/Objects-normal/arm64/rnreanimated-generated.d --serialize-diagnostics /Users/momtajhusen/Library/Developer/Xcode/DerivedData/UnderOneRoof-bvjuhnhcwjrvzafftvptbetbcgcq/Build/Intermediates.noindex/Pods.build/Debug-iphonesimulator/ReactCodegen.build/Objects-normal/arm64/rnreanimated-generated.dia -c /Users/momtajhusen/Desktop/UnderOneRoof/ios/build/generated/ios/rnreanimated/rnreanimated-generated.mm -o /Users/momtajhusen/Library/Developer/Xcode/DerivedData/UnderOneRoof-bvjuhnhcwjrvzafftvptbetbcgcq/Build/Intermediates.noindex/Pods.build/Debug-iphonesimulator/ReactCodegen.build/Objects-normal/arm64/rnreanimated-generated.o -index-unit-output-path /Pods.build/Debug-iphonesimulator/ReactCodegen.build/Objects-normal/arm64/rnreanimated-generated.o
error \=non-modular-include-in-framework-module -Wno-trigraphs -Wno-missing-field-initializers -Wno-missing-prototypes -Werror\=return-type -Wdocumentation -Wunreachable-code -Werror\=deprecated-objc-isa-usage -Werror\=objc-root-class -Wno-non-virtual-dtor -Wno-overloaded-virtual -Wno-exit-time-destructors -Wno-missing-braces -Wparentheses -Wswitch -Wunused-function -Wno-unused-label -Wno-unused-parameter -Wunused-variable -Wunused-value -Wempty-body -Wuninitialized -Wconditional-uninitialized -Wno-unknown-pragmas -Wno-shadow -Wno-four-char-constants -Wno-conversion -Wconstant-conversion -Wint-conversion -Wbool-conversion -Wenum-conversion -Wno-float-conversion -Wnon-literal-null-conversion -Wobjc-literal-conversion -Wshorten-64-to-32 -Wno-newline-eof -Wno-c++11-extensions -Wno-implicit-fallthrough -fstrict-aliasing -Wdeprecated-declarations -Winvalid-offsetof -Wno-sign-conversion -Winfinite-recursion -Wmove -Wcomma -Wblock-capture-autoreleasing -Wstrict-prototypes -Wrange-loop-analysis -Wno-semicolon-before-method-body -Wunguarded-availability -index-store-path /Users/momtajhusen/Library/Developer/Xcode/DerivedData/UnderOneRoof-bvjuhnhcwjrvzafftvptbetbcgcq/Index.noindex/DataStore @/Users/momtajhusen/Library/Developer/Xcode/DerivedData/UnderOneRoof-bvjuhnhcwjrvzafftvptbetbcgcq/Build/Intermediates.noindex/Pods.build/Debug-iphonesimulator/ReactCodegen.build/Objects-normal/arm64/82b82416624d2658e5098eb0a28c15c5-common-args.resp -DFOLLY_NO_CONFIG -DFOLLY_MOBILE\=1 -DFOLLY_USE_LIBCPP\=1 -DFOLLY_CFG_NO_COROUTINES\=1 -DFOLLY_HAVE_CLOCK_GETTIME\=1 -Wno-comma -Wno-shorten-64-to-32 -Wno-documentation -Wno-nullability-completeness -std\=c++20 -include /Users/momtajhusen/Desktop/UnderOneRoof/ios/Pods/Target\ Support\ Files/ReactCodegen/ReactCodegen-prefix.pch -MMD -MT dependencies -MF /Users/momtajhusen/Library/Developer/Xcode/DerivedData/UnderOneRoof-bvjuhnhcwjrvzafftvptbetbcgcq/Build/Intermediates.noindex/Pods.build/Debug-iphonesimulator/ReactCodegen.build/Objects-normal/arm64/rngesturehandler_codegenJSI-generated.d --serialize-diagnostics /Users/momtajhusen/Library/Developer/Xcode/DerivedData/UnderOneRoof-bvjuhnhcwjrvzafftvptbetbcgcq/Build/Intermediates.noindex/Pods.build/Debug-iphonesimulator/ReactCodegen.build/Objects-normal/arm64/rngesturehandler_codegenJSI-generated.dia -c /Users/momtajhusen/Desktop/UnderOneRoof/ios/build/generated/ios/rngesturehandler_codegenJSI-generated.cpp -o /Users/momtajhusen/Library/Developer/Xcode/DerivedData/UnderOneRoof-bvjuhnhcwjrvzafftvptbetbcgcq/Build/Intermediates.noindex/Pods.build/Debug-iphonesimulator/ReactCodegen.build/Objects-normal/arm64/rngesturehandler_codegenJSI-generated.o -index-unit-output-path /Pods.build/Debug-iphonesimulator/ReactCodegen.build/Objects-normal/arm64/rngesturehandler_codegenJSI-generated.o
error \=non-modular-include-in-framework-module -Wno-trigraphs -Wno-missing-field-initializers -Wno-missing-prototypes -Werror\=return-type -Wdocumentation -Wunreachable-code -Wno-implicit-atomic-properties -Werror\=deprecated-objc-isa-usage -Wno-objc-interface-ivars -Werror\=objc-root-class -Wno-arc-repeated-use-of-weak -Wimplicit-retain-self -Wno-non-virtual-dtor -Wno-overloaded-virtual -Wno-exit-time-destructors -Wduplicate-method-match -Wno-missing-braces -Wparentheses -Wswitch -Wunused-function -Wno-unused-label -Wno-unused-parameter -Wunused-variable -Wunused-value -Wempty-body -Wuninitialized -Wconditional-uninitialized -Wno-unknown-pragmas -Wno-shadow -Wno-four-char-constants -Wno-conversion -Wconstant-conversion -Wint-conversion -Wbool-conversion -Wenum-conversion -Wno-float-conversion -Wnon-literal-null-conversion -Wobjc-literal-conversion -Wshorten-64-to-32 -Wno-newline-eof -Wno-selector -Wno-strict-selector-match -Wundeclared-selector -Wdeprecated-implementations -Wno-c++11-extensions -Wno-implicit-fallthrough -fstrict-aliasing -Wprotocol -Wdeprecated-declarations -Winvalid-offsetof -Wno-sign-conversion -Winfinite-recursion -Wmove -Wcomma -Wblock-capture-autoreleasing -Wstrict-prototypes -Wrange-loop-analysis -Wno-semicolon-before-method-body -Wunguarded-availability -index-store-path /Users/momtajhusen/Library/Developer/Xcode/DerivedData/UnderOneRoof-bvjuhnhcwjrvzafftvptbetbcgcq/Index.noindex/DataStore @/Users/momtajhusen/Library/Developer/Xcode/DerivedData/UnderOneRoof-bvjuhnhcwjrvzafftvptbetbcgcq/Build/Intermediates.noindex/Pods.build/Debug-iphonesimulator/ReactCodegen.build/Objects-normal/arm64/af3fcb34312c57c0f52879cdce924b91-common-args.resp -DFOLLY_NO_CONFIG -DFOLLY_MOBILE\=1 -DFOLLY_USE_LIBCPP\=1 -DFOLLY_CFG_NO_COROUTINES\=1 -DFOLLY_HAVE_CLOCK_GETTIME\=1 -Wno-comma -Wno-shorten-64-to-32 -Wno-documentation -Wno-nullability-completeness -std\=c++20 -include /Users/momtajhusen/Desktop/UnderOneRoof/ios/Pods/Target\ Support\ Files/ReactCodegen/ReactCodegen-prefix.pch -MMD -MT dependencies -MF /Users/momtajhusen/Library/Developer/Xcode/DerivedData/UnderOneRoof-bvjuhnhcwjrvzafftvptbetbcgcq/Build/Intermediates.noindex/Pods.build/Debug-iphonesimulator/ReactCodegen.build/Objects-normal/arm64/rngesturehandler_codegen-generated.d --serialize-diagnostics /Users/momtajhusen/Library/Developer/Xcode/DerivedData/UnderOneRoof-bvjuhnhcwjrvzafftvptbetbcgcq/Build/Intermediates.noindex/Pods.build/Debug-iphonesimulator/ReactCodegen.build/Objects-normal/arm64/rngesturehandler_codegen-generated.dia -c /Users/momtajhusen/Desktop/UnderOneRoof/ios/build/generated/ios/rngesturehandler_codegen/rngesturehandler_codegen-generated.mm -o /Users/momtajhusen/Library/Developer/Xcode/DerivedData/UnderOneRoof-bvjuhnhcwjrvzafftvptbetbcgcq/Build/Intermediates.noindex/Pods.build/Debug-iphonesimulator/ReactCodegen.build/Objects-normal/arm64/rngesturehandler_codegen-generated.o -index-unit-output-path /Pods.build/Debug-iphonesimulator/ReactCodegen.build/Objects-normal/arm64/rngesturehandler_codegen-generated.o
error \=non-modular-include-in-framework-module -Wno-trigraphs -Wno-missing-field-initializers -Wno-missing-prototypes -Werror\=return-type -Wdocumentation -Wunreachable-code -Werror\=deprecated-objc-isa-usage -Werror\=objc-root-class -Wno-non-virtual-dtor -Wno-overloaded-virtual -Wno-exit-time-destructors -Wno-missing-braces -Wparentheses -Wswitch -Wunused-function -Wno-unused-label -Wno-unused-parameter -Wunused-variable -Wunused-value -Wempty-body -Wuninitialized -Wconditional-uninitialized -Wno-unknown-pragmas -Wno-shadow -Wno-four-char-constants -Wno-conversion -Wconstant-conversion -Wint-conversion -Wbool-conversion -Wenum-conversion -Wno-float-conversion -Wnon-literal-null-conversion -Wobjc-literal-conversion -Wshorten-64-to-32 -Wno-newline-eof -Wno-c++11-extensions -Wno-implicit-fallthrough -fstrict-aliasing -Wdeprecated-declarations -Winvalid-offsetof -Wno-sign-conversion -Winfinite-recursion -Wmove -Wcomma -Wblock-capture-autoreleasing -Wstrict-prototypes -Wrange-loop-analysis -Wno-semicolon-before-method-body -Wunguarded-availability -index-store-path /Users/momtajhusen/Library/Developer/Xcode/DerivedData/UnderOneRoof-bvjuhnhcwjrvzafftvptbetbcgcq/Index.noindex/DataStore @/Users/momtajhusen/Library/Developer/Xcode/DerivedData/UnderOneRoof-bvjuhnhcwjrvzafftvptbetbcgcq/Build/Intermediates.noindex/Pods.build/Debug-iphonesimulator/ReactCodegen.build/Objects-normal/arm64/82b82416624d2658e5098eb0a28c15c5-common-args.resp -DFOLLY_NO_CONFIG -DFOLLY_MOBILE\=1 -DFOLLY_USE_LIBCPP\=1 -DFOLLY_CFG_NO_COROUTINES\=1 -DFOLLY_HAVE_CLOCK_GETTIME\=1 -Wno-comma -Wno-shorten-64-to-32 -Wno-documentation -Wno-nullability-completeness -std\=c++20 -include /Users/momtajhusen/Desktop/UnderOneRoof/ios/Pods/Target\ Support\ Files/ReactCodegen/ReactCodegen-prefix.pch -MMD -MT dependencies -MF /Users/momtajhusen/Library/Developer/Xcode/DerivedData/UnderOneRoof-bvjuhnhcwjrvzafftvptbetbcgcq/Build/Intermediates.noindex/Pods.build/Debug-iphonesimulator/ReactCodegen.build/Objects-normal/arm64/rnasyncstorageJSI-generated.d --serialize-diagnostics /Users/momtajhusen/Library/Developer/Xcode/DerivedData/UnderOneRoof-bvjuhnhcwjrvzafftvptbetbcgcq/Build/Intermediates.noindex/Pods.build/Debug-iphonesimulator/ReactCodegen.build/Objects-normal/arm64/rnasyncstorageJSI-generated.dia -c /Users/momtajhusen/Desktop/UnderOneRoof/ios/build/generated/ios/rnasyncstorageJSI-generated.cpp -o /Users/momtajhusen/Library/Developer/Xcode/DerivedData/UnderOneRoof-bvjuhnhcwjrvzafftvptbetbcgcq/Build/Intermediates.noindex/Pods.build/Debug-iphonesimulator/ReactCodegen.build/Objects-normal/arm64/rnasyncstorageJSI-generated.o -index-unit-output-path /Pods.build/Debug-iphonesimulator/ReactCodegen.build/Objects-normal/arm64/rnasyncstorageJSI-generated.o
error \=non-modular-include-in-framework-module -Wno-trigraphs -Wno-missing-field-initializers -Wno-missing-prototypes -Werror\=return-type -Wdocumentation -Wunreachable-code -Wno-implicit-atomic-properties -Werror\=deprecated-objc-isa-usage -Wno-objc-interface-ivars -Werror\=objc-root-class -Wno-arc-repeated-use-of-weak -Wimplicit-retain-self -Wno-non-virtual-dtor -Wno-overloaded-virtual -Wno-exit-time-destructors -Wduplicate-method-match -Wno-missing-braces -Wparentheses -Wswitch -Wunused-function -Wno-unused-label -Wno-unused-parameter -Wunused-variable -Wunused-value -Wempty-body -Wuninitialized -Wconditional-uninitialized -Wno-unknown-pragmas -Wno-shadow -Wno-four-char-constants -Wno-conversion -Wconstant-conversion -Wint-conversion -Wbool-conversion -Wenum-conversion -Wno-float-conversion -Wnon-literal-null-conversion -Wobjc-literal-conversion -Wshorten-64-to-32 -Wno-newline-eof -Wno-selector -Wno-strict-selector-match -Wundeclared-selector -Wdeprecated-implementations -Wno-c++11-extensions -Wno-implicit-fallthrough -fstrict-aliasing -Wprotocol -Wdeprecated-declarations -Winvalid-offsetof -Wno-sign-conversion -Winfinite-recursion -Wmove -Wcomma -Wblock-capture-autoreleasing -Wstrict-prototypes -Wrange-loop-analysis -Wno-semicolon-before-method-body -Wunguarded-availability -index-store-path /Users/momtajhusen/Library/Developer/Xcode/DerivedData/UnderOneRoof-bvjuhnhcwjrvzafftvptbetbcgcq/Index.noindex/DataStore @/Users/momtajhusen/Library/Developer/Xcode/DerivedData/UnderOneRoof-bvjuhnhcwjrvzafftvptbetbcgcq/Build/Intermediates.noindex/Pods.build/Debug-iphonesimulator/ReactCodegen.build/Objects-normal/arm64/af3fcb34312c57c0f52879cdce924b91-common-args.resp -DFOLLY_NO_CONFIG -DFOLLY_MOBILE\=1 -DFOLLY_USE_LIBCPP\=1 -DFOLLY_CFG_NO_COROUTINES\=1 -DFOLLY_HAVE_CLOCK_GETTIME\=1 -Wno-comma -Wno-shorten-64-to-32 -Wno-documentation -Wno-nullability-completeness -std\=c++20 -include /Users/momtajhusen/Desktop/UnderOneRoof/ios/Pods/Target\ Support\ Files/ReactCodegen/ReactCodegen-prefix.pch -MMD -MT dependencies -MF /Users/momtajhusen/Library/Developer/Xcode/DerivedData/UnderOneRoof-bvjuhnhcwjrvzafftvptbetbcgcq/Build/Intermediates.noindex/Pods.build/Debug-iphonesimulator/ReactCodegen.build/Objects-normal/arm64/rnasyncstorage-generated.d --serialize-diagnostics /Users/momtajhusen/Library/Developer/Xcode/DerivedData/UnderOneRoof-bvjuhnhcwjrvzafftvptbetbcgcq/Build/Intermediates.noindex/Pods.build/Debug-iphonesimulator/ReactCodegen.build/Objects-normal/arm64/rnasyncstorage-generated.dia -c /Users/momtajhusen/Desktop/UnderOneRoof/ios/build/generated/ios/rnasyncstorage/rnasyncstorage-generated.mm -o /Users/momtajhusen/Library/Developer/Xcode/DerivedData/UnderOneRoof-bvjuhnhcwjrvzafftvptbetbcgcq/Build/Intermediates.noindex/Pods.build/Debug-iphonesimulator/ReactCodegen.build/Objects-normal/arm64/rnasyncstorage-generated.o -index-unit-output-path /Pods.build/Debug-iphonesimulator/ReactCodegen.build/Objects-normal/arm64/rnasyncstorage-generated.o
error \=non-modular-include-in-framework-module -Wno-trigraphs -Wno-missing-field-initializers -Wno-missing-prototypes -Werror\=return-type -Wdocumentation -Wunreachable-code -Werror\=deprecated-objc-isa-usage -Werror\=objc-root-class -Wno-non-virtual-dtor -Wno-overloaded-virtual -Wno-exit-time-destructors -Wno-missing-braces -Wparentheses -Wswitch -Wunused-function -Wno-unused-label -Wno-unused-parameter -Wunused-variable -Wunused-value -Wempty-body -Wuninitialized -Wconditional-uninitialized -Wno-unknown-pragmas -Wno-shadow -Wno-four-char-constants -Wno-conversion -Wconstant-conversion -Wint-conversion -Wbool-conversion -Wenum-conversion -Wno-float-conversion -Wnon-literal-null-conversion -Wobjc-literal-conversion -Wshorten-64-to-32 -Wno-newline-eof -Wno-c++11-extensions -Wno-implicit-fallthrough -fstrict-aliasing -Wdeprecated-declarations -Winvalid-offsetof -Wno-sign-conversion -Winfinite-recursion -Wmove -Wcomma -Wblock-capture-autoreleasing -Wstrict-prototypes -Wrange-loop-analysis -Wno-semicolon-before-method-body -Wunguarded-availability -index-store-path /Users/momtajhusen/Library/Developer/Xcode/DerivedData/UnderOneRoof-bvjuhnhcwjrvzafftvptbetbcgcq/Index.noindex/DataStore @/Users/momtajhusen/Library/Developer/Xcode/DerivedData/UnderOneRoof-bvjuhnhcwjrvzafftvptbetbcgcq/Build/Intermediates.noindex/Pods.build/Debug-iphonesimulator/ReactCodegen.build/Objects-normal/arm64/82b82416624d2658e5098eb0a28c15c5-common-args.resp -DFOLLY_NO_CONFIG -DFOLLY_MOBILE\=1 -DFOLLY_USE_LIBCPP\=1 -DFOLLY_CFG_NO_COROUTINES\=1 -DFOLLY_HAVE_CLOCK_GETTIME\=1 -Wno-comma -Wno-shorten-64-to-32 -Wno-documentation -Wno-nullability-completeness -std\=c++20 -include /Users/momtajhusen/Desktop/UnderOneRoof/ios/Pods/Target\ Support\ Files/ReactCodegen/ReactCodegen-prefix.pch -MMD -MT dependencies -MF /Users/momtajhusen/Library/Developer/Xcode/DerivedData/UnderOneRoof-bvjuhnhcwjrvzafftvptbetbcgcq/Build/Intermediates.noindex/Pods.build/Debug-iphonesimulator/ReactCodegen.build/Objects-normal/arm64/States-f132bad9cc3928041afc519f426fd401.d --serialize-diagnostics /Users/momtajhusen/Library/Developer/Xcode/DerivedData/UnderOneRoof-bvjuhnhcwjrvzafftvptbetbcgcq/Build/Intermediates.noindex/Pods.build/Debug-iphonesimulator/ReactCodegen.build/Objects-normal/arm64/States-f132bad9cc3928041afc519f426fd401.dia -c /Users/momtajhusen/Desktop/UnderOneRoof/ios/build/generated/ios/react/renderer/components/RNCWebViewSpec/States.cpp -o /Users/momtajhusen/Library/Developer/Xcode/DerivedData/UnderOneRoof-bvjuhnhcwjrvzafftvptbetbcgcq/Build/Intermediates.noindex/Pods.build/Debug-iphonesimulator/ReactCodegen.build/Objects-normal/arm64/States-f132bad9cc3928041afc519f426fd401.o -index-unit-output-path /Pods.build/Debug-iphonesimulator/ReactCodegen.build/Objects-normal/arm64/States-f132bad9cc3928041afc519f426fd401.o
error \=non-modular-include-in-framework-module -Wno-trigraphs -Wno-missing-field-initializers -Wno-missing-prototypes -Werror\=return-type -Wdocumentation -Wunreachable-code -Werror\=deprecated-objc-isa-usage -Werror\=objc-root-class -Wno-non-virtual-dtor -Wno-overloaded-virtual -Wno-exit-time-destructors -Wno-missing-braces -Wparentheses -Wswitch -Wunused-function -Wno-unused-label -Wno-unused-parameter -Wunused-variable -Wunused-value -Wempty-body -Wuninitialized -Wconditional-uninitialized -Wno-unknown-pragmas -Wno-shadow -Wno-four-char-constants -Wno-conversion -Wconstant-conversion -Wint-conversion -Wbool-conversion -Wenum-conversion -Wno-float-conversion -Wnon-literal-null-conversion -Wobjc-literal-conversion -Wshorten-64-to-32 -Wno-newline-eof -Wno-c++11-extensions -Wno-implicit-fallthrough -fstrict-aliasing -Wdeprecated-declarations -Winvalid-offsetof -Wno-sign-conversion -Winfinite-recursion -Wmove -Wcomma -Wblock-capture-autoreleasing -Wstrict-prototypes -Wrange-loop-analysis -Wno-semicolon-before-method-body -Wunguarded-availability -index-store-path /Users/momtajhusen/Library/Developer/Xcode/DerivedData/UnderOneRoof-bvjuhnhcwjrvzafftvptbetbcgcq/Index.noindex/DataStore @/Users/momtajhusen/Library/Developer/Xcode/DerivedData/UnderOneRoof-bvjuhnhcwjrvzafftvptbetbcgcq/Build/Intermediates.noindex/Pods.build/Debug-iphonesimulator/ReactCodegen.build/Objects-normal/arm64/82b82416624d2658e5098eb0a28c15c5-common-args.resp -DFOLLY_NO_CONFIG -DFOLLY_MOBILE\=1 -DFOLLY_USE_LIBCPP\=1 -DFOLLY_CFG_NO_COROUTINES\=1 -DFOLLY_HAVE_CLOCK_GETTIME\=1 -Wno-comma -Wno-shorten-64-to-32 -Wno-documentation -Wno-nullability-completeness -std\=c++20 -include /Users/momtajhusen/Desktop/UnderOneRoof/ios/Pods/Target\ Support\ Files/ReactCodegen/ReactCodegen-prefix.pch -MMD -MT dependencies -MF /Users/momtajhusen/Library/Developer/Xcode/DerivedData/UnderOneRoof-bvjuhnhcwjrvzafftvptbetbcgcq/Build/Intermediates.noindex/Pods.build/Debug-iphonesimulator/ReactCodegen.build/Objects-normal/arm64/States-bbb4d3f84fa5fe7fef1371e53208ce67.d --serialize-diagnostics /Users/momtajhusen/Library/Developer/Xcode/DerivedData/UnderOneRoof-bvjuhnhcwjrvzafftvptbetbcgcq/Build/Intermediates.noindex/Pods.build/Debug-iphonesimulator/ReactCodegen.build/Objects-normal/arm64/States-bbb4d3f84fa5fe7fef1371e53208ce67.dia -c /Users/momtajhusen/Desktop/UnderOneRoof/ios/build/generated/ios/react/renderer/components/rnscreens/States.cpp -o /Users/momtajhusen/Library/Developer/Xcode/DerivedData/UnderOneRoof-bvjuhnhcwjrvzafftvptbetbcgcq/Build/Intermediates.noindex/Pods.build/Debug-iphonesimulator/ReactCodegen.build/Objects-normal/arm64/States-bbb4d3f84fa5fe7fef1371e53208ce67.o -index-unit-output-path /Pods.build/Debug-iphonesimulator/ReactCodegen.build/Objects-normal/arm64/States-bbb4d3f84fa5fe7fef1371e53208ce67.o
error \=non-modular-include-in-framework-module -Wno-trigraphs -Wno-missing-field-initializers -Wno-missing-prototypes -Werror\=return-type -Wdocumentation -Wunreachable-code -Werror\=deprecated-objc-isa-usage -Werror\=objc-root-class -Wno-non-virtual-dtor -Wno-overloaded-virtual -Wno-exit-time-destructors -Wno-missing-braces -Wparentheses -Wswitch -Wunused-function -Wno-unused-label -Wno-unused-parameter -Wunused-variable -Wunused-value -Wempty-body -Wuninitialized -Wconditional-uninitialized -Wno-unknown-pragmas -Wno-shadow -Wno-four-char-constants -Wno-conversion -Wconstant-conversion -Wint-conversion -Wbool-conversion -Wenum-conversion -Wno-float-conversion -Wnon-literal-null-conversion -Wobjc-literal-conversion -Wshorten-64-to-32 -Wno-newline-eof -Wno-c++11-extensions -Wno-implicit-fallthrough -fstrict-aliasing -Wdeprecated-declarations -Winvalid-offsetof -Wno-sign-conversion -Winfinite-recursion -Wmove -Wcomma -Wblock-capture-autoreleasing -Wstrict-prototypes -Wrange-loop-analysis -Wno-semicolon-before-method-body -Wunguarded-availability -index-store-path /Users/momtajhusen/Library/Developer/Xcode/DerivedData/UnderOneRoof-bvjuhnhcwjrvzafftvptbetbcgcq/Index.noindex/DataStore @/Users/momtajhusen/Library/Developer/Xcode/DerivedData/UnderOneRoof-bvjuhnhcwjrvzafftvptbetbcgcq/Build/Intermediates.noindex/Pods.build/Debug-iphonesimulator/ReactCodegen.build/Objects-normal/arm64/82b82416624d2658e5098eb0a28c15c5-common-args.resp -DFOLLY_NO_CONFIG -DFOLLY_MOBILE\=1 -DFOLLY_USE_LIBCPP\=1 -DFOLLY_CFG_NO_COROUTINES\=1 -DFOLLY_HAVE_CLOCK_GETTIME\=1 -Wno-comma -Wno-shorten-64-to-32 -Wno-documentation -Wno-nullability-completeness -std\=c++20 -include /Users/momtajhusen/Desktop/UnderOneRoof/ios/Pods/Target\ Support\ Files/ReactCodegen/ReactCodegen-prefix.pch -MMD -MT dependencies -MF /Users/momtajhusen/Library/Developer/Xcode/DerivedData/UnderOneRoof-bvjuhnhcwjrvzafftvptbetbcgcq/Build/Intermediates.noindex/Pods.build/Debug-iphonesimulator/ReactCodegen.build/Objects-normal/arm64/States-b9d957c726d4b231c3c1896f966c38ec.d --serialize-diagnostics /Users/momtajhusen/Library/Developer/Xcode/DerivedData/UnderOneRoof-bvjuhnhcwjrvzafftvptbetbcgcq/Build/Intermediates.noindex/Pods.build/Debug-iphonesimulator/ReactCodegen.build/Objects-normal/arm64/States-b9d957c726d4b231c3c1896f966c38ec.dia -c /Users/momtajhusen/Desktop/UnderOneRoof/ios/build/generated/ios/react/renderer/components/RNDateTimePickerCGen/States.cpp -o /Users/momtajhusen/Library/Developer/Xcode/DerivedData/UnderOneRoof-bvjuhnhcwjrvzafftvptbetbcgcq/Build/Intermediates.noindex/Pods.build/Debug-iphonesimulator/ReactCodegen.build/Objects-normal/arm64/States-b9d957c726d4b231c3c1896f966c38ec.o -index-unit-output-path /Pods.build/Debug-iphonesimulator/ReactCodegen.build/Objects-normal/arm64/States-b9d957c726d4b231c3c1896f966c38ec.o
error \=non-modular-include-in-framework-module -Wno-trigraphs -Wno-missing-field-initializers -Wno-missing-prototypes -Werror\=return-type -Wdocumentation -Wunreachable-code -Werror\=deprecated-objc-isa-usage -Werror\=objc-root-class -Wno-non-virtual-dtor -Wno-overloaded-virtual -Wno-exit-time-destructors -Wno-missing-braces -Wparentheses -Wswitch -Wunused-function -Wno-unused-label -Wno-unused-parameter -Wunused-variable -Wunused-value -Wempty-body -Wuninitialized -Wconditional-uninitialized -Wno-unknown-pragmas -Wno-shadow -Wno-four-char-constants -Wno-conversion -Wconstant-conversion -Wint-conversion -Wbool-conversion -Wenum-conversion -Wno-float-conversion -Wnon-literal-null-conversion -Wobjc-literal-conversion -Wshorten-64-to-32 -Wno-newline-eof -Wno-c++11-extensions -Wno-implicit-fallthrough -fstrict-aliasing -Wdeprecated-declarations -Winvalid-offsetof -Wno-sign-conversion -Winfinite-recursion -Wmove -Wcomma -Wblock-capture-autoreleasing -Wstrict-prototypes -Wrange-loop-analysis -Wno-semicolon-before-method-body -Wunguarded-availability -index-store-path /Users/momtajhusen/Library/Developer/Xcode/DerivedData/UnderOneRoof-bvjuhnhcwjrvzafftvptbetbcgcq/Index.noindex/DataStore @/Users/momtajhusen/Library/Developer/Xcode/DerivedData/UnderOneRoof-bvjuhnhcwjrvzafftvptbetbcgcq/Build/Intermediates.noindex/Pods.build/Debug-iphonesimulator/ReactCodegen.build/Objects-normal/arm64/82b82416624d2658e5098eb0a28c15c5-common-args.resp -DFOLLY_NO_CONFIG -DFOLLY_MOBILE\=1 -DFOLLY_USE_LIBCPP\=1 -DFOLLY_CFG_NO_COROUTINES\=1 -DFOLLY_HAVE_CLOCK_GETTIME\=1 -Wno-comma -Wno-shorten-64-to-32 -Wno-documentation -Wno-nullability-completeness -std\=c++20 -include /Users/momtajhusen/Desktop/UnderOneRoof/ios/Pods/Target\ Support\ Files/ReactCodegen/ReactCodegen-prefix.pch -MMD -MT dependencies -MF /Users/momtajhusen/Library/Developer/Xcode/DerivedData/UnderOneRoof-bvjuhnhcwjrvzafftvptbetbcgcq/Build/Intermediates.noindex/Pods.build/Debug-iphonesimulator/ReactCodegen.build/Objects-normal/arm64/States-8d5a298eb8d1f4e23e27e95c4fc7abd4.d --serialize-diagnostics /Users/momtajhusen/Library/Developer/Xcode/DerivedData/UnderOneRoof-bvjuhnhcwjrvzafftvptbetbcgcq/Build/Intermediates.noindex/Pods.build/Debug-iphonesimulator/ReactCodegen.build/Objects-normal/arm64/States-8d5a298eb8d1f4e23e27e95c4fc7abd4.dia -c /Users/momtajhusen/Desktop/UnderOneRoof/ios/build/generated/ios/react/renderer/components/rnpicker/States.cpp -o /Users/momtajhusen/Library/Developer/Xcode/DerivedData/UnderOneRoof-bvjuhnhcwjrvzafftvptbetbcgcq/Build/Intermediates.noindex/Pods.build/Debug-iphonesimulator/ReactCodegen.build/Objects-normal/arm64/States-8d5a298eb8d1f4e23e27e95c4fc7abd4.o -index-unit-output-path /Pods.build/Debug-iphonesimulator/ReactCodegen.build/Objects-normal/arm64/States-8d5a298eb8d1f4e23e27e95c4fc7abd4.o
error \=non-modular-include-in-framework-module -Wno-trigraphs -Wno-missing-field-initializers -Wno-missing-prototypes -Werror\=return-type -Wdocumentation -Wunreachable-code -Werror\=deprecated-objc-isa-usage -Werror\=objc-root-class -Wno-non-virtual-dtor -Wno-overloaded-virtual -Wno-exit-time-destructors -Wno-missing-braces -Wparentheses -Wswitch -Wunused-function -Wno-unused-label -Wno-unused-parameter -Wunused-variable -Wunused-value -Wempty-body -Wuninitialized -Wconditional-uninitialized -Wno-unknown-pragmas -Wno-shadow -Wno-four-char-constants -Wno-conversion -Wconstant-conversion -Wint-conversion -Wbool-conversion -Wenum-conversion -Wno-float-conversion -Wnon-literal-null-conversion -Wobjc-literal-conversion -Wshorten-64-to-32 -Wno-newline-eof -Wno-c++11-extensions -Wno-implicit-fallthrough -fstrict-aliasing -Wdeprecated-declarations -Winvalid-offsetof -Wno-sign-conversion -Winfinite-recursion -Wmove -Wcomma -Wblock-capture-autoreleasing -Wstrict-prototypes -Wrange-loop-analysis -Wno-semicolon-before-method-body -Wunguarded-availability -index-store-path /Users/momtajhusen/Library/Developer/Xcode/DerivedData/UnderOneRoof-bvjuhnhcwjrvzafftvptbetbcgcq/Index.noindex/DataStore @/Users/momtajhusen/Library/Developer/Xcode/DerivedData/UnderOneRoof-bvjuhnhcwjrvzafftvptbetbcgcq/Build/Intermediates.noindex/Pods.build/Debug-iphonesimulator/ReactCodegen.build/Objects-normal/arm64/82b82416624d2658e5098eb0a28c15c5-common-args.resp -DFOLLY_NO_CONFIG -DFOLLY_MOBILE\=1 -DFOLLY_USE_LIBCPP\=1 -DFOLLY_CFG_NO_COROUTINES\=1 -DFOLLY_HAVE_CLOCK_GETTIME\=1 -Wno-comma -Wno-shorten-64-to-32 -Wno-documentation -Wno-nullability-completeness -std\=c++20 -include /Users/momtajhusen/Desktop/UnderOneRoof/ios/Pods/Target\ Support\ Files/ReactCodegen/ReactCodegen-prefix.pch -MMD -MT dependencies -MF /Users/momtajhusen/Library/Developer/Xcode/DerivedData/UnderOneRoof-bvjuhnhcwjrvzafftvptbetbcgcq/Build/Intermediates.noindex/Pods.build/Debug-iphonesimulator/ReactCodegen.build/Objects-normal/arm64/States-6f1f42812b102967b0fe9b9898471c8d.d --serialize-diagnostics /Users/momtajhusen/Library/Developer/Xcode/DerivedData/UnderOneRoof-bvjuhnhcwjrvzafftvptbetbcgcq/Build/Intermediates.noindex/Pods.build/Debug-iphonesimulator/ReactCodegen.build/Objects-normal/arm64/States-6f1f42812b102967b0fe9b9898471c8d.dia -c /Users/momtajhusen/Desktop/UnderOneRoof/ios/build/generated/ios/react/renderer/components/safeareacontext/States.cpp -o /Users/momtajhusen/Library/Developer/Xcode/DerivedData/UnderOneRoof-bvjuhnhcwjrvzafftvptbetbcgcq/Build/Intermediates.noindex/Pods.build/Debug-iphonesimulator/ReactCodegen.build/Objects-normal/arm64/States-6f1f42812b102967b0fe9b9898471c8d.o -index-unit-output-path /Pods.build/Debug-iphonesimulator/ReactCodegen.build/Objects-normal/arm64/States-6f1f42812b102967b0fe9b9898471c8d.o
error \=non-modular-include-in-framework-module -Wno-trigraphs -Wno-missing-field-initializers -Wno-missing-prototypes -Werror\=return-type -Wdocumentation -Wunreachable-code -Werror\=deprecated-objc-isa-usage -Werror\=objc-root-class -Wno-non-virtual-dtor -Wno-overloaded-virtual -Wno-exit-time-destructors -Wno-missing-braces -Wparentheses -Wswitch -Wunused-function -Wno-unused-label -Wno-unused-parameter -Wunused-variable -Wunused-value -Wempty-body -Wuninitialized -Wconditional-uninitialized -Wno-unknown-pragmas -Wno-shadow -Wno-four-char-constants -Wno-conversion -Wconstant-conversion -Wint-conversion -Wbool-conversion -Wenum-conversion -Wno-float-conversion -Wnon-literal-null-conversion -Wobjc-literal-conversion -Wshorten-64-to-32 -Wno-newline-eof -Wno-c++11-extensions -Wno-implicit-fallthrough -fstrict-aliasing -Wdeprecated-declarations -Winvalid-offsetof -Wno-sign-conversion -Winfinite-recursion -Wmove -Wcomma -Wblock-capture-autoreleasing -Wstrict-prototypes -Wrange-loop-analysis -Wno-semicolon-before-method-body -Wunguarded-availability -index-store-path /Users/momtajhusen/Library/Developer/Xcode/DerivedData/UnderOneRoof-bvjuhnhcwjrvzafftvptbetbcgcq/Index.noindex/DataStore @/Users/momtajhusen/Library/Developer/Xcode/DerivedData/UnderOneRoof-bvjuhnhcwjrvzafftvptbetbcgcq/Build/Intermediates.noindex/Pods.build/Debug-iphonesimulator/ReactCodegen.build/Objects-normal/arm64/82b82416624d2658e5098eb0a28c15c5-common-args.resp -DFOLLY_NO_CONFIG -DFOLLY_MOBILE\=1 -DFOLLY_USE_LIBCPP\=1 -DFOLLY_CFG_NO_COROUTINES\=1 -DFOLLY_HAVE_CLOCK_GETTIME\=1 -Wno-comma -Wno-shorten-64-to-32 -Wno-documentation -Wno-nullability-completeness -std\=c++20 -include /Users/momtajhusen/Desktop/UnderOneRoof/ios/Pods/Target\ Support\ Files/ReactCodegen/ReactCodegen-prefix.pch -MMD -MT dependencies -MF /Users/momtajhusen/Library/Developer/Xcode/DerivedData/UnderOneRoof-bvjuhnhcwjrvzafftvptbetbcgcq/Build/Intermediates.noindex/Pods.build/Debug-iphonesimulator/ReactCodegen.build/Objects-normal/arm64/States-22e467dba3b753718cae671479268c81.d --serialize-diagnostics /Users/momtajhusen/Library/Developer/Xcode/DerivedData/UnderOneRoof-bvjuhnhcwjrvzafftvptbetbcgcq/Build/Intermediates.noindex/Pods.build/Debug-iphonesimulator/ReactCodegen.build/Objects-normal/arm64/States-22e467dba3b753718cae671479268c81.dia -c /Users/momtajhusen/Desktop/UnderOneRoof/ios/build/generated/ios/react/renderer/components/rnpdf/States.cpp -o /Users/momtajhusen/Library/Developer/Xcode/DerivedData/UnderOneRoof-bvjuhnhcwjrvzafftvptbetbcgcq/Build/Intermediates.noindex/Pods.build/Debug-iphonesimulator/ReactCodegen.build/Objects-normal/arm64/States-22e467dba3b753718cae671479268c81.o -index-unit-output-path /Pods.build/Debug-iphonesimulator/ReactCodegen.build/Objects-normal/arm64/States-22e467dba3b753718cae671479268c81.o
error \=non-modular-include-in-framework-module -Wno-trigraphs -Wno-missing-field-initializers -Wno-missing-prototypes -Werror\=return-type -Wdocumentation -Wunreachable-code -Werror\=deprecated-objc-isa-usage -Werror\=objc-root-class -Wno-non-virtual-dtor -Wno-overloaded-virtual -Wno-exit-time-destructors -Wno-missing-braces -Wparentheses -Wswitch -Wunused-function -Wno-unused-label -Wno-unused-parameter -Wunused-variable -Wunused-value -Wempty-body -Wuninitialized -Wconditional-uninitialized -Wno-unknown-pragmas -Wno-shadow -Wno-four-char-constants -Wno-conversion -Wconstant-conversion -Wint-conversion -Wbool-conversion -Wenum-conversion -Wno-float-conversion -Wnon-literal-null-conversion -Wobjc-literal-conversion -Wshorten-64-to-32 -Wno-newline-eof -Wno-c++11-extensions -Wno-implicit-fallthrough -fstrict-aliasing -Wdeprecated-declarations -Winvalid-offsetof -Wno-sign-conversion -Winfinite-recursion -Wmove -Wcomma -Wblock-capture-autoreleasing -Wstrict-prototypes -Wrange-loop-analysis -Wno-semicolon-before-method-body -Wunguarded-availability -index-store-path /Users/momtajhusen/Library/Developer/Xcode/DerivedData/UnderOneRoof-bvjuhnhcwjrvzafftvptbetbcgcq/Index.noindex/DataStore @/Users/momtajhusen/Library/Developer/Xcode/DerivedData/UnderOneRoof-bvjuhnhcwjrvzafftvptbetbcgcq/Build/Intermediates.noindex/Pods.build/Debug-iphonesimulator/ReactCodegen.build/Objects-normal/arm64/82b82416624d2658e5098eb0a28c15c5-common-args.resp -DFOLLY_NO_CONFIG -DFOLLY_MOBILE\=1 -DFOLLY_USE_LIBCPP\=1 -DFOLLY_CFG_NO_COROUTINES\=1 -DFOLLY_HAVE_CLOCK_GETTIME\=1 -Wno-comma -Wno-shorten-64-to-32 -Wno-documentation -Wno-nullability-completeness -std\=c++20 -include /Users/momtajhusen/Desktop/UnderOneRoof/ios/Pods/Target\ Support\ Files/ReactCodegen/ReactCodegen-prefix.pch -MMD -MT dependencies -MF /Users/momtajhusen/Library/Developer/Xcode/DerivedData/UnderOneRoof-bvjuhnhcwjrvzafftvptbetbcgcq/Build/Intermediates.noindex/Pods.build/Debug-iphonesimulator/ReactCodegen.build/Objects-normal/arm64/States-2130f221a0725fe15490ad5a99503ff4.d --serialize-diagnostics /Users/momtajhusen/Library/Developer/Xcode/DerivedData/UnderOneRoof-bvjuhnhcwjrvzafftvptbetbcgcq/Build/Intermediates.noindex/Pods.build/Debug-iphonesimulator/ReactCodegen.build/Objects-normal/arm64/States-2130f221a0725fe15490ad5a99503ff4.dia -c /Users/momtajhusen/Desktop/UnderOneRoof/ios/build/generated/ios/react/renderer/components/rngesturehandler_codegen/States.cpp -o /Users/momtajhusen/Library/Developer/Xcode/DerivedData/UnderOneRoof-bvjuhnhcwjrvzafftvptbetbcgcq/Build/Intermediates.noindex/Pods.build/Debug-iphonesimulator/ReactCodegen.build/Objects-normal/arm64/States-2130f221a0725fe15490ad5a99503ff4.o -index-unit-output-path /Pods.build/Debug-iphonesimulator/ReactCodegen.build/Objects-normal/arm64/States-2130f221a0725fe15490ad5a99503ff4.o
error \=non-modular-include-in-framework-module -Wno-trigraphs -Wno-missing-field-initializers -Wno-missing-prototypes -Werror\=return-type -Wdocumentation -Wunreachable-code -Werror\=deprecated-objc-isa-usage -Werror\=objc-root-class -Wno-non-virtual-dtor -Wno-overloaded-virtual -Wno-exit-time-destructors -Wno-missing-braces -Wparentheses -Wswitch -Wunused-function -Wno-unused-label -Wno-unused-parameter -Wunused-variable -Wunused-value -Wempty-body -Wuninitialized -Wconditional-uninitialized -Wno-unknown-pragmas -Wno-shadow -Wno-four-char-constants -Wno-conversion -Wconstant-conversion -Wint-conversion -Wbool-conversion -Wenum-conversion -Wno-float-conversion -Wnon-literal-null-conversion -Wobjc-literal-conversion -Wshorten-64-to-32 -Wno-newline-eof -Wno-c++11-extensions -Wno-implicit-fallthrough -fstrict-aliasing -Wdeprecated-declarations -Winvalid-offsetof -Wno-sign-conversion -Winfinite-recursion -Wmove -Wcomma -Wblock-capture-autoreleasing -Wstrict-prototypes -Wrange-loop-analysis -Wno-semicolon-before-method-body -Wunguarded-availability -index-store-path /Users/momtajhusen/Library/Developer/Xcode/DerivedData/UnderOneRoof-bvjuhnhcwjrvzafftvptbetbcgcq/Index.noindex/DataStore @/Users/momtajhusen/Library/Developer/Xcode/DerivedData/UnderOneRoof-bvjuhnhcwjrvzafftvptbetbcgcq/Build/Intermediates.noindex/Pods.build/Debug-iphonesimulator/ReactCodegen.build/Objects-normal/arm64/82b82416624d2658e5098eb0a28c15c5-common-args.resp -DFOLLY_NO_CONFIG -DFOLLY_MOBILE\=1 -DFOLLY_USE_LIBCPP\=1 -DFOLLY_CFG_NO_COROUTINES\=1 -DFOLLY_HAVE_CLOCK_GETTIME\=1 -Wno-comma -Wno-shorten-64-to-32 -Wno-documentation -Wno-nullability-completeness -std\=c++20 -include /Users/momtajhusen/Desktop/UnderOneRoof/ios/Pods/Target\ Support\ Files/ReactCodegen/ReactCodegen-prefix.pch -MMD -MT dependencies -MF /Users/momtajhusen/Library/Developer/Xcode/DerivedData/UnderOneRoof-bvjuhnhcwjrvzafftvptbetbcgcq/Build/Intermediates.noindex/Pods.build/Debug-iphonesimulator/ReactCodegen.build/Objects-normal/arm64/ShadowNodes-c694915d05b1f53f7c3ddbf5ba0b80cd.d --serialize-diagnostics /Users/momtajhusen/Library/Developer/Xcode/DerivedData/UnderOneRoof-bvjuhnhcwjrvzafftvptbetbcgcq/Build/Intermediates.noindex/Pods.build/Debug-iphonesimulator/ReactCodegen.build/Objects-normal/arm64/ShadowNodes-c694915d05b1f53f7c3ddbf5ba0b80cd.dia -c /Users/momtajhusen/Desktop/UnderOneRoof/ios/build/generated/ios/react/renderer/components/safeareacontext/ShadowNodes.cpp -o /Users/momtajhusen/Library/Developer/Xcode/DerivedData/UnderOneRoof-bvjuhnhcwjrvzafftvptbetbcgcq/Build/Intermediates.noindex/Pods.build/Debug-iphonesimulator/ReactCodegen.build/Objects-normal/arm64/ShadowNodes-c694915d05b1f53f7c3ddbf5ba0b80cd.o -index-unit-output-path /Pods.build/Debug-iphonesimulator/ReactCodegen.build/Objects-normal/arm64/ShadowNodes-c694915d05b1f53f7c3ddbf5ba0b80cd.o
error \=non-modular-include-in-framework-module -Wno-trigraphs -Wno-missing-field-initializers -Wno-missing-prototypes -Werror\=return-type -Wdocumentation -Wunreachable-code -Werror\=deprecated-objc-isa-usage -Werror\=objc-root-class -Wno-non-virtual-dtor -Wno-overloaded-virtual -Wno-exit-time-destructors -Wno-missing-braces -Wparentheses -Wswitch -Wunused-function -Wno-unused-label -Wno-unused-parameter -Wunused-variable -Wunused-value -Wempty-body -Wuninitialized -Wconditional-uninitialized -Wno-unknown-pragmas -Wno-shadow -Wno-four-char-constants -Wno-conversion -Wconstant-conversion -Wint-conversion -Wbool-conversion -Wenum-conversion -Wno-float-conversion -Wnon-literal-null-conversion -Wobjc-literal-conversion -Wshorten-64-to-32 -Wno-newline-eof -Wno-c++11-extensions -Wno-implicit-fallthrough -fstrict-aliasing -Wdeprecated-declarations -Winvalid-offsetof -Wno-sign-conversion -Winfinite-recursion -Wmove -Wcomma -Wblock-capture-autoreleasing -Wstrict-prototypes -Wrange-loop-analysis -Wno-semicolon-before-method-body -Wunguarded-availability -index-store-path /Users/momtajhusen/Library/Developer/Xcode/DerivedData/UnderOneRoof-bvjuhnhcwjrvzafftvptbetbcgcq/Index.noindex/DataStore @/Users/momtajhusen/Library/Developer/Xcode/DerivedData/UnderOneRoof-bvjuhnhcwjrvzafftvptbetbcgcq/Build/Intermediates.noindex/Pods.build/Debug-iphonesimulator/ReactCodegen.build/Objects-normal/arm64/82b82416624d2658e5098eb0a28c15c5-common-args.resp -DFOLLY_NO_CONFIG -DFOLLY_MOBILE\=1 -DFOLLY_USE_LIBCPP\=1 -DFOLLY_CFG_NO_COROUTINES\=1 -DFOLLY_HAVE_CLOCK_GETTIME\=1 -Wno-comma -Wno-shorten-64-to-32 -Wno-documentation -Wno-nullability-completeness -std\=c++20 -include /Users/momtajhusen/Desktop/UnderOneRoof/ios/Pods/Target\ Support\ Files/ReactCodegen/ReactCodegen-prefix.pch -MMD -MT dependencies -MF /Users/momtajhusen/Library/Developer/Xcode/DerivedData/UnderOneRoof-bvjuhnhcwjrvzafftvptbetbcgcq/Build/Intermediates.noindex/Pods.build/Debug-iphonesimulator/ReactCodegen.build/Objects-normal/arm64/ShadowNodes-c47242379dbcc032421883742c32255f.d --serialize-diagnostics /Users/momtajhusen/Library/Developer/Xcode/DerivedData/UnderOneRoof-bvjuhnhcwjrvzafftvptbetbcgcq/Build/Intermediates.noindex/Pods.build/Debug-iphonesimulator/ReactCodegen.build/Objects-normal/arm64/ShadowNodes-c47242379dbcc032421883742c32255f.dia -c /Users/momtajhusen/Desktop/UnderOneRoof/ios/build/generated/ios/react/renderer/components/RNCWebViewSpec/ShadowNodes.cpp -o /Users/momtajhusen/Library/Developer/Xcode/DerivedData/UnderOneRoof-bvjuhnhcwjrvzafftvptbetbcgcq/Build/Intermediates.noindex/Pods.build/Debug-iphonesimulator/ReactCodegen.build/Objects-normal/arm64/ShadowNodes-c47242379dbcc032421883742c32255f.o -index-unit-output-path /Pods.build/Debug-iphonesimulator/ReactCodegen.build/Objects-normal/arm64/ShadowNodes-c47242379dbcc032421883742c32255f.o
error \=non-modular-include-in-framework-module -Wno-trigraphs -Wno-missing-field-initializers -Wno-missing-prototypes -Werror\=return-type -Wdocumentation -Wunreachable-code -Werror\=deprecated-objc-isa-usage -Werror\=objc-root-class -Wno-non-virtual-dtor -Wno-overloaded-virtual -Wno-exit-time-destructors -Wno-missing-braces -Wparentheses -Wswitch -Wunused-function -Wno-unused-label -Wno-unused-parameter -Wunused-variable -Wunused-value -Wempty-body -Wuninitialized -Wconditional-uninitialized -Wno-unknown-pragmas -Wno-shadow -Wno-four-char-constants -Wno-conversion -Wconstant-conversion -Wint-conversion -Wbool-conversion -Wenum-conversion -Wno-float-conversion -Wnon-literal-null-conversion -Wobjc-literal-conversion -Wshorten-64-to-32 -Wno-newline-eof -Wno-c++11-extensions -Wno-implicit-fallthrough -fstrict-aliasing -Wdeprecated-declarations -Winvalid-offsetof -Wno-sign-conversion -Winfinite-recursion -Wmove -Wcomma -Wblock-capture-autoreleasing -Wstrict-prototypes -Wrange-loop-analysis -Wno-semicolon-before-method-body -Wunguarded-availability -index-store-path /Users/momtajhusen/Library/Developer/Xcode/DerivedData/UnderOneRoof-bvjuhnhcwjrvzafftvptbetbcgcq/Index.noindex/DataStore @/Users/momtajhusen/Library/Developer/Xcode/DerivedData/UnderOneRoof-bvjuhnhcwjrvzafftvptbetbcgcq/Build/Intermediates.noindex/Pods.build/Debug-iphonesimulator/ReactCodegen.build/Objects-normal/arm64/82b82416624d2658e5098eb0a28c15c5-common-args.resp -DFOLLY_NO_CONFIG -DFOLLY_MOBILE\=1 -DFOLLY_USE_LIBCPP\=1 -DFOLLY_CFG_NO_COROUTINES\=1 -DFOLLY_HAVE_CLOCK_GETTIME\=1 -Wno-comma -Wno-shorten-64-to-32 -Wno-documentation -Wno-nullability-completeness -std\=c++20 -include /Users/momtajhusen/Desktop/UnderOneRoof/ios/Pods/Target\ Support\ Files/ReactCodegen/ReactCodegen-prefix.pch -MMD -MT dependencies -MF /Users/momtajhusen/Library/Developer/Xcode/DerivedData/UnderOneRoof-bvjuhnhcwjrvzafftvptbetbcgcq/Build/Intermediates.noindex/Pods.build/Debug-iphonesimulator/ReactCodegen.build/Objects-normal/arm64/ShadowNodes-b1ce20e5d8a38b982892699792536d81.d --serialize-diagnostics /Users/momtajhusen/Library/Developer/Xcode/DerivedData/UnderOneRoof-bvjuhnhcwjrvzafftvptbetbcgcq/Build/Intermediates.noindex/Pods.build/Debug-iphonesimulator/ReactCodegen.build/Objects-normal/arm64/ShadowNodes-b1ce20e5d8a38b982892699792536d81.dia -c /Users/momtajhusen/Desktop/UnderOneRoof/ios/build/generated/ios/react/renderer/components/RNDateTimePickerCGen/ShadowNodes.cpp -o /Users/momtajhusen/Library/Developer/Xcode/DerivedData/UnderOneRoof-bvjuhnhcwjrvzafftvptbetbcgcq/Build/Intermediates